sentence,group,step,stl_formula,label,cosine_sim
"In patients with COVID-19, SARS-CoV-2-specific T-cells appear in peripheral blood within two weeks of symptom onset (31).",2,raw,"eventually[0,14](d_tcells(t) > 0)",,0.413038
"In patients with COVID-19, SARS-CoV-2-specific T-cells appear in peripheral blood within two weeks of symptom onset (31).",2,raw,"eventually[0,14](tcells(t) > c(low))",,0.427858
"In patients with COVID-19, SARS-CoV-2-specific T-cells appear in peripheral blood within two weeks of symptom onset (31).",2,raw,"eventually[0,14](d_tcells(t) > 0)",,0.413038
"In patients with COVID-19, SARS-CoV-2-specific T-cells appear in peripheral blood within two weeks of symptom onset (31).",2,raw,"eventually[0,14](d_tcells(t) > 0)",,0.413038
"In patients with COVID-19, SARS-CoV-2-specific T-cells appear in peripheral blood within two weeks of symptom onset (31).",2,raw,"eventually[0,14](tcells(t) > tcells(0))",,0.343547
"In patients with COVID-19, SARS-CoV-2-specific T-cells appear in peripheral blood within two weeks of symptom onset (31).",2,raw,"eventually[0,14](d_tcells(t) > 0)",,0.413038
"In patients with COVID-19, SARS-CoV-2-specific T-cells appear in peripheral blood within two weeks of symptom onset (31).",2,raw,"eventually[0,14](d_tcells(t) > 0)",,0.413038
"In patients with COVID-19, SARS-CoV-2-specific T-cells appear in peripheral blood within two weeks of symptom onset (31).",2,raw,"eventually[0,14](d_tcells(t) > d_c(low))",,0.392411
"In patients with COVID-19, SARS-CoV-2-specific T-cells appear in peripheral blood within two weeks of symptom onset (31).",2,raw,"eventually[0,14](d_tcells(t) > 0)",,0.413038
"In patients with COVID-19, SARS-CoV-2-specific T-cells appear in peripheral blood within two weeks of symptom onset (31).",2,raw,"eventually[0,14](tcells(t) > c(low))",,0.427858
"In patients with COVID-19, SARS-CoV-2-specific T-cells appear in peripheral blood within two weeks of symptom onset (31).",2,raw,"eventually[0,14](tcells(t) > c(low))",,0.427858
"In patients with COVID-19, SARS-CoV-2-specific T-cells appear in peripheral blood within two weeks of symptom onset (31).",2,raw,"eventually[0,14](d_tcells(t) > 0)",,0.413038
"In patients with COVID-19, SARS-CoV-2-specific T-cells appear in peripheral blood within two weeks of symptom onset (31).",2,raw,"eventually[0,14](tcells(t) > c(high))",,0.432122
"In patients with COVID-19, SARS-CoV-2-specific T-cells appear in peripheral blood within two weeks of symptom onset (31).",2,raw,"eventually[0,14](tcells(t) > c(low))",,0.427858
"In patients with COVID-19, SARS-CoV-2-specific T-cells appear in peripheral blood within two weeks of symptom onset (31).",2,consolidated,"eventually[0,14](tcells(t) > c(low))",1,0.427858
This is the reason that seroconversion (undetectable stage to production of IgM followed by IgG) in 100% of infected people (with positive virus-specific IgG) is achieved 17–19 days after commencement of indications [7].,1,raw,"eventually[17,19]globally(igm(t) > c(low) and igg(t) > c(low))",,0.623148
This is the reason that seroconversion (undetectable stage to production of IgM followed by IgG) in 100% of infected people (with positive virus-specific IgG) is achieved 17–19 days after commencement of indications [7].,1,raw,"eventually[17,19]globally(igm(t) > c(low) and igg(t) > c(low))",,0.623148
This is the reason that seroconversion (undetectable stage to production of IgM followed by IgG) in 100% of infected people (with positive virus-specific IgG) is achieved 17–19 days after commencement of indications [7].,1,raw,"eventually[0,17](igm(t) < c(low) and igg(t) < c(low)) and eventually[17,19]globally(igg(t) > c(low))",,0.599426
This is the reason that seroconversion (undetectable stage to production of IgM followed by IgG) in 100% of infected people (with positive virus-specific IgG) is achieved 17–19 days after commencement of indications [7].,1,raw,"eventually[17,19](igg(t) > c(high))",,0.498016
This is the reason that seroconversion (undetectable stage to production of IgM followed by IgG) in 100% of infected people (with positive virus-specific IgG) is achieved 17–19 days after commencement of indications [7].,1,raw,"eventually[0,17](igm(t) > c(low)) and eventually[17,19]globally(igg(t) > c(low))",,0.561434
This is the reason that seroconversion (undetectable stage to production of IgM followed by IgG) in 100% of infected people (with positive virus-specific IgG) is achieved 17–19 days after commencement of indications [7].,1,raw,"eventually[17,19]globally(igm(t) > igm(0) and igg(t) > igg(0))",,0.598359
This is the reason that seroconversion (undetectable stage to production of IgM followed by IgG) in 100% of infected people (with positive virus-specific IgG) is achieved 17–19 days after commencement of indications [7].,1,raw,"eventually[0,17]globally(d_igm(t) > 0) implies globally[17,19](igg(t) > c(low))",,0.474965
This is the reason that seroconversion (undetectable stage to production of IgM followed by IgG) in 100% of infected people (with positive virus-specific IgG) is achieved 17–19 days after commencement of indications [7].,1,raw,"eventually[17,19]globally(igg(t) > c(low))",,0.499724
This is the reason that seroconversion (undetectable stage to production of IgM followed by IgG) in 100% of infected people (with positive virus-specific IgG) is achieved 17–19 days after commencement of indications [7].,1,raw,"eventually[17,19]globally(igm(t) > c(low) and igg(t) > c(low))",,0.623148
This is the reason that seroconversion (undetectable stage to production of IgM followed by IgG) in 100% of infected people (with positive virus-specific IgG) is achieved 17–19 days after commencement of indications [7].,1,raw,"eventually[17,19]globally(igm(t) > c(low) and igg(t) > c(low))",,0.623148
This is the reason that seroconversion (undetectable stage to production of IgM followed by IgG) in 100% of infected people (with positive virus-specific IgG) is achieved 17–19 days after commencement of indications [7].,1,raw,"eventually[17,19]globally(igm(t) > c(low) and igg(t) > c(low))",,0.623148
This is the reason that seroconversion (undetectable stage to production of IgM followed by IgG) in 100% of infected people (with positive virus-specific IgG) is achieved 17–19 days after commencement of indications [7].,1,raw,"eventually[17,19]globally(igg(t) > c(high))",,0.488738
This is the reason that seroconversion (undetectable stage to production of IgM followed by IgG) in 100% of infected people (with positive virus-specific IgG) is achieved 17–19 days after commencement of indications [7].,1,raw,"eventually[17,19]globally(igg(t) > c(low))",,0.499724
This is the reason that seroconversion (undetectable stage to production of IgM followed by IgG) in 100% of infected people (with positive virus-specific IgG) is achieved 17–19 days after commencement of indications [7].,1,raw,"eventually[17,19](igm(t) > c(low) and igg(t) > c(low))",,0.622595
This is the reason that seroconversion (undetectable stage to production of IgM followed by IgG) in 100% of infected people (with positive virus-specific IgG) is achieved 17–19 days after commencement of indications [7].,1,consolidated,"eventually[17,19]globally(igm(t) > c(low) and igg(t) > c(low))",1,0.623148
"Following day 10, IL-6 remains increased whereas IFN-α tapered.",2,raw,"globally[10,inf](il6(t) > c(mid) and d_ifnα(t) < 0)",,0.846085
"Following day 10, IL-6 remains increased whereas IFN-α tapered.",2,raw,"globally[10,inf](il6(t) > c(high) and d_ifnα(t) < 0)",,0.848168
"Following day 10, IL-6 remains increased whereas IFN-α tapered.",2,raw,"globally[10,inf](il6(t) > il6(0) and d_ifnα(t) < 0)",,0.842642
"Following day 10, IL-6 remains increased whereas IFN-α tapered.",2,raw,"globally[10,inf](il6(t) > il6(0) and d_ifnα(t) < 0)",,0.842642
"Following day 10, IL-6 remains increased whereas IFN-α tapered.",2,raw,"globally[10,inf](il6(t) > c(mid) and d_ifnα(t) < 0)",,0.846085
"Following day 10, IL-6 remains increased whereas IFN-α tapered.",2,raw,"globally[10,inf](il6(t) > c(mid) and d_ifnα(t) < 0)",,0.846085
"Following day 10, IL-6 remains increased whereas IFN-α tapered.",2,raw,"globally[10,inf](il6(t) > il6(10) and d_ifnα(t) < 0)",,0.851056
"Following day 10, IL-6 remains increased whereas IFN-α tapered.",2,raw,"globally[10,inf](il6(t) > c(high) and d_ifnα(t) < 0)",,0.848168
"Following day 10, IL-6 remains increased whereas IFN-α tapered.",2,raw,"globally[10,inf](il6(t) > il6(10) and d_ifnα(t) < 0)",,0.851056
"Following day 10, IL-6 remains increased whereas IFN-α tapered.",2,raw,"globally[10,inf](il6(t) > c(high) and d_ifnα(t) < 0)",,0.848168
"Following day 10, IL-6 remains increased whereas IFN-α tapered.",2,raw,"globally[10,inf](il6(t) > c(mid) and d_ifnα(t) < 0)",,0.846085
"Following day 10, IL-6 remains increased whereas IFN-α tapered.",2,consolidated,"globally[10,inf](il6(t) > c(high) and d_ifnα(t) < 0)",1,0.848168
"Two days postinfection, permissive Vero cells produced high peak titers of 5 x 10^6 TCID_50s/ml and 1 x 10^7 TCID_50s/ml of MERS- and SARS-CoV, respectively (Fig. 1B, panel i).",2,raw,"globally[2,2](merscov(t) = c(high) and sarscov(t) = c(high))",,0.499580
"Two days postinfection, permissive Vero cells produced high peak titers of 5 x 10^6 TCID_50s/ml and 1 x 10^7 TCID_50s/ml of MERS- and SARS-CoV, respectively (Fig. 1B, panel i).",2,raw,"eventually[2,2](merscov(t) = c(high) and sarscov(t) = c(high))",,0.495167
"Two days postinfection, permissive Vero cells produced high peak titers of 5 x 10^6 TCID_50s/ml and 1 x 10^7 TCID_50s/ml of MERS- and SARS-CoV, respectively (Fig. 1B, panel i).",2,consolidated,"globally[2,2](merscov(t) = c(high) and sarscov(t) = c(high))",0,0.499580
"In parallel, stimulation with CpG 2216 also resulted in lower, but clearly detectable, amounts of IFNs.",2,raw,cpg2216(t) > c(mid) implies ifn(t) > c(low),,0.625284
"In parallel, stimulation with CpG 2216 also resulted in lower, but clearly detectable, amounts of IFNs.",2,raw,"eventually[0,inf](cpg2216(t) > c(high) implies ifn(t) > c(low))",,0.588834
"In parallel, stimulation with CpG 2216 also resulted in lower, but clearly detectable, amounts of IFNs.",2,consolidated,cpg2216(t) > c(mid) implies ifn(t) > c(low),1,0.625284
Circulating IL-1α also was not detected (fig. S9F).,2,raw,"globally[0,inf](il1α(t) = c(low))",,0.568957
Circulating IL-1α also was not detected (fig. S9F).,2,raw,"globally[0,inf](il1α(t) = c(low))",,0.568957
Circulating IL-1α also was not detected (fig. S9F).,2,raw,"globally[0,inf](il1α(t) = c(low))",,0.568957
Circulating IL-1α also was not detected (fig. S9F).,2,raw,il1α(t) < c(low),,0.674816
Circulating IL-1α also was not detected (fig. S9F).,2,raw,"globally[0,inf](il1α(t) = c(low))",,0.568957
Circulating IL-1α also was not detected (fig. S9F).,2,raw,"globally[0,inf](il1α(t) = c(low))",,0.568957
Circulating IL-1α also was not detected (fig. S9F).,2,consolidated,"globally[0,inf](il1α(t) = c(low))",1,0.568957
Circulating IL-1α also was not detected (fig. S9F).,2,consolidated,il1α(t) < c(low),1,0.674816
"Monocyte chemotactic factor chemokine(C-C motif) ligand 2 (CCL2) was increased in the blood of infected patients as well as the transcripts of its receptor CCR2; this was associated with low counts of circulating inflammatory monocytes (Fig. 4I), suggesting a role for the CCL2/CCR2 axis in the monocyte chemo-attraction into the inflamed lungs.",0,raw,ccl2(t) > c(mid) and ccr2(t) > c(mid) and monocytes(t) < c(low),,0.634610
"Monocyte chemotactic factor chemokine(C-C motif) ligand 2 (CCL2) was increased in the blood of infected patients as well as the transcripts of its receptor CCR2; this was associated with low counts of circulating inflammatory monocytes (Fig. 4I), suggesting a role for the CCL2/CCR2 axis in the monocyte chemo-attraction into the inflamed lungs.",0,raw,d_ccl2(t) > 0 and d_ccr2(t) > 0 and monocytes(t) < c(low),,0.627280
"Monocyte chemotactic factor chemokine(C-C motif) ligand 2 (CCL2) was increased in the blood of infected patients as well as the transcripts of its receptor CCR2; this was associated with low counts of circulating inflammatory monocytes (Fig. 4I), suggesting a role for the CCL2/CCR2 axis in the monocyte chemo-attraction into the inflamed lungs.",0,raw,d_ccl2(t) > 0 and d_ccr2(t) > 0 and monocytes(t) < c(low),,0.627280
"Monocyte chemotactic factor chemokine(C-C motif) ligand 2 (CCL2) was increased in the blood of infected patients as well as the transcripts of its receptor CCR2; this was associated with low counts of circulating inflammatory monocytes (Fig. 4I), suggesting a role for the CCL2/CCR2 axis in the monocyte chemo-attraction into the inflamed lungs.",0,raw,d_ccl2(t) > 0 and d_ccr2(t) > 0 and monocytes(t) < c(low),,0.627280
"Monocyte chemotactic factor chemokine(C-C motif) ligand 2 (CCL2) was increased in the blood of infected patients as well as the transcripts of its receptor CCR2; this was associated with low counts of circulating inflammatory monocytes (Fig. 4I), suggesting a role for the CCL2/CCR2 axis in the monocyte chemo-attraction into the inflamed lungs.",0,raw,d_ccl2(t) > d_c(low) and d_ccr2(t) > d_c(low) and monocytes(t) < c(low),,0.582866
"Monocyte chemotactic factor chemokine(C-C motif) ligand 2 (CCL2) was increased in the blood of infected patients as well as the transcripts of its receptor CCR2; this was associated with low counts of circulating inflammatory monocytes (Fig. 4I), suggesting a role for the CCL2/CCR2 axis in the monocyte chemo-attraction into the inflamed lungs.",0,consolidated,ccl2(t) > c(mid),1,0.355878
"Monocyte chemotactic factor chemokine(C-C motif) ligand 2 (CCL2) was increased in the blood of infected patients as well as the transcripts of its receptor CCR2; this was associated with low counts of circulating inflammatory monocytes (Fig. 4I), suggesting a role for the CCL2/CCR2 axis in the monocyte chemo-attraction into the inflamed lungs.",0,consolidated,ccr2(t) > c(mid),1,0.405169
"Monocyte chemotactic factor chemokine(C-C motif) ligand 2 (CCL2) was increased in the blood of infected patients as well as the transcripts of its receptor CCR2; this was associated with low counts of circulating inflammatory monocytes (Fig. 4I), suggesting a role for the CCL2/CCR2 axis in the monocyte chemo-attraction into the inflamed lungs.",0,consolidated,monocytes(t) < c(low),1,0.425056
"Then, in the mild group of patients, IP-10 levels declined from week 2 and returned back to normal on week 4.",1,raw,"globally[14,28](d_ip10(t) < 0) and eventually[28,28](ip10(t) = ip10(0))",,0.539441
"Then, in the mild group of patients, IP-10 levels declined from week 2 and returned back to normal on week 4.",1,raw,"globally[14,28](d_ip10(t) < 0) and eventually[28,28](ip10(t) = c(low))",,0.610132
"Then, in the mild group of patients, IP-10 levels declined from week 2 and returned back to normal on week 4.",1,raw,"globally[14,28](d_ip10(t) < 0) and eventually[28,28](ip10(t) = ip10(0))",,0.539441
"Then, in the mild group of patients, IP-10 levels declined from week 2 and returned back to normal on week 4.",1,raw,"globally[14,28](d_ip10(t) < 0) and eventually[28,28](ip10(t) = ip10(0))",,0.539441
"Then, in the mild group of patients, IP-10 levels declined from week 2 and returned back to normal on week 4.",1,raw,"globally[14,28](d_ip10(t) < 0) and eventually[28,28](ip10(t) = ip10(0))",,0.539441
"Then, in the mild group of patients, IP-10 levels declined from week 2 and returned back to normal on week 4.",1,raw,"globally[14,28](d_ip10(t) < 0) and eventually[28,28](ip10(t) = c(low))",,0.610132
"Then, in the mild group of patients, IP-10 levels declined from week 2 and returned back to normal on week 4.",1,raw,"globally[14,28](d_ip10(t) < 0) and eventually[28,28](ip10(t) = c(low))",,0.610132
"Then, in the mild group of patients, IP-10 levels declined from week 2 and returned back to normal on week 4.",1,raw,"globally[14,28](d_ip10(t) < 0) and eventually[28,28](ip10(t) = c(low))",,0.610132
"Then, in the mild group of patients, IP-10 levels declined from week 2 and returned back to normal on week 4.",1,raw,"globally[14,28](d_ip10(t) < 0) and eventually[28,28](ip10(t) = c(low))",,0.610132
"Then, in the mild group of patients, IP-10 levels declined from week 2 and returned back to normal on week 4.",1,raw,"globally[14,28](d_ip10(t) < 0) and eventually[28,28](ip10(t) = c(low))",,0.610132
"Then, in the mild group of patients, IP-10 levels declined from week 2 and returned back to normal on week 4.",1,raw,"globally[14,28](d_ip10(t) < 0) and eventually[28,28]globally(ip10(t) = ip10(0))",,0.539886
"Then, in the mild group of patients, IP-10 levels declined from week 2 and returned back to normal on week 4.",1,raw,"globally[14,28](d_ip10(t) < 0) and eventually[28,28](ip10(t) = c(low))",,0.610132
"Then, in the mild group of patients, IP-10 levels declined from week 2 and returned back to normal on week 4.",1,raw,"globally[14,28](d_ip10(t) < 0) and eventually[28,28](ip10(t) = c(low))",,0.610132
"Then, in the mild group of patients, IP-10 levels declined from week 2 and returned back to normal on week 4.",1,raw,"globally[14,28](d_ip10(t) < 0) and eventually[28,28](ip10(t) = c(low))",,0.610132
"Then, in the mild group of patients, IP-10 levels declined from week 2 and returned back to normal on week 4.",1,raw,"globally[14,28](d_ip10(t) < 0) and eventually[28,28](ip10(t) = ip10(0))",,0.539441
"Then, in the mild group of patients, IP-10 levels declined from week 2 and returned back to normal on week 4.",1,consolidated,"globally[14,28](d_ip10(t) < 0)",1,0.549888
"Then, in the mild group of patients, IP-10 levels declined from week 2 and returned back to normal on week 4.",1,consolidated,"eventually[28,28](ip10(t) = c(low))",1,0.648209
"IP-10 level was significantly elevated in COVID-19 patients in week 1 of onset of symptoms in both mild and severe groups when compared with healthy volunteer controls (P = 1.36 × 10–8 and 4.39 × 10–8, respectively).",2,raw,"globally[0,7](ip10(t) > c(high))",,0.522767
"IP-10 level was significantly elevated in COVID-19 patients in week 1 of onset of symptoms in both mild and severe groups when compared with healthy volunteer controls (P = 1.36 × 10–8 and 4.39 × 10–8, respectively).",2,raw,"globally[0,7](ip10(t) > c(high))",,0.522767
"IP-10 level was significantly elevated in COVID-19 patients in week 1 of onset of symptoms in both mild and severe groups when compared with healthy volunteer controls (P = 1.36 × 10–8 and 4.39 × 10–8, respectively).",2,raw,"globally[0,7](ip10(t) > c(high))",,0.522767
"IP-10 level was significantly elevated in COVID-19 patients in week 1 of onset of symptoms in both mild and severe groups when compared with healthy volunteer controls (P = 1.36 × 10–8 and 4.39 × 10–8, respectively).",2,raw,"globally[0,7](ip10(t) > c(high))",,0.522767
"IP-10 level was significantly elevated in COVID-19 patients in week 1 of onset of symptoms in both mild and severe groups when compared with healthy volunteer controls (P = 1.36 × 10–8 and 4.39 × 10–8, respectively).",2,raw,"globally[0,7](ip10(t) > c(high))",,0.522767
"IP-10 level was significantly elevated in COVID-19 patients in week 1 of onset of symptoms in both mild and severe groups when compared with healthy volunteer controls (P = 1.36 × 10–8 and 4.39 × 10–8, respectively).",2,raw,"globally[0,7](ip10(t) > c(high))",,0.522767
"IP-10 level was significantly elevated in COVID-19 patients in week 1 of onset of symptoms in both mild and severe groups when compared with healthy volunteer controls (P = 1.36 × 10–8 and 4.39 × 10–8, respectively).",2,raw,"globally[0,7](ip10(t) > c(high))",,0.522767
"IP-10 level was significantly elevated in COVID-19 patients in week 1 of onset of symptoms in both mild and severe groups when compared with healthy volunteer controls (P = 1.36 × 10–8 and 4.39 × 10–8, respectively).",2,raw,"globally[0,7](ip10(t) > c(high))",,0.522767
"IP-10 level was significantly elevated in COVID-19 patients in week 1 of onset of symptoms in both mild and severe groups when compared with healthy volunteer controls (P = 1.36 × 10–8 and 4.39 × 10–8, respectively).",2,raw,"globally[0,7](ip10(t) > c(high))",,0.522767
"IP-10 level was significantly elevated in COVID-19 patients in week 1 of onset of symptoms in both mild and severe groups when compared with healthy volunteer controls (P = 1.36 × 10–8 and 4.39 × 10–8, respectively).",2,raw,"globally[0,7](ip10(t) > c(low))",,0.503890
"IP-10 level was significantly elevated in COVID-19 patients in week 1 of onset of symptoms in both mild and severe groups when compared with healthy volunteer controls (P = 1.36 × 10–8 and 4.39 × 10–8, respectively).",2,raw,"globally[0,7](ip10(t) > c(low))",,0.503890
"IP-10 level was significantly elevated in COVID-19 patients in week 1 of onset of symptoms in both mild and severe groups when compared with healthy volunteer controls (P = 1.36 × 10–8 and 4.39 × 10–8, respectively).",2,raw,"globally[0,7](ip10(t) > c(low))",,0.503890
"IP-10 level was significantly elevated in COVID-19 patients in week 1 of onset of symptoms in both mild and severe groups when compared with healthy volunteer controls (P = 1.36 × 10–8 and 4.39 × 10–8, respectively).",2,raw,"globally[0,7](ip10(t) > c(high))",,0.522767
"IP-10 level was significantly elevated in COVID-19 patients in week 1 of onset of symptoms in both mild and severe groups when compared with healthy volunteer controls (P = 1.36 × 10–8 and 4.39 × 10–8, respectively).",2,raw,"globally[0,7](ip10(t) > c(high))",,0.522767
"IP-10 level was significantly elevated in COVID-19 patients in week 1 of onset of symptoms in both mild and severe groups when compared with healthy volunteer controls (P = 1.36 × 10–8 and 4.39 × 10–8, respectively).",2,raw,"globally[0,7](ip10(t) > c(high))",,0.522767
"IP-10 level was significantly elevated in COVID-19 patients in week 1 of onset of symptoms in both mild and severe groups when compared with healthy volunteer controls (P = 1.36 × 10–8 and 4.39 × 10–8, respectively).",2,raw,"globally[0,7](ip10(t) > c(high))",,0.522767
"IP-10 level was significantly elevated in COVID-19 patients in week 1 of onset of symptoms in both mild and severe groups when compared with healthy volunteer controls (P = 1.36 × 10–8 and 4.39 × 10–8, respectively).",2,raw,"globally[0,7](ip10(t) > c(high))",,0.522767
"IP-10 level was significantly elevated in COVID-19 patients in week 1 of onset of symptoms in both mild and severe groups when compared with healthy volunteer controls (P = 1.36 × 10–8 and 4.39 × 10–8, respectively).",2,raw,"globally[0,7](ip10(t) > c(high))",,0.522767
"IP-10 level was significantly elevated in COVID-19 patients in week 1 of onset of symptoms in both mild and severe groups when compared with healthy volunteer controls (P = 1.36 × 10–8 and 4.39 × 10–8, respectively).",2,consolidated,"globally[0,7](ip10(t) > c(high))",1,0.522767
"Significantly higher levels of MCP-1 in severe cases were observed when compared with mild cases at early an time point of the infection (week 1 and 2; P = 0.047 and 8.62 × 10–5, respectively) but not at later time points (week 3 and 4; P = 0.136 and 0.030, respectively, Supplemental Table 1 and Figure 2).",1,raw,"globally[0,14](mcp1(t) > c(high)) and eventually[14,28](mcp1(t) < c(high))",,0.600649
"Significantly higher levels of MCP-1 in severe cases were observed when compared with mild cases at early an time point of the infection (week 1 and 2; P = 0.047 and 8.62 × 10–5, respectively) but not at later time points (week 3 and 4; P = 0.136 and 0.030, respectively, Supplemental Table 1 and Figure 2).",1,raw,"globally[7,14](mcp1(t) > c(high)) and globally[21,28](mcp1(t) < c(high))",,0.616855
"Significantly higher levels of MCP-1 in severe cases were observed when compared with mild cases at early an time point of the infection (week 1 and 2; P = 0.047 and 8.62 × 10–5, respectively) but not at later time points (week 3 and 4; P = 0.136 and 0.030, respectively, Supplemental Table 1 and Figure 2).",1,raw,"globally[0,14](mcp1(t) > c(high)) and globally[14,28](mcp1(t) < c(high))",,0.603259
"Significantly higher levels of MCP-1 in severe cases were observed when compared with mild cases at early an time point of the infection (week 1 and 2; P = 0.047 and 8.62 × 10–5, respectively) but not at later time points (week 3 and 4; P = 0.136 and 0.030, respectively, Supplemental Table 1 and Figure 2).",1,consolidated,"globally[7,14](mcp1(t) > c(high))",1,0.593460
"Significantly higher levels of MCP-1 in severe cases were observed when compared with mild cases at early an time point of the infection (week 1 and 2; P = 0.047 and 8.62 × 10–5, respectively) but not at later time points (week 3 and 4; P = 0.136 and 0.030, respectively, Supplemental Table 1 and Figure 2).",1,consolidated,"globally[21,28](mcp1(t) < c(high))",1,0.596864
We also found that IL-1 receptor antagonist (IL-1RA) levels were elevated in both severe and mild cases and remained at a high level during the 4 weeks of follow-up.,2,raw,"globally[0,28](il1ra(t) > c(high))",,0.551671
We also found that IL-1 receptor antagonist (IL-1RA) levels were elevated in both severe and mild cases and remained at a high level during the 4 weeks of follow-up.,2,raw,"globally[0,28](il1ra(t) > c(high))",,0.551671
We also found that IL-1 receptor antagonist (IL-1RA) levels were elevated in both severe and mild cases and remained at a high level during the 4 weeks of follow-up.,2,raw,"globally[0,28](il1ra(t) > c(high))",,0.551671
We also found that IL-1 receptor antagonist (IL-1RA) levels were elevated in both severe and mild cases and remained at a high level during the 4 weeks of follow-up.,2,raw,"globally[0,28](il1ra(t) > c(high))",,0.551671
We also found that IL-1 receptor antagonist (IL-1RA) levels were elevated in both severe and mild cases and remained at a high level during the 4 weeks of follow-up.,2,raw,"globally[0,28](il1ra(t) > c(high))",,0.551671
We also found that IL-1 receptor antagonist (IL-1RA) levels were elevated in both severe and mild cases and remained at a high level during the 4 weeks of follow-up.,2,raw,"globally[0,28](il1ra(t) > c(high))",,0.551671
We also found that IL-1 receptor antagonist (IL-1RA) levels were elevated in both severe and mild cases and remained at a high level during the 4 weeks of follow-up.,2,raw,"globally[0,28](il1ra(t) > c(high))",,0.551671
We also found that IL-1 receptor antagonist (IL-1RA) levels were elevated in both severe and mild cases and remained at a high level during the 4 weeks of follow-up.,2,raw,"globally[0,28](il1ra(t) > c(high))",,0.551671
We also found that IL-1 receptor antagonist (IL-1RA) levels were elevated in both severe and mild cases and remained at a high level during the 4 weeks of follow-up.,2,raw,"globally[0,28](il1ra(t) > c(high))",,0.551671
We also found that IL-1 receptor antagonist (IL-1RA) levels were elevated in both severe and mild cases and remained at a high level during the 4 weeks of follow-up.,2,raw,"globally[0,28](il1ra(t) > c(high))",,0.551671
We also found that IL-1 receptor antagonist (IL-1RA) levels were elevated in both severe and mild cases and remained at a high level during the 4 weeks of follow-up.,2,raw,"globally[0,28](il1ra(t) > c(high))",,0.551671
We also found that IL-1 receptor antagonist (IL-1RA) levels were elevated in both severe and mild cases and remained at a high level during the 4 weeks of follow-up.,2,raw,"globally[0,28](il1ra(t) > c(high))",,0.551671
We also found that IL-1 receptor antagonist (IL-1RA) levels were elevated in both severe and mild cases and remained at a high level during the 4 weeks of follow-up.,2,raw,"globally[0,28](il1ra(t) > c(high))",,0.551671
We also found that IL-1 receptor antagonist (IL-1RA) levels were elevated in both severe and mild cases and remained at a high level during the 4 weeks of follow-up.,2,raw,"globally[0,28](il1ra(t) > c(high))",,0.551671
We also found that IL-1 receptor antagonist (IL-1RA) levels were elevated in both severe and mild cases and remained at a high level during the 4 weeks of follow-up.,2,raw,"globally[0,28](il1ra(t) > c(high))",,0.551671
We also found that IL-1 receptor antagonist (IL-1RA) levels were elevated in both severe and mild cases and remained at a high level during the 4 weeks of follow-up.,2,raw,"globally[0,28](il1ra(t) > c(high))",,0.551671
We also found that IL-1 receptor antagonist (IL-1RA) levels were elevated in both severe and mild cases and remained at a high level during the 4 weeks of follow-up.,2,raw,"globally[0,28](il1ra(t) > c(high))",,0.551671
We also found that IL-1 receptor antagonist (IL-1RA) levels were elevated in both severe and mild cases and remained at a high level during the 4 weeks of follow-up.,2,raw,"globally[0,28](il1ra(t) > c(high))",,0.551671
We also found that IL-1 receptor antagonist (IL-1RA) levels were elevated in both severe and mild cases and remained at a high level during the 4 weeks of follow-up.,2,consolidated,"globally[0,28](il1ra(t) > c(high))",1,0.551671
"In the first week, RANTES in the mild group (638.62 ± 174.81 pg/mL) was much higher than that in healthy controls (358.36 ± 123.44 pg/mL, P = 1.0 × 10–6) and remained high in mild cases during their recovery phase (630.57 ± 171.00 pg/mL in week 3 and 654.14 ± 162.86 pg/mL in week 4).",1,raw,"globally[0,7](rantes(t) > c(high)) and globally[14,28](rantes(t) > c(high))",,0.518140
"In the first week, RANTES in the mild group (638.62 ± 174.81 pg/mL) was much higher than that in healthy controls (358.36 ± 123.44 pg/mL, P = 1.0 × 10–6) and remained high in mild cases during their recovery phase (630.57 ± 171.00 pg/mL in week 3 and 654.14 ± 162.86 pg/mL in week 4).",1,raw,"globally[0,7](rantes(t) > c(high)) and globally[14,21](rantes(t) > c(high)) and globally[21,28](rantes(t) > c(high))",,0.527402
"In the first week, RANTES in the mild group (638.62 ± 174.81 pg/mL) was much higher than that in healthy controls (358.36 ± 123.44 pg/mL, P = 1.0 × 10–6) and remained high in mild cases during their recovery phase (630.57 ± 171.00 pg/mL in week 3 and 654.14 ± 162.86 pg/mL in week 4).",1,raw,"globally[0,7](rantes(t) > c(high)) and globally[14,28](rantes(t) > c(high))",,0.518140
"In the first week, RANTES in the mild group (638.62 ± 174.81 pg/mL) was much higher than that in healthy controls (358.36 ± 123.44 pg/mL, P = 1.0 × 10–6) and remained high in mild cases during their recovery phase (630.57 ± 171.00 pg/mL in week 3 and 654.14 ± 162.86 pg/mL in week 4).",1,raw,"globally[0,28](rantes(t) = c(high))",,0.478285
"In the first week, RANTES in the mild group (638.62 ± 174.81 pg/mL) was much higher than that in healthy controls (358.36 ± 123.44 pg/mL, P = 1.0 × 10–6) and remained high in mild cases during their recovery phase (630.57 ± 171.00 pg/mL in week 3 and 654.14 ± 162.86 pg/mL in week 4).",1,raw,"globally[0,7](rantes(t) > c(high)) and globally[14,28](rantes(t) > c(high))",,0.518140
"In the first week, RANTES in the mild group (638.62 ± 174.81 pg/mL) was much higher than that in healthy controls (358.36 ± 123.44 pg/mL, P = 1.0 × 10–6) and remained high in mild cases during their recovery phase (630.57 ± 171.00 pg/mL in week 3 and 654.14 ± 162.86 pg/mL in week 4).",1,raw,"globally[0,7](rantes(t) > c(high)) and globally[14,28](rantes(t) > c(high))",,0.518140
"In the first week, RANTES in the mild group (638.62 ± 174.81 pg/mL) was much higher than that in healthy controls (358.36 ± 123.44 pg/mL, P = 1.0 × 10–6) and remained high in mild cases during their recovery phase (630.57 ± 171.00 pg/mL in week 3 and 654.14 ± 162.86 pg/mL in week 4).",1,raw,"globally[0,7](rantes(t) > c(mid)) and globally[14,28](rantes(t) = c(high))",,0.590895
"In the first week, RANTES in the mild group (638.62 ± 174.81 pg/mL) was much higher than that in healthy controls (358.36 ± 123.44 pg/mL, P = 1.0 × 10–6) and remained high in mild cases during their recovery phase (630.57 ± 171.00 pg/mL in week 3 and 654.14 ± 162.86 pg/mL in week 4).",1,raw,"globally[0,7](rantes(t) = c(high)) and globally[14,28](rantes(t) = c(high))",,0.522531
"In the first week, RANTES in the mild group (638.62 ± 174.81 pg/mL) was much higher than that in healthy controls (358.36 ± 123.44 pg/mL, P = 1.0 × 10–6) and remained high in mild cases during their recovery phase (630.57 ± 171.00 pg/mL in week 3 and 654.14 ± 162.86 pg/mL in week 4).",1,raw,"globally[0,7](rantes(t) > c(high)) and globally[14,28](rantes(t) > c(high))",,0.518140
"In the first week, RANTES in the mild group (638.62 ± 174.81 pg/mL) was much higher than that in healthy controls (358.36 ± 123.44 pg/mL, P = 1.0 × 10–6) and remained high in mild cases during their recovery phase (630.57 ± 171.00 pg/mL in week 3 and 654.14 ± 162.86 pg/mL in week 4).",1,raw,"globally[0,7](rantes(t) > c(high)) and globally[14,21](rantes(t) > c(high)) and globally[21,28](rantes(t) > c(high))",,0.527402
"In the first week, RANTES in the mild group (638.62 ± 174.81 pg/mL) was much higher than that in healthy controls (358.36 ± 123.44 pg/mL, P = 1.0 × 10–6) and remained high in mild cases during their recovery phase (630.57 ± 171.00 pg/mL in week 3 and 654.14 ± 162.86 pg/mL in week 4).",1,raw,"globally[0,7](rantes(t) > c(high)) and globally[14,28](rantes(t) > c(high))",,0.518140
"In the first week, RANTES in the mild group (638.62 ± 174.81 pg/mL) was much higher than that in healthy controls (358.36 ± 123.44 pg/mL, P = 1.0 × 10–6) and remained high in mild cases during their recovery phase (630.57 ± 171.00 pg/mL in week 3 and 654.14 ± 162.86 pg/mL in week 4).",1,raw,"globally[0,7](rantes(t) > c(high)) and globally[14,28](rantes(t) > c(high))",,0.518140
"In the first week, RANTES in the mild group (638.62 ± 174.81 pg/mL) was much higher than that in healthy controls (358.36 ± 123.44 pg/mL, P = 1.0 × 10–6) and remained high in mild cases during their recovery phase (630.57 ± 171.00 pg/mL in week 3 and 654.14 ± 162.86 pg/mL in week 4).",1,raw,"globally[0,7](rantes(t) > c(high)) and globally[14,28](rantes(t) > c(high))",,0.518140
"In the first week, RANTES in the mild group (638.62 ± 174.81 pg/mL) was much higher than that in healthy controls (358.36 ± 123.44 pg/mL, P = 1.0 × 10–6) and remained high in mild cases during their recovery phase (630.57 ± 171.00 pg/mL in week 3 and 654.14 ± 162.86 pg/mL in week 4).",1,raw,"globally[0,7](rantes(t) = c(high)) and globally[14,28](rantes(t) = c(high))",,0.522531
"In the first week, RANTES in the mild group (638.62 ± 174.81 pg/mL) was much higher than that in healthy controls (358.36 ± 123.44 pg/mL, P = 1.0 × 10–6) and remained high in mild cases during their recovery phase (630.57 ± 171.00 pg/mL in week 3 and 654.14 ± 162.86 pg/mL in week 4).",1,raw,"globally[0,7](rantes(t) > c(high)) and globally[14,28](rantes(t) > c(high))",,0.518140
"In the first week, RANTES in the mild group (638.62 ± 174.81 pg/mL) was much higher than that in healthy controls (358.36 ± 123.44 pg/mL, P = 1.0 × 10–6) and remained high in mild cases during their recovery phase (630.57 ± 171.00 pg/mL in week 3 and 654.14 ± 162.86 pg/mL in week 4).",1,raw,"globally[0,7](rantes(t) = c(high)) and globally[14,28](rantes(t) = c(high))",,0.522531
"In the first week, RANTES in the mild group (638.62 ± 174.81 pg/mL) was much higher than that in healthy controls (358.36 ± 123.44 pg/mL, P = 1.0 × 10–6) and remained high in mild cases during their recovery phase (630.57 ± 171.00 pg/mL in week 3 and 654.14 ± 162.86 pg/mL in week 4).",1,consolidated,"globally[14,21](rantes(t) > c(high))",1,0.494397
"In the first week, RANTES in the mild group (638.62 ± 174.81 pg/mL) was much higher than that in healthy controls (358.36 ± 123.44 pg/mL, P = 1.0 × 10–6) and remained high in mild cases during their recovery phase (630.57 ± 171.00 pg/mL in week 3 and 654.14 ± 162.86 pg/mL in week 4).",1,consolidated,"globally[21,28](rantes(t) > c(high))",1,0.499830
"In the first week, RANTES in the mild group (638.62 ± 174.81 pg/mL) was much higher than that in healthy controls (358.36 ± 123.44 pg/mL, P = 1.0 × 10–6) and remained high in mild cases during their recovery phase (630.57 ± 171.00 pg/mL in week 3 and 654.14 ± 162.86 pg/mL in week 4).",1,consolidated,"globally[0,7](rantes(t) > c(mid))",1,0.547399
"In the first week, RANTES in the mild group (638.62 ± 174.81 pg/mL) was much higher than that in healthy controls (358.36 ± 123.44 pg/mL, P = 1.0 × 10–6) and remained high in mild cases during their recovery phase (630.57 ± 171.00 pg/mL in week 3 and 654.14 ± 162.86 pg/mL in week 4).",1,consolidated,"globally[14,28](rantes(t) = c(high))",1,0.482981
"No elevation of RANTES was observed in the severe group during the disease progression, suggesting that RANTES may play an important role in protecting COVID-19 patients from developing severe illness (Supplemental Table 1 and Figure 5A).",1,raw,"globally[0,inf](d_rantes(t) = 0)",,0.413245
"No elevation of RANTES was observed in the severe group during the disease progression, suggesting that RANTES may play an important role in protecting COVID-19 patients from developing severe illness (Supplemental Table 1 and Figure 5A).",1,raw,"globally[0,inf](d_rantes(t) < d_c(low))",,0.354132
"No elevation of RANTES was observed in the severe group during the disease progression, suggesting that RANTES may play an important role in protecting COVID-19 patients from developing severe illness (Supplemental Table 1 and Figure 5A).",1,raw,"globally[0, inf](d_rantes(t) = 0)",,0.413245
"No elevation of RANTES was observed in the severe group during the disease progression, suggesting that RANTES may play an important role in protecting COVID-19 patients from developing severe illness (Supplemental Table 1 and Figure 5A).",1,raw,"globally[0,inf](d_rantes(t) < d_c(low))",,0.354132
"No elevation of RANTES was observed in the severe group during the disease progression, suggesting that RANTES may play an important role in protecting COVID-19 patients from developing severe illness (Supplemental Table 1 and Figure 5A).",1,raw,"globally[0,inf](d_rantes(t) = 0)",,0.413245
"No elevation of RANTES was observed in the severe group during the disease progression, suggesting that RANTES may play an important role in protecting COVID-19 patients from developing severe illness (Supplemental Table 1 and Figure 5A).",1,raw,"globally[0,inf](d_rantes(t) = 0)",,0.413245
"No elevation of RANTES was observed in the severe group during the disease progression, suggesting that RANTES may play an important role in protecting COVID-19 patients from developing severe illness (Supplemental Table 1 and Figure 5A).",1,consolidated,"globally[0, inf](d_rantes(t) = 0)",1,0.413245
"We found that IL-6 (P<0.0001), IL-8 (P<0.0001) and TNF-α (P<0.0001) were significantly elevated in COVID-19 serum compared to healthy donor serum or plasma isolated from CAR T cell-treated patients with no CRS (Fig. 1).",1,raw,il6(t) > c(mid) and il8(t) > c(mid) and tnfα(t) > c(mid),,0.575513
"We found that IL-6 (P<0.0001), IL-8 (P<0.0001) and TNF-α (P<0.0001) were significantly elevated in COVID-19 serum compared to healthy donor serum or plasma isolated from CAR T cell-treated patients with no CRS (Fig. 1).",1,raw,il6(t) > c(high) and il8(t) > c(high) and tnfα(t) > c(high),,0.550789
"We found that IL-6 (P<0.0001), IL-8 (P<0.0001) and TNF-α (P<0.0001) were significantly elevated in COVID-19 serum compared to healthy donor serum or plasma isolated from CAR T cell-treated patients with no CRS (Fig. 1).",1,raw,il6(t) > c(low) and il8(t) > c(low) and tnfα(t) > c(low),,0.556188
"We found that IL-6 (P<0.0001), IL-8 (P<0.0001) and TNF-α (P<0.0001) were significantly elevated in COVID-19 serum compared to healthy donor serum or plasma isolated from CAR T cell-treated patients with no CRS (Fig. 1).",1,consolidated,il6(t) > c(mid),1,0.365350
"We found that IL-6 (P<0.0001), IL-8 (P<0.0001) and TNF-α (P<0.0001) were significantly elevated in COVID-19 serum compared to healthy donor serum or plasma isolated from CAR T cell-treated patients with no CRS (Fig. 1).",1,consolidated,il8(t) > c(mid),1,0.299193
"We found that IL-6 (P<0.0001), IL-8 (P<0.0001) and TNF-α (P<0.0001) were significantly elevated in COVID-19 serum compared to healthy donor serum or plasma isolated from CAR T cell-treated patients with no CRS (Fig. 1).",1,consolidated,tnfα(t) > c(mid),1,0.476133
"In line with previous reports, IL-1β levels were mostly low or at the limit of detection of 0.1pg ml−1, even though the assay was able to detect various levels of recombinant control cytokines (Extended Data Fig. 1b).",0,raw,"globally[0,inf](il1β(t) = c(low))",,0.705361
"In line with previous reports, IL-1β levels were mostly low or at the limit of detection of 0.1pg ml−1, even though the assay was able to detect various levels of recombinant control cytokines (Extended Data Fig. 1b).",0,raw,"globally[0,inf](il1β(t) < c(low))",,0.684032
"In line with previous reports, IL-1β levels were mostly low or at the limit of detection of 0.1pg ml−1, even though the assay was able to detect various levels of recombinant control cytokines (Extended Data Fig. 1b).",0,consolidated,"globally[0,inf](il1β(t) = c(low))",1,0.705361
"While specific IgG were never detected in fatally-infected patients, high levels of Ebola virus-specific IgG were found in survivors as soon as the symptoms appeared.",0,raw,"globally[0,inf](igg(t) < c(low)) and eventually[0,inf]globally(igg(t) > c(high))",,0.324337
"While specific IgG were never detected in fatally-infected patients, high levels of Ebola virus-specific IgG were found in survivors as soon as the symptoms appeared.",0,raw,"globally[0, inf](igg(t) < c(low)) and eventually[0, inf]globally(igg(t) > c(high))",,0.324337
"While specific IgG were never detected in fatally-infected patients, high levels of Ebola virus-specific IgG were found in survivors as soon as the symptoms appeared.",0,raw,"globally[0,inf](igg(t) < c(low)) and globally[0,inf](igg(t) > c(high))",,0.301180
"While specific IgG were never detected in fatally-infected patients, high levels of Ebola virus-specific IgG were found in survivors as soon as the symptoms appeared.",0,raw,"globally[0,inf](igg(t) < c(low)) and eventually[0,inf]globally(igg(t) = c(high))",,0.351025
"While specific IgG were never detected in fatally-infected patients, high levels of Ebola virus-specific IgG were found in survivors as soon as the symptoms appeared.",0,raw,"globally[0,inf](igg(t) < c(low)) and eventually[0,inf]globally(igg(t) > c(high))",,0.324337
"While specific IgG were never detected in fatally-infected patients, high levels of Ebola virus-specific IgG were found in survivors as soon as the symptoms appeared.",0,raw,"globally[0,inf](igg(t) < c(low)) and globally[0,inf](igg(t) > c(high))",,0.301180
"While specific IgG were never detected in fatally-infected patients, high levels of Ebola virus-specific IgG were found in survivors as soon as the symptoms appeared.",0,consolidated,"globally[0, inf](igg(t) < c(low))",1,0.400506
"While specific IgG were never detected in fatally-infected patients, high levels of Ebola virus-specific IgG were found in survivors as soon as the symptoms appeared.",0,consolidated,"eventually[0, inf]globally(igg(t) > c(high))",1,0.406283
"While specific IgG were never detected in fatally-infected patients, high levels of Ebola virus-specific IgG were found in survivors as soon as the symptoms appeared.",0,consolidated,"eventually[0,inf]globally(igg(t) = c(high))",1,0.417260
"Finally, IL-10 was barely detectable in survivors, while high and significant levels were found in all patients who died.",1,raw,il10(t) < c(low) implies il10(t) > c(high),,0.602043
"Finally, IL-10 was barely detectable in survivors, while high and significant levels were found in all patients who died.",1,raw,"eventually[0,inf]globally(il10(t) < c(low)) and eventually[0,inf]globally(il10(t) > c(high))",,0.474422
"Finally, IL-10 was barely detectable in survivors, while high and significant levels were found in all patients who died.",1,raw,"eventually[0, inf]globally(il1rn(t) < c(low)) and eventually[0, inf]globally(il1rn(t) > c(high))",,0.271668
"Finally, IL-10 was barely detectable in survivors, while high and significant levels were found in all patients who died.",1,raw,"eventually[0,inf]globally(il10(t) < c(low)) and eventually[0,inf]globally(il10(t) > c(high))",,0.474422
"Finally, IL-10 was barely detectable in survivors, while high and significant levels were found in all patients who died.",1,raw,"eventually[0,inf]globally(il10(t) < c(low) and il10(t) = c(high))",,0.580895
"Finally, IL-10 was barely detectable in survivors, while high and significant levels were found in all patients who died.",1,raw,"eventually[0,inf]globally(il10(t) < c(low)) and eventually[0,inf]globally(il10(t) > c(high))",,0.474422
"Finally, IL-10 was barely detectable in survivors, while high and significant levels were found in all patients who died.",1,raw,"eventually[0,inf]globally(il10(t) < c(low)) and eventually[0,inf]globally(il10(t) > c(high))",,0.474422
"Finally, IL-10 was barely detectable in survivors, while high and significant levels were found in all patients who died.",1,raw,"eventually[0,inf]globally(il10(t) < c(low)) and eventually[0,inf]globally(il10(t) > c(high))",,0.474422
"Finally, IL-10 was barely detectable in survivors, while high and significant levels were found in all patients who died.",1,consolidated,il10(t) < c(low) implies il10(t) > c(high),0,0.602043
"In fatalities, neopterin plasma concentrations increased markedly during the 5 days before death, and were significantly higher than those measured in survivors.",1,raw,"globally[0,5](d_neopterin(t) > d_c(high) and neopterin(t) > c(high))",,0.647377
"In fatalities, neopterin plasma concentrations increased markedly during the 5 days before death, and were significantly higher than those measured in survivors.",1,raw,"globally[0,5](d_neopterin(t) > d_c(high) and neopterin(t) > c(high))",,0.647377
"In fatalities, neopterin plasma concentrations increased markedly during the 5 days before death, and were significantly higher than those measured in survivors.",1,raw,"globally[0,5](d_neopterin(t) > d_c(high) and neopterin(t) > c(high))",,0.647377
"In fatalities, neopterin plasma concentrations increased markedly during the 5 days before death, and were significantly higher than those measured in survivors.",1,raw,"globally[0,5](d_neopterin(t) = d_c(high) and neopterin(t) > c(high))",,0.665438
"In fatalities, neopterin plasma concentrations increased markedly during the 5 days before death, and were significantly higher than those measured in survivors.",1,raw,"globally[0,5](d_neopterin(t) = d_c(high) and neopterin(t) > c(high))",,0.665438
"In fatalities, neopterin plasma concentrations increased markedly during the 5 days before death, and were significantly higher than those measured in survivors.",1,raw,"globally[0,5](d_neopterin(t) = d_c(high) and neopterin(t) > c(high))",,0.665438
"In fatalities, neopterin plasma concentrations increased markedly during the 5 days before death, and were significantly higher than those measured in survivors.",1,consolidated,"globally[0,5](d_neopterin(t) = d_c(high) and neopterin(t) > c(high))",1,0.665438
"High levels of IL-6 and, particularly, detection of IL-1b in the plasma of patients during the symptomatic phase could represent markers of non-fatal Ebola virus infection.",0,raw,"globally[0,inf](il6(t) > c(high) and il1β(t) > c(low))",,0.544449
"High levels of IL-6 and, particularly, detection of IL-1b in the plasma of patients during the symptomatic phase could represent markers of non-fatal Ebola virus infection.",0,consolidated,"globally[0,inf](il6(t) > c(high) and il1β(t) > c(low))",1,0.544449
"We noted an increase in TNF-α converting enzyme/α-disintegrin and metalloproteinase (ADAM)-17 at days 4 to 6 after infection, peaking at an average 3.1-fold increase above baseline at day 5 after infection.",2,raw,"globally[4,6](d_adam17(t) > 0) and eventually[5,5](d_adam17(t) = 0)",,0.395150
"We noted an increase in TNF-α converting enzyme/α-disintegrin and metalloproteinase (ADAM)-17 at days 4 to 6 after infection, peaking at an average 3.1-fold increase above baseline at day 5 after infection.",2,raw,"globally[4,6](d_adam17(t) > 0) and adam17(t) > adam17(0) and eventually[5,5](d_adam17(t) = 0)",,0.387800
"We noted an increase in TNF-α converting enzyme/α-disintegrin and metalloproteinase (ADAM)-17 at days 4 to 6 after infection, peaking at an average 3.1-fold increase above baseline at day 5 after infection.",2,raw,"globally[4,6](d_adam17(t) > 0) and eventually[5,5](adam17(t) = c(high) and d_adam17(t) = 0)",,0.407975
"We noted an increase in TNF-α converting enzyme/α-disintegrin and metalloproteinase (ADAM)-17 at days 4 to 6 after infection, peaking at an average 3.1-fold increase above baseline at day 5 after infection.",2,consolidated,"globally[4,6](d_adam17(t) > 0)",1,0.463376
"We noted an increase in TNF-α converting enzyme/α-disintegrin and metalloproteinase (ADAM)-17 at days 4 to 6 after infection, peaking at an average 3.1-fold increase above baseline at day 5 after infection.",2,consolidated,"eventually[5,5](adam17(t) = c(high) and d_adam17(t) = 0)",1,0.425659
"IL-1β, which was highly induced at later stages of infection (Figure 2), was initially repressed on the first day after infection.",1,raw,"globally[0,1](il1β(t) < c(mid)) and eventually[1,inf]globally(il1β(t) > c(high))",,0.676099
"IL-1β, which was highly induced at later stages of infection (Figure 2), was initially repressed on the first day after infection.",1,raw,"globally[0,1](il1β(t) < c(low)) and eventually[1,inf](il1β(t) > c(high))",,0.667310
"IL-1β, which was highly induced at later stages of infection (Figure 2), was initially repressed on the first day after infection.",1,raw,"globally[0,1](il1β(t) < c(low)) and eventually[1,inf](il1β(t) > c(high))",,0.667310
"IL-1β, which was highly induced at later stages of infection (Figure 2), was initially repressed on the first day after infection.",1,raw,"globally[0,1](il1β(t) < c(low)) and eventually[1,inf](il1β(t) > c(high))",,0.667310
"IL-1β, which was highly induced at later stages of infection (Figure 2), was initially repressed on the first day after infection.",1,raw,"globally[0,1](il1β(t) < c(low)) and eventually[1,inf]globally(il1β(t) > c(high))",,0.660560
"IL-1β, which was highly induced at later stages of infection (Figure 2), was initially repressed on the first day after infection.",1,raw,"globally[0,1](il1β(t) < c(low)) and eventually[1,inf]globally(il1β(t) > c(high))",,0.660560
"IL-1β, which was highly induced at later stages of infection (Figure 2), was initially repressed on the first day after infection.",1,raw,"globally[0,1](il1β(t) < c(low)) and eventually[1,inf]globally(il1β(t) > c(high))",,0.660560
"IL-1β, which was highly induced at later stages of infection (Figure 2), was initially repressed on the first day after infection.",1,consolidated,"globally[0,1](il1β(t) < c(mid))",1,0.669730
"IL-1β, which was highly induced at later stages of infection (Figure 2), was initially repressed on the first day after infection.",1,consolidated,"eventually[1,inf](il1β(t) > c(high))",1,0.721926
The initial innate immune response is restricted due to inhibition of the interferon (IFN) response and allows extensive virus replication and spread during a clinically silent latent period of 10–14 days.,0,raw,"globally[10,14](ifn(t) = c(low) and d_virus(t) = d_c(high))",,0.464589
The initial innate immune response is restricted due to inhibition of the interferon (IFN) response and allows extensive virus replication and spread during a clinically silent latent period of 10–14 days.,0,raw,"globally[0,14](ifn(t) < c(low) and d_virus(t) > d_c(high))",,0.454511
The initial innate immune response is restricted due to inhibition of the interferon (IFN) response and allows extensive virus replication and spread during a clinically silent latent period of 10–14 days.,0,raw,"globally[10,14](ifn(t) < c(low) and d_virus(t) > d_c(high))",,0.463286
The initial innate immune response is restricted due to inhibition of the interferon (IFN) response and allows extensive virus replication and spread during a clinically silent latent period of 10–14 days.,0,raw,"globally[10,14](ifn(t) < c(low) and d_virus(t) > d_c(high))",,0.463286
The initial innate immune response is restricted due to inhibition of the interferon (IFN) response and allows extensive virus replication and spread during a clinically silent latent period of 10–14 days.,0,raw,"globally[10,14](ifn(t) < c(low) and d_virus(t) > d_c(high))",,0.463286
The initial innate immune response is restricted due to inhibition of the interferon (IFN) response and allows extensive virus replication and spread during a clinically silent latent period of 10–14 days.,0,raw,"globally[10,14](ifn(t) < c(low) and d_virus(t) > d_c(high))",,0.463286
The initial innate immune response is restricted due to inhibition of the interferon (IFN) response and allows extensive virus replication and spread during a clinically silent latent period of 10–14 days.,0,raw,"globally[0,14](ifn(t) < c(low) and d_virus(t) > d_c(high))",,0.454511
The initial innate immune response is restricted due to inhibition of the interferon (IFN) response and allows extensive virus replication and spread during a clinically silent latent period of 10–14 days.,0,raw,"globally[0,14](ifn(t) = c(low) and d_virus(t) = d_c(high))",,0.456556
The initial innate immune response is restricted due to inhibition of the interferon (IFN) response and allows extensive virus replication and spread during a clinically silent latent period of 10–14 days.,0,raw,"globally[10,14](ifn(t) < c(low) and d_virus(t) > d_c(high))",,0.463286
The initial innate immune response is restricted due to inhibition of the interferon (IFN) response and allows extensive virus replication and spread during a clinically silent latent period of 10–14 days.,0,raw,"globally[10,14](ifn(t) < c(low) and d_virus(t) > d_c(high))",,0.463286
The initial innate immune response is restricted due to inhibition of the interferon (IFN) response and allows extensive virus replication and spread during a clinically silent latent period of 10–14 days.,0,consolidated,"globally[10,14](ifn(t) = c(low) and d_virus(t) = d_c(high))",1,0.464589
The initial innate immune response is restricted due to inhibition of the interferon (IFN) response and allows extensive virus replication and spread during a clinically silent latent period of 10–14 days.,0,consolidated,"globally[10,14](ifn(t) < c(low) and d_virus(t) > d_c(high))",1,0.463286
"After an initial peak at 7–10 days (during the viremia when infectious virus can be recovered), there is a period of rapid decline coincident with clearance of infectious virus (10–14 days), followed by a rebound with up to a 10-fold increase in RNA levels (14–24 days) and then a slow decline (24–60 days) to an undetectable level.",0,raw,"eventually[7,10](virus(t) = c(high)) and globally[10,14](d_virus(t) < -d_c(high)) and eventually[14,24](d_virus(t) > d_c(high)) and globally[24,60](d_virus(t) < -d_c(low)) and eventually[60,60](virus(t) = c(low))",,0.695914
"After an initial peak at 7–10 days (during the viremia when infectious virus can be recovered), there is a period of rapid decline coincident with clearance of infectious virus (10–14 days), followed by a rebound with up to a 10-fold increase in RNA levels (14–24 days) and then a slow decline (24–60 days) to an undetectable level.",0,raw,"globally[7,10](d_virus(t) = 0) and globally[10,14](d_virus(t) < -d_c(high)) and eventually[14,24](d_virus(t) > d_c(high) and virus(t) > virus(14)) and eventually[24,60](d_virus(t) < -d_c(low) and virus(t) < c(low))",,0.655699
"After an initial peak at 7–10 days (during the viremia when infectious virus can be recovered), there is a period of rapid decline coincident with clearance of infectious virus (10–14 days), followed by a rebound with up to a 10-fold increase in RNA levels (14–24 days) and then a slow decline (24–60 days) to an undetectable level.",0,raw,"eventually[7,10](d_virus(t) = 0) and globally[10,14](d_virus(t) < -d_c(high)) and eventually[14,24](d_virus(t) > d_c(high)) and globally[24,60](d_virus(t) = -d_c(low)) and eventually[60,inf]globally(virus(t) = c(low))",,0.682109
"After an initial peak at 7–10 days (during the viremia when infectious virus can be recovered), there is a period of rapid decline coincident with clearance of infectious virus (10–14 days), followed by a rebound with up to a 10-fold increase in RNA levels (14–24 days) and then a slow decline (24–60 days) to an undetectable level.",0,consolidated,"eventually[7,10](virus(t) = c(high))",1,0.635308
"After an initial peak at 7–10 days (during the viremia when infectious virus can be recovered), there is a period of rapid decline coincident with clearance of infectious virus (10–14 days), followed by a rebound with up to a 10-fold increase in RNA levels (14–24 days) and then a slow decline (24–60 days) to an undetectable level.",0,consolidated,"eventually[60,60](virus(t) = c(low))",1,0.658268
"After an initial peak at 7–10 days (during the viremia when infectious virus can be recovered), there is a period of rapid decline coincident with clearance of infectious virus (10–14 days), followed by a rebound with up to a 10-fold increase in RNA levels (14–24 days) and then a slow decline (24–60 days) to an undetectable level.",0,consolidated,"globally[10,14](d_virus(t) < -d_c(high))",1,0.663812
"After an initial peak at 7–10 days (during the viremia when infectious virus can be recovered), there is a period of rapid decline coincident with clearance of infectious virus (10–14 days), followed by a rebound with up to a 10-fold increase in RNA levels (14–24 days) and then a slow decline (24–60 days) to an undetectable level.",0,consolidated,"eventually[14,24](d_virus(t) > d_c(high))",1,0.637927
"After an initial peak at 7–10 days (during the viremia when infectious virus can be recovered), there is a period of rapid decline coincident with clearance of infectious virus (10–14 days), followed by a rebound with up to a 10-fold increase in RNA levels (14–24 days) and then a slow decline (24–60 days) to an undetectable level.",0,consolidated,"globally[24,60](d_virus(t) < -d_c(low))",1,0.673167
We have previously shown that EBOV-specific IgG starts to emerge 3±4 weeks after initial exposure and reaches moderate titres 1 month later.,2,raw,"eventually[21,49](d_igg(t) > d_c(low)) and eventually[51,69](igg(t) = c(mid))",,0.502969
We have previously shown that EBOV-specific IgG starts to emerge 3±4 weeks after initial exposure and reaches moderate titres 1 month later.,2,raw,"eventually[21,49](d_igg(t) > 0) and eventually[51,79](igg(t) = c(mid))",,0.535803
We have previously shown that EBOV-specific IgG starts to emerge 3±4 weeks after initial exposure and reaches moderate titres 1 month later.,2,raw,"eventually[21,49](d_igg(t) > 0) and eventually[51,79](igg(t) = c(mid))",,0.535803
We have previously shown that EBOV-specific IgG starts to emerge 3±4 weeks after initial exposure and reaches moderate titres 1 month later.,2,raw,"eventually[21,49](d_igg(t) > d_c(low)) and eventually[51,79](igg(t) = c(mid))",,0.506873
We have previously shown that EBOV-specific IgG starts to emerge 3±4 weeks after initial exposure and reaches moderate titres 1 month later.,2,raw,"eventually[21,49](d_igg(t) > d_c(low)) and eventually[49,77](igg(t) = c(mid))",,0.503244
We have previously shown that EBOV-specific IgG starts to emerge 3±4 weeks after initial exposure and reaches moderate titres 1 month later.,2,raw,"eventually[21,49](d_igg(t) > 0) and eventually[49,77](igg(t) = c(mid))",,0.530001
We have previously shown that EBOV-specific IgG starts to emerge 3±4 weeks after initial exposure and reaches moderate titres 1 month later.,2,raw,"eventually[21,49](d_igg(t) > d_c(low)) and eventually[49,77](igg(t) = c(mid))",,0.503244
We have previously shown that EBOV-specific IgG starts to emerge 3±4 weeks after initial exposure and reaches moderate titres 1 month later.,2,raw,"eventually[21,49](d_igg(t) > d_c(low)) and eventually[49,77](igg(t) = c(mid))",,0.503244
We have previously shown that EBOV-specific IgG starts to emerge 3±4 weeks after initial exposure and reaches moderate titres 1 month later.,2,raw,"eventually[21,49](d_igg(t) > 0) and eventually[51,79](igg(t) = c(mid))",,0.535803
We have previously shown that EBOV-specific IgG starts to emerge 3±4 weeks after initial exposure and reaches moderate titres 1 month later.,2,raw,"eventually[21,49](d_igg(t) > 0) and eventually[51,79](igg(t) = c(mid))",,0.535803
We have previously shown that EBOV-specific IgG starts to emerge 3±4 weeks after initial exposure and reaches moderate titres 1 month later.,2,raw,"eventually[21,28](d_igg(t) > 0) and eventually[51,58](igg(t) = c(mid))",,0.533617
We have previously shown that EBOV-specific IgG starts to emerge 3±4 weeks after initial exposure and reaches moderate titres 1 month later.,2,raw,"eventually[21,28](d_igg(t) > d_c(low)) and eventually[51,58](igg(t) = c(mid))",,0.504678
We have previously shown that EBOV-specific IgG starts to emerge 3±4 weeks after initial exposure and reaches moderate titres 1 month later.,2,consolidated,"eventually[21,49](d_igg(t) > 0)",1,0.545849
We have previously shown that EBOV-specific IgG starts to emerge 3±4 weeks after initial exposure and reaches moderate titres 1 month later.,2,consolidated,"eventually[51,79](igg(t) = c(mid))",0,0.466176
"Expression of IFNγ mRNA increased at the same time as the other cytokines (i.e. 9 days after initial exposure), but only declined in the final samples (more than 3 weeks after initial exposure) (Fig. 4a).",2,raw,"eventually[9,9](d_ifnγ(t) > 0) and globally[21,inf](d_ifnγ(t) < 0)",,0.510429
"Expression of IFNγ mRNA increased at the same time as the other cytokines (i.e. 9 days after initial exposure), but only declined in the final samples (more than 3 weeks after initial exposure) (Fig. 4a).",2,raw,"eventually[9,9](d_ifnγ(t) > 0) and globally[21,inf](d_ifnγ(t) < 0)",,0.510429
"Expression of IFNγ mRNA increased at the same time as the other cytokines (i.e. 9 days after initial exposure), but only declined in the final samples (more than 3 weeks after initial exposure) (Fig. 4a).",2,raw,"eventually[9,9](d_ifnγ(t) > d_c(high)) and globally[21,inf](d_ifnγ(t) < -d_c(low))",,0.528955
"Expression of IFNγ mRNA increased at the same time as the other cytokines (i.e. 9 days after initial exposure), but only declined in the final samples (more than 3 weeks after initial exposure) (Fig. 4a).",2,raw,"globally[9,9](d_ifnγ(t) > 0) and eventually[21,inf]globally(d_ifnγ(t) < 0)",,0.511394
"Expression of IFNγ mRNA increased at the same time as the other cytokines (i.e. 9 days after initial exposure), but only declined in the final samples (more than 3 weeks after initial exposure) (Fig. 4a).",2,raw,"eventually[9,9](d_ifnγ(t) > 0) and globally[9,21](d_ifnγ(t) = 0) and eventually[21,inf](d_ifnγ(t) < 0)",,0.516972
"Expression of IFNγ mRNA increased at the same time as the other cytokines (i.e. 9 days after initial exposure), but only declined in the final samples (more than 3 weeks after initial exposure) (Fig. 4a).",2,raw,"eventually[9,9](d_ifnγ(t) > 0) and globally[21,inf](d_ifnγ(t) < 0)",,0.510429
"Expression of IFNγ mRNA increased at the same time as the other cytokines (i.e. 9 days after initial exposure), but only declined in the final samples (more than 3 weeks after initial exposure) (Fig. 4a).",2,raw,"globally[9,9](d_ifnγ(t) > 0) and eventually[21,inf](d_ifnγ(t) < 0)",,0.505515
"Expression of IFNγ mRNA increased at the same time as the other cytokines (i.e. 9 days after initial exposure), but only declined in the final samples (more than 3 weeks after initial exposure) (Fig. 4a).",2,consolidated,"eventually[9,9](d_ifnγ(t) > 0)",1,0.556677
"Expression of IFNγ mRNA increased at the same time as the other cytokines (i.e. 9 days after initial exposure), but only declined in the final samples (more than 3 weeks after initial exposure) (Fig. 4a).",2,consolidated,"globally[9,21](d_ifnγ(t) = 0)",0,0.481116
"Expression of IFNγ mRNA increased at the same time as the other cytokines (i.e. 9 days after initial exposure), but only declined in the final samples (more than 3 weeks after initial exposure) (Fig. 4a).",2,consolidated,"eventually[21,inf](d_ifnγ(t) < 0)",1,0.536441
"We therefore first investigated B-cell dynamics via staining CD19, CD24 and CD38 (Fig. 4a) and observed a peak in the number of plasmablasts (CD19+ CD24− CD38+) at day 7 (Fig. 4b).",0,raw,"eventually[7,7](d_bcells(t) = 0)",,0.533589
"We therefore first investigated B-cell dynamics via staining CD19, CD24 and CD38 (Fig. 4a) and observed a peak in the number of plasmablasts (CD19+ CD24− CD38+) at day 7 (Fig. 4b).",0,raw,"globally[7,7](d_bcells(t) = 0)",,0.519128
"We therefore first investigated B-cell dynamics via staining CD19, CD24 and CD38 (Fig. 4a) and observed a peak in the number of plasmablasts (CD19+ CD24− CD38+) at day 7 (Fig. 4b).",0,raw,"eventually[7,7](bcells(t) = c(high) and d_bcells(t) = 0)",,0.568953
"We therefore first investigated B-cell dynamics via staining CD19, CD24 and CD38 (Fig. 4a) and observed a peak in the number of plasmablasts (CD19+ CD24− CD38+) at day 7 (Fig. 4b).",0,raw,"eventually[7,7](d_bcells(t) = 0)",,0.533589
"We therefore first investigated B-cell dynamics via staining CD19, CD24 and CD38 (Fig. 4a) and observed a peak in the number of plasmablasts (CD19+ CD24− CD38+) at day 7 (Fig. 4b).",0,raw,"eventually[7,7](d_bcells(t) = 0)",,0.533589
"We therefore first investigated B-cell dynamics via staining CD19, CD24 and CD38 (Fig. 4a) and observed a peak in the number of plasmablasts (CD19+ CD24− CD38+) at day 7 (Fig. 4b).",0,consolidated,"eventually[7,7](bcells(t) = c(high) and d_bcells(t) = 0)",1,0.568953
"In line with the cytokine responses, expression of CD107a by CD8+ T cells was increased at day 56 post vaccination in the highest dose cohort following stimulation with Ebola GP OLP-pools (Fig. 6a).",0,raw,"eventually[56,56](cd107a(t) > c(low))",,0.317091
"In line with the cytokine responses, expression of CD107a by CD8+ T cells was increased at day 56 post vaccination in the highest dose cohort following stimulation with Ebola GP OLP-pools (Fig. 6a).",0,raw,"eventually[56,56](d_cd107a(t) > 0)",,0.415039
"In line with the cytokine responses, expression of CD107a by CD8+ T cells was increased at day 56 post vaccination in the highest dose cohort following stimulation with Ebola GP OLP-pools (Fig. 6a).",0,raw,"eventually[56,56](cd107a(t) > cd107a(0))",,0.334858
"In line with the cytokine responses, expression of CD107a by CD8+ T cells was increased at day 56 post vaccination in the highest dose cohort following stimulation with Ebola GP OLP-pools (Fig. 6a).",0,raw,"eventually[56,56](cd107a(t) > c(high))",,0.344389
"In line with the cytokine responses, expression of CD107a by CD8+ T cells was increased at day 56 post vaccination in the highest dose cohort following stimulation with Ebola GP OLP-pools (Fig. 6a).",0,raw,"globally[56,56](cd107a(t) > c(low))",,0.321512
"In line with the cytokine responses, expression of CD107a by CD8+ T cells was increased at day 56 post vaccination in the highest dose cohort following stimulation with Ebola GP OLP-pools (Fig. 6a).",0,raw,"eventually[56,56](cd107a(t) > c(high))",,0.344389
"In line with the cytokine responses, expression of CD107a by CD8+ T cells was increased at day 56 post vaccination in the highest dose cohort following stimulation with Ebola GP OLP-pools (Fig. 6a).",0,raw,"eventually[56,56](cd107a(t) > c(high))",,0.344389
"In line with the cytokine responses, expression of CD107a by CD8+ T cells was increased at day 56 post vaccination in the highest dose cohort following stimulation with Ebola GP OLP-pools (Fig. 6a).",0,raw,"eventually[56,56](cd107a(t) > c(mid))",,0.320755
"In line with the cytokine responses, expression of CD107a by CD8+ T cells was increased at day 56 post vaccination in the highest dose cohort following stimulation with Ebola GP OLP-pools (Fig. 6a).",0,raw,"eventually[56,56](d_cd107a(t) > 0)",,0.415039
"In line with the cytokine responses, expression of CD107a by CD8+ T cells was increased at day 56 post vaccination in the highest dose cohort following stimulation with Ebola GP OLP-pools (Fig. 6a).",0,raw,"eventually[56,56](d_cd107a(t) > 0)",,0.415039
"In line with the cytokine responses, expression of CD107a by CD8+ T cells was increased at day 56 post vaccination in the highest dose cohort following stimulation with Ebola GP OLP-pools (Fig. 6a).",0,raw,"eventually[56,56](cd107a(t) > cd107a(0))",,0.334858
"In line with the cytokine responses, expression of CD107a by CD8+ T cells was increased at day 56 post vaccination in the highest dose cohort following stimulation with Ebola GP OLP-pools (Fig. 6a).",0,raw,"eventually[56,56](d_cd107a(t) > 0)",,0.415039
"In line with the cytokine responses, expression of CD107a by CD8+ T cells was increased at day 56 post vaccination in the highest dose cohort following stimulation with Ebola GP OLP-pools (Fig. 6a).",0,raw,"eventually[56,56](cd107a(t) > c(low))",,0.317091
"In line with the cytokine responses, expression of CD107a by CD8+ T cells was increased at day 56 post vaccination in the highest dose cohort following stimulation with Ebola GP OLP-pools (Fig. 6a).",0,raw,"eventually[56,56](cd107a(t) > c(high))",,0.344389
"In line with the cytokine responses, expression of CD107a by CD8+ T cells was increased at day 56 post vaccination in the highest dose cohort following stimulation with Ebola GP OLP-pools (Fig. 6a).",0,raw,"eventually[56,56](d_cd107a(t) > 0)",,0.415039
"In line with the cytokine responses, expression of CD107a by CD8+ T cells was increased at day 56 post vaccination in the highest dose cohort following stimulation with Ebola GP OLP-pools (Fig. 6a).",0,raw,"eventually[56,56](cd107a(t) > c(high))",,0.344389
"In line with the cytokine responses, expression of CD107a by CD8+ T cells was increased at day 56 post vaccination in the highest dose cohort following stimulation with Ebola GP OLP-pools (Fig. 6a).",0,consolidated,"eventually[56,56](d_cd107a(t) > 0)",0,0.415039
"In group A that underwent CSF sampling, on the other hand, viral RNA was detected in the CSF by days 4 and 5 postinfection with dramatic increases seen in some animals by day 7.",1,raw,"eventually[4,5](virus(t) > c(low)) and eventually[5,7](d_virus(t) > d_c(high))",,0.599174
"In group A that underwent CSF sampling, on the other hand, viral RNA was detected in the CSF by days 4 and 5 postinfection with dramatic increases seen in some animals by day 7.",1,raw,"eventually[4,4](virus(t) > c(low)) and eventually[5,5](virus(t) > c(low)) and eventually[7,7](d_virus(t) > d_c(high))",,0.586724
"In group A that underwent CSF sampling, on the other hand, viral RNA was detected in the CSF by days 4 and 5 postinfection with dramatic increases seen in some animals by day 7.",1,raw,"eventually[4,5](virus(t) > c(low)) and eventually[7,7](d_virus(t) > d_c(high))",,0.600902
"In group A that underwent CSF sampling, on the other hand, viral RNA was detected in the CSF by days 4 and 5 postinfection with dramatic increases seen in some animals by day 7.",1,raw,"eventually[4,5](virus(t) > c(low)) and eventually[7,7](d_virus(t) = d_c(high))",,0.603549
"In group A that underwent CSF sampling, on the other hand, viral RNA was detected in the CSF by days 4 and 5 postinfection with dramatic increases seen in some animals by day 7.",1,consolidated,"eventually[4,5](virus(t) > c(low))",1,0.571235
"In group A that underwent CSF sampling, on the other hand, viral RNA was detected in the CSF by days 4 and 5 postinfection with dramatic increases seen in some animals by day 7.",1,consolidated,"eventually[7,7](d_virus(t) = d_c(high))",1,0.573176
"Plasma cytokines levels, reflecting both pro-inflammatory as well as anti-inflammatory systemic responses to the infection, increased gradually, with interleukin (IL)-10 and IL-6 beginning to increase on day 4.",0,raw,"eventually[4,inf]globally(d_il10(t) > 0 and d_il6(t) > 0)",,0.610181
"Plasma cytokines levels, reflecting both pro-inflammatory as well as anti-inflammatory systemic responses to the infection, increased gradually, with interleukin (IL)-10 and IL-6 beginning to increase on day 4.",0,raw,"globally[4,inf](d_il10(t) > 0 and d_il6(t) > 0)",,0.603760
"Plasma cytokines levels, reflecting both pro-inflammatory as well as anti-inflammatory systemic responses to the infection, increased gradually, with interleukin (IL)-10 and IL-6 beginning to increase on day 4.",0,raw,"eventually[4, inf]globally(d_il10(t) > 0 and d_il6(t) > 0)",,0.610181
"Plasma cytokines levels, reflecting both pro-inflammatory as well as anti-inflammatory systemic responses to the infection, increased gradually, with interleukin (IL)-10 and IL-6 beginning to increase on day 4.",0,raw,"globally[4,inf](d_il10(t) > 0 and d_il6(t) > 0)",,0.603760
"Plasma cytokines levels, reflecting both pro-inflammatory as well as anti-inflammatory systemic responses to the infection, increased gradually, with interleukin (IL)-10 and IL-6 beginning to increase on day 4.",0,raw,"eventually[4, inf]globally(d_il10(t) > 0 and d_il6(t) > 0)",,0.610181
"Plasma cytokines levels, reflecting both pro-inflammatory as well as anti-inflammatory systemic responses to the infection, increased gradually, with interleukin (IL)-10 and IL-6 beginning to increase on day 4.",0,raw,"eventually[4,inf]globally(d_il10(t) > 0 and d_il6(t) > 0)",,0.610181
"Plasma cytokines levels, reflecting both pro-inflammatory as well as anti-inflammatory systemic responses to the infection, increased gradually, with interleukin (IL)-10 and IL-6 beginning to increase on day 4.",0,raw,"globally[4, inf](d_il10(t) > 0 and d_il6(t) > 0)",,0.603760
"Plasma cytokines levels, reflecting both pro-inflammatory as well as anti-inflammatory systemic responses to the infection, increased gradually, with interleukin (IL)-10 and IL-6 beginning to increase on day 4.",0,raw,"globally[4,inf](d_il10(t) > 0 and d_il6(t) > 0)",,0.603760
"Plasma cytokines levels, reflecting both pro-inflammatory as well as anti-inflammatory systemic responses to the infection, increased gradually, with interleukin (IL)-10 and IL-6 beginning to increase on day 4.",0,raw,"eventually[4, inf]globally(d_il10(t) > d_c(low) and d_il6(t) > d_c(low))",,0.564480
"Plasma cytokines levels, reflecting both pro-inflammatory as well as anti-inflammatory systemic responses to the infection, increased gradually, with interleukin (IL)-10 and IL-6 beginning to increase on day 4.",0,raw,"eventually[4,inf]globally(d_il10(t) > 0 and d_il6(t) > 0)",,0.610181
"Plasma cytokines levels, reflecting both pro-inflammatory as well as anti-inflammatory systemic responses to the infection, increased gradually, with interleukin (IL)-10 and IL-6 beginning to increase on day 4.",0,raw,"globally[4,inf](d_il10(t) > 0 and d_il6(t) > 0)",,0.603760
"Plasma cytokines levels, reflecting both pro-inflammatory as well as anti-inflammatory systemic responses to the infection, increased gradually, with interleukin (IL)-10 and IL-6 beginning to increase on day 4.",0,raw,"globally[4,inf](d_il10(t) > 0 and d_il6(t) > 0)",,0.603760
"Plasma cytokines levels, reflecting both pro-inflammatory as well as anti-inflammatory systemic responses to the infection, increased gradually, with interleukin (IL)-10 and IL-6 beginning to increase on day 4.",0,raw,"eventually[4, inf]globally(d_il10(t) > 0 and d_il6(t) > 0)",,0.610181
"Plasma cytokines levels, reflecting both pro-inflammatory as well as anti-inflammatory systemic responses to the infection, increased gradually, with interleukin (IL)-10 and IL-6 beginning to increase on day 4.",0,raw,"globally[4,inf](d_il10(t) > 0 and d_il6(t) > 0) and eventually[4,inf]globally(d_il10(t) = d_c(low) and d_il6(t) = d_c(low))",,0.545011
"Plasma cytokines levels, reflecting both pro-inflammatory as well as anti-inflammatory systemic responses to the infection, increased gradually, with interleukin (IL)-10 and IL-6 beginning to increase on day 4.",0,raw,"eventually[4,inf]globally(d_il10(t) > 0 and d_il6(t) > 0)",,0.610181
"Plasma cytokines levels, reflecting both pro-inflammatory as well as anti-inflammatory systemic responses to the infection, increased gradually, with interleukin (IL)-10 and IL-6 beginning to increase on day 4.",0,raw,"globally[4,inf](d_il10(t) = d_c(low) and d_il6(t) = d_c(low))",,0.527395
"Plasma cytokines levels, reflecting both pro-inflammatory as well as anti-inflammatory systemic responses to the infection, increased gradually, with interleukin (IL)-10 and IL-6 beginning to increase on day 4.",0,raw,"globally[4, inf](d_il10(t) > 0 and d_il6(t) > 0)",,0.603760
"Plasma cytokines levels, reflecting both pro-inflammatory as well as anti-inflammatory systemic responses to the infection, increased gradually, with interleukin (IL)-10 and IL-6 beginning to increase on day 4.",0,consolidated,"eventually[4, inf]globally(d_il10(t) > 0 and d_il6(t) > 0)",1,0.610181
"IL-8 and tumor necrosis factor alpha (TNF-α), on the other hand, began increasing on day 6, while GM-CSF and IL-2 began increasing on day 7.",1,raw,"eventually[6,6]globally(d_il8(t) > 0 and d_tnfα(t) > 0) and eventually[7,7]globally(d_gmcsf(t) > 0 and d_il2(t) > 0)",,0.844816
"IL-8 and tumor necrosis factor alpha (TNF-α), on the other hand, began increasing on day 6, while GM-CSF and IL-2 began increasing on day 7.",1,raw,"eventually[6,6]globally(d_il8(t) > 0 and d_tnfα(t) > 0) and eventually[7,7]globally(d_gmcsf(t) > 0 and d_il2(t) > 0)",,0.844816
"IL-8 and tumor necrosis factor alpha (TNF-α), on the other hand, began increasing on day 6, while GM-CSF and IL-2 began increasing on day 7.",1,raw,"eventually[6,inf]globally(d_il8(t) > 0 and d_tnfα(t) > 0) and eventually[7,inf]globally(d_gmcsf(t) > 0 and d_il2(t) > 0)",,0.844316
"IL-8 and tumor necrosis factor alpha (TNF-α), on the other hand, began increasing on day 6, while GM-CSF and IL-2 began increasing on day 7.",1,raw,"eventually[6,6]globally(d_il8(t) > 0 and d_tnfα(t) > 0) and eventually[7,7]globally(d_gmcsf(t) > 0 and d_il2(t) > 0)",,0.844816
"IL-8 and tumor necrosis factor alpha (TNF-α), on the other hand, began increasing on day 6, while GM-CSF and IL-2 began increasing on day 7.",1,raw,"eventually[6,6]globally(d_il8(t) > 0 and d_tnfα(t) > 0) and eventually[7,7]globally(d_gmcsf(t) > 0 and d_il2(t) > 0)",,0.844816
"IL-8 and tumor necrosis factor alpha (TNF-α), on the other hand, began increasing on day 6, while GM-CSF and IL-2 began increasing on day 7.",1,raw,"eventually[6,6]globally(d_il8(t) > 0 and d_tnfα(t) > 0) and eventually[7,7]globally(d_gmcsf(t) > 0 and d_il2(t) > 0)",,0.844816
"IL-8 and tumor necrosis factor alpha (TNF-α), on the other hand, began increasing on day 6, while GM-CSF and IL-2 began increasing on day 7.",1,raw,"eventually[6,inf]globally(d_il8(t) > 0 and d_tnfα(t) > 0) and eventually[7,inf]globally(d_gmcsf(t) > 0 and d_il2(t) > 0)",,0.844316
"IL-8 and tumor necrosis factor alpha (TNF-α), on the other hand, began increasing on day 6, while GM-CSF and IL-2 began increasing on day 7.",1,raw,"eventually[6,6]globally(d_il8(t) > 0 and d_tnfα(t) > 0) and eventually[7,7]globally(d_gmcsf(t) > 0 and d_il2(t) > 0)",,0.844816
"IL-8 and tumor necrosis factor alpha (TNF-α), on the other hand, began increasing on day 6, while GM-CSF and IL-2 began increasing on day 7.",1,raw,"globally[6,inf](d_il8(t) > 0 and d_tnfα(t) > 0) and globally[7,inf](d_gmcsf(t) > 0 and d_il2(t) > 0)",,0.834288
"IL-8 and tumor necrosis factor alpha (TNF-α), on the other hand, began increasing on day 6, while GM-CSF and IL-2 began increasing on day 7.",1,raw,"globally[6,inf](d_il8(t) > 0 and d_tnfα(t) > 0) and globally[7,inf](d_gmcsf(t) > 0 and d_il2(t) > 0)",,0.834288
"IL-8 and tumor necrosis factor alpha (TNF-α), on the other hand, began increasing on day 6, while GM-CSF and IL-2 began increasing on day 7.",1,raw,"eventually[6,inf]globally(d_il8(t) > 0 and d_tnfα(t) > 0) and eventually[7,inf]globally(d_gmcsf(t) > 0 and d_il2(t) > 0)",,0.844316
"IL-8 and tumor necrosis factor alpha (TNF-α), on the other hand, began increasing on day 6, while GM-CSF and IL-2 began increasing on day 7.",1,consolidated,"eventually[6,6]globally(d_il8(t) > 0 and d_tnfα(t) > 0)",1,0.829369
"IL-8 and tumor necrosis factor alpha (TNF-α), on the other hand, began increasing on day 6, while GM-CSF and IL-2 began increasing on day 7.",1,consolidated,"eventually[7,7]globally(d_gmcsf(t) > 0 and d_il2(t) > 0)",1,0.635912
Levels of IFN-γ were not appreciably elevated.,2,raw,ifnγ(t) < c(low),,0.864466
Levels of IFN-γ were not appreciably elevated.,2,raw,"globally[0,inf](ifnγ(t) < c(low))",,0.676313
Levels of IFN-γ were not appreciably elevated.,2,raw,"globally[0,inf](ifnγ(t) = c(low))",,0.662096
Levels of IFN-γ were not appreciably elevated.,2,raw,"globally[0,inf](ifnγ(t) < c(low))",,0.676313
Levels of IFN-γ were not appreciably elevated.,2,raw,"globally[0,inf](ifnγ(t) < c(low))",,0.676313
Levels of IFN-γ were not appreciably elevated.,2,raw,"globally[0,14](ifnγ(t) = c(low))",,0.670048
Levels of IFN-γ were not appreciably elevated.,2,raw,"globally[0,inf](ifnγ(t) < c(low))",,0.676313
Levels of IFN-γ were not appreciably elevated.,2,raw,"globally[0,inf](ifnγ(t) < c(mid))",,0.690246
Levels of IFN-γ were not appreciably elevated.,2,raw,"globally[0,inf](ifnγ(t) < c(low))",,0.676313
Levels of IFN-γ were not appreciably elevated.,2,raw,ifnγ(t) = c(low),,0.834846
Levels of IFN-γ were not appreciably elevated.,2,raw,ifnγ(t) < c(low),,0.864466
Levels of IFN-γ were not appreciably elevated.,2,raw,"globally[0,inf](ifnγ(t) < c(low))",,0.676313
Levels of IFN-γ were not appreciably elevated.,2,consolidated,ifnγ(t) < c(low),1,0.864466
Levels of IFN-γ were not appreciably elevated.,2,consolidated,ifnγ(t) = c(low),1,0.834846
"In the infected animals, on the other hand, we identified extravascular albumin staining, which increased between day 4 and day 6/7, both qualitatively (Fig. 4a, b) and quantitatively (Fig. 4c).",1,raw,"globally[4,7](d_albumin(t) > 0)",,0.463956
"In the infected animals, on the other hand, we identified extravascular albumin staining, which increased between day 4 and day 6/7, both qualitatively (Fig. 4a, b) and quantitatively (Fig. 4c).",1,raw,"globally[4,7](d_albumin(t) > 0)",,0.463956
"In the infected animals, on the other hand, we identified extravascular albumin staining, which increased between day 4 and day 6/7, both qualitatively (Fig. 4a, b) and quantitatively (Fig. 4c).",1,raw,"globally[4,7](d_albumin(t) > 0)",,0.463956
"In the infected animals, on the other hand, we identified extravascular albumin staining, which increased between day 4 and day 6/7, both qualitatively (Fig. 4a, b) and quantitatively (Fig. 4c).",1,raw,"globally[4,7](d_albumin(t) > 0)",,0.463956
"In the infected animals, on the other hand, we identified extravascular albumin staining, which increased between day 4 and day 6/7, both qualitatively (Fig. 4a, b) and quantitatively (Fig. 4c).",1,raw,"globally[4,7](d_albumin(t) > 0)",,0.463956
"In the infected animals, on the other hand, we identified extravascular albumin staining, which increased between day 4 and day 6/7, both qualitatively (Fig. 4a, b) and quantitatively (Fig. 4c).",1,raw,"globally[4,7](d_albumin(t) > 0)",,0.463956
"In the infected animals, on the other hand, we identified extravascular albumin staining, which increased between day 4 and day 6/7, both qualitatively (Fig. 4a, b) and quantitatively (Fig. 4c).",1,raw,"globally[4,7](d_albumin(t) > 0)",,0.463956
"In the infected animals, on the other hand, we identified extravascular albumin staining, which increased between day 4 and day 6/7, both qualitatively (Fig. 4a, b) and quantitatively (Fig. 4c).",1,raw,"globally[4,7](d_albumin(t) > 0)",,0.463956
"In the infected animals, on the other hand, we identified extravascular albumin staining, which increased between day 4 and day 6/7, both qualitatively (Fig. 4a, b) and quantitatively (Fig. 4c).",1,raw,"globally[4,7](d_albumin(t) > 0)",,0.463956
"In the infected animals, on the other hand, we identified extravascular albumin staining, which increased between day 4 and day 6/7, both qualitatively (Fig. 4a, b) and quantitatively (Fig. 4c).",1,raw,"globally[4,7](d_albumin(t) > 0)",,0.463956
"In the infected animals, on the other hand, we identified extravascular albumin staining, which increased between day 4 and day 6/7, both qualitatively (Fig. 4a, b) and quantitatively (Fig. 4c).",1,raw,"globally[4,7](d_albumin(t) > 0)",,0.463956
"In the infected animals, on the other hand, we identified extravascular albumin staining, which increased between day 4 and day 6/7, both qualitatively (Fig. 4a, b) and quantitatively (Fig. 4c).",1,raw,"globally[4,7](d_albumin(t) > 0)",,0.463956
"In the infected animals, on the other hand, we identified extravascular albumin staining, which increased between day 4 and day 6/7, both qualitatively (Fig. 4a, b) and quantitatively (Fig. 4c).",1,raw,"globally[4,7](d_albumin(t) > 0)",,0.463956
"In the infected animals, on the other hand, we identified extravascular albumin staining, which increased between day 4 and day 6/7, both qualitatively (Fig. 4a, b) and quantitatively (Fig. 4c).",1,raw,"globally[4,7](d_albumin(t) > 0)",,0.463956
"In the infected animals, on the other hand, we identified extravascular albumin staining, which increased between day 4 and day 6/7, both qualitatively (Fig. 4a, b) and quantitatively (Fig. 4c).",1,raw,"globally[4,7](d_albumin(t) > 0)",,0.463956
"In the infected animals, on the other hand, we identified extravascular albumin staining, which increased between day 4 and day 6/7, both qualitatively (Fig. 4a, b) and quantitatively (Fig. 4c).",1,raw,"globally[4,7](d_albumin(t) > 0)",,0.463956
"In the infected animals, on the other hand, we identified extravascular albumin staining, which increased between day 4 and day 6/7, both qualitatively (Fig. 4a, b) and quantitatively (Fig. 4c).",1,raw,"globally[4,7](d_albumin(t) > 0)",,0.463956
"In the infected animals, on the other hand, we identified extravascular albumin staining, which increased between day 4 and day 6/7, both qualitatively (Fig. 4a, b) and quantitatively (Fig. 4c).",1,raw,"globally[4,7](d_albumin(t) > 0)",,0.463956
"In the infected animals, on the other hand, we identified extravascular albumin staining, which increased between day 4 and day 6/7, both qualitatively (Fig. 4a, b) and quantitatively (Fig. 4c).",1,consolidated,"globally[4,7](d_albumin(t) > 0)",1,0.463956
"Quantitatively, higher staining for VP40 (EBOV antigen) was noted in the infected animals compared to the control animal, in the thalamus and in the midbrain, increasing further on day 6/7 compared to day 4.",0,raw,"globally[4,4](vp40(t) > vp40(0)) and globally[6,7](vp40(t) > vp40(4))",,0.466289
"Quantitatively, higher staining for VP40 (EBOV antigen) was noted in the infected animals compared to the control animal, in the thalamus and in the midbrain, increasing further on day 6/7 compared to day 4.",0,raw,"globally[4,7](vp40(t) > vp40(0)) and globally[4,7](d_vp40(t) > 0)",,0.435997
"Quantitatively, higher staining for VP40 (EBOV antigen) was noted in the infected animals compared to the control animal, in the thalamus and in the midbrain, increasing further on day 6/7 compared to day 4.",0,consolidated,"globally[4,4](vp40(t) > vp40(0))",0,0.488954
"Quantitatively, higher staining for VP40 (EBOV antigen) was noted in the infected animals compared to the control animal, in the thalamus and in the midbrain, increasing further on day 6/7 compared to day 4.",0,consolidated,"globally[6,7](vp40(t) > vp40(4))",1,0.506353
"At the same time, the expression of GLUT3, a neuronal glucose transporter46, was seen both in the thalamus and in the midbrain, increasing further on day 6/7 compared to day 4 (Fig. 5a, b).",0,raw,"eventually[6,7](glut3(t) > glut3(4))",,0.623476
"At the same time, the expression of GLUT3, a neuronal glucose transporter46, was seen both in the thalamus and in the midbrain, increasing further on day 6/7 compared to day 4 (Fig. 5a, b).",0,raw,"globally[4,7](glut3(t) > glut3(4)) and eventually[6,7](glut3(t) > glut3(4))",,0.625468
"At the same time, the expression of GLUT3, a neuronal glucose transporter46, was seen both in the thalamus and in the midbrain, increasing further on day 6/7 compared to day 4 (Fig. 5a, b).",0,raw,"globally[4,7](d_glut3(t) > 0)",,0.618535
"At the same time, the expression of GLUT3, a neuronal glucose transporter46, was seen both in the thalamus and in the midbrain, increasing further on day 6/7 compared to day 4 (Fig. 5a, b).",0,raw,"eventually[6,7](glut3(t) > glut3(4))",,0.623476
"At the same time, the expression of GLUT3, a neuronal glucose transporter46, was seen both in the thalamus and in the midbrain, increasing further on day 6/7 compared to day 4 (Fig. 5a, b).",0,raw,"eventually[6,7](glut3(t) > glut3(4))",,0.623476
"At the same time, the expression of GLUT3, a neuronal glucose transporter46, was seen both in the thalamus and in the midbrain, increasing further on day 6/7 compared to day 4 (Fig. 5a, b).",0,raw,"globally[6,7](glut3(t) > glut3(4))",,0.618333
"At the same time, the expression of GLUT3, a neuronal glucose transporter46, was seen both in the thalamus and in the midbrain, increasing further on day 6/7 compared to day 4 (Fig. 5a, b).",0,raw,"globally[6,7](il1rn(t) > il1rn(4))",,0.197734
"At the same time, the expression of GLUT3, a neuronal glucose transporter46, was seen both in the thalamus and in the midbrain, increasing further on day 6/7 compared to day 4 (Fig. 5a, b).",0,raw,"globally[6,7](glut3(t) > glut3(4))",,0.618333
"At the same time, the expression of GLUT3, a neuronal glucose transporter46, was seen both in the thalamus and in the midbrain, increasing further on day 6/7 compared to day 4 (Fig. 5a, b).",0,raw,"globally[6,7](glut3(t) > glut3(4))",,0.618333
"At the same time, the expression of GLUT3, a neuronal glucose transporter46, was seen both in the thalamus and in the midbrain, increasing further on day 6/7 compared to day 4 (Fig. 5a, b).",0,raw,"globally[4,7](glut3(t) > c(low)) and eventually[6,7](glut3(t) > glut3(4))",,0.609836
"At the same time, the expression of GLUT3, a neuronal glucose transporter46, was seen both in the thalamus and in the midbrain, increasing further on day 6/7 compared to day 4 (Fig. 5a, b).",0,raw,"globally[4,7](d_il1rn(t) > 0)",,0.250617
"At the same time, the expression of GLUT3, a neuronal glucose transporter46, was seen both in the thalamus and in the midbrain, increasing further on day 6/7 compared to day 4 (Fig. 5a, b).",0,raw,"eventually[6,7](glut3(t) > glut3(4))",,0.623476
"At the same time, the expression of GLUT3, a neuronal glucose transporter46, was seen both in the thalamus and in the midbrain, increasing further on day 6/7 compared to day 4 (Fig. 5a, b).",0,raw,"eventually[6,7](glut3(t) > glut3(4))",,0.623476
"At the same time, the expression of GLUT3, a neuronal glucose transporter46, was seen both in the thalamus and in the midbrain, increasing further on day 6/7 compared to day 4 (Fig. 5a, b).",0,raw,"globally[4,7](glut3(t) > c(low)) and globally[6,7](glut3(t) > glut3(4))",,0.591979
"At the same time, the expression of GLUT3, a neuronal glucose transporter46, was seen both in the thalamus and in the midbrain, increasing further on day 6/7 compared to day 4 (Fig. 5a, b).",0,raw,"eventually[4,7](d_glut3(t) > 0)",,0.626349
"At the same time, the expression of GLUT3, a neuronal glucose transporter46, was seen both in the thalamus and in the midbrain, increasing further on day 6/7 compared to day 4 (Fig. 5a, b).",0,consolidated,"eventually[6,7](glut3(t) > glut3(4))",1,0.623476
"At the same time, the expression of GLUT3, a neuronal glucose transporter46, was seen both in the thalamus and in the midbrain, increasing further on day 6/7 compared to day 4 (Fig. 5a, b).",0,consolidated,"eventually[4,7](d_glut3(t) > 0)",1,0.626349
"Many of those stained positively for CC3/PARP1, consistent with apoptosis, starting on day 4 post inoculation, and progressing over time (Figs. 5 and 6).",0,raw,"globally[4,inf](cc3(t) > c(low) and d_cc3(t) > 0)",,0.424602
"Many of those stained positively for CC3/PARP1, consistent with apoptosis, starting on day 4 post inoculation, and progressing over time (Figs. 5 and 6).",0,raw,"eventually[4,inf]globally(ifnβ(t) > c(low) and d_ifnβ(t) > d_c(low))",,0.210601
"Many of those stained positively for CC3/PARP1, consistent with apoptosis, starting on day 4 post inoculation, and progressing over time (Figs. 5 and 6).",0,raw,"eventually[4,inf]globally(d_cc3(t) > 0)",,0.411582
"Many of those stained positively for CC3/PARP1, consistent with apoptosis, starting on day 4 post inoculation, and progressing over time (Figs. 5 and 6).",0,raw,"eventually[4,inf]globally(cc3(t) > c(low) and d_cc3(t) > 0)",,0.456553
"Many of those stained positively for CC3/PARP1, consistent with apoptosis, starting on day 4 post inoculation, and progressing over time (Figs. 5 and 6).",0,raw,"globally[4, inf](d_cc3(t) > 0)",,0.385637
"Many of those stained positively for CC3/PARP1, consistent with apoptosis, starting on day 4 post inoculation, and progressing over time (Figs. 5 and 6).",0,raw,"globally[4,inf](cc3(t) > c(low) and d_cc3(t) > 0)",,0.424602
"Many of those stained positively for CC3/PARP1, consistent with apoptosis, starting on day 4 post inoculation, and progressing over time (Figs. 5 and 6).",0,raw,"eventually[4, inf]globally(cc3(t) > c(low) and d_cc3(t) > 0)",,0.456553
"Many of those stained positively for CC3/PARP1, consistent with apoptosis, starting on day 4 post inoculation, and progressing over time (Figs. 5 and 6).",0,raw,"globally[4,inf](cc3(t) > c(high) and d_cc3(t) > 0)",,0.421411
"Many of those stained positively for CC3/PARP1, consistent with apoptosis, starting on day 4 post inoculation, and progressing over time (Figs. 5 and 6).",0,raw,"eventually[4,inf]globally(cc3(t) > c(low) and d_cc3(t) > d_c(low))",,0.429519
"Many of those stained positively for CC3/PARP1, consistent with apoptosis, starting on day 4 post inoculation, and progressing over time (Figs. 5 and 6).",0,raw,"globally[4,inf](cc3(t) > c(high) and d_cc3(t) > d_c(low))",,0.395067
"Many of those stained positively for CC3/PARP1, consistent with apoptosis, starting on day 4 post inoculation, and progressing over time (Figs. 5 and 6).",0,raw,"eventually[4,inf]globally(cc3(t) > c(mid) and d_cc3(t) > d_c(low))",,0.435033
"Many of those stained positively for CC3/PARP1, consistent with apoptosis, starting on day 4 post inoculation, and progressing over time (Figs. 5 and 6).",0,raw,"eventually[4,inf]globally(cc3(t) > c(low) and d_cc3(t) > 0)",,0.456553
"Many of those stained positively for CC3/PARP1, consistent with apoptosis, starting on day 4 post inoculation, and progressing over time (Figs. 5 and 6).",0,raw,"eventually[4,inf]globally(cc3(t) > c(high) and d_cc3(t) > d_c(low))",,0.432432
"Many of those stained positively for CC3/PARP1, consistent with apoptosis, starting on day 4 post inoculation, and progressing over time (Figs. 5 and 6).",0,raw,"globally[4,inf](d_cc3(t) > 0)",,0.385637
"Many of those stained positively for CC3/PARP1, consistent with apoptosis, starting on day 4 post inoculation, and progressing over time (Figs. 5 and 6).",0,raw,"globally[4, inf](cc3(t) > c(low) and d_cc3(t) > 0)",,0.424602
"Many of those stained positively for CC3/PARP1, consistent with apoptosis, starting on day 4 post inoculation, and progressing over time (Figs. 5 and 6).",0,raw,"globally[4,inf](cc3(t) > c(high) and d_cc3(t) > 0)",,0.421411
"Many of those stained positively for CC3/PARP1, consistent with apoptosis, starting on day 4 post inoculation, and progressing over time (Figs. 5 and 6).",0,consolidated,"eventually[4, inf]globally(cc3(t) > c(low) and d_cc3(t) > 0)",1,0.456553
"However, by day 5 of EBOV GPΔO/rVSV infection, TIM-1-/- mice had a 100-fold reduction in viremia compared to control mice (Fig 2) and a similar trend was observed during infections with full length EBOV GP/rVSV (S3 Fig).",0,raw,"eventually[5,inf]globally(titers(t) < c(low))",,0.044948
"However, by day 5 of EBOV GPΔO/rVSV infection, TIM-1-/- mice had a 100-fold reduction in viremia compared to control mice (Fig 2) and a similar trend was observed during infections with full length EBOV GP/rVSV (S3 Fig).",0,raw,"globally[5,5](virus(t) < c(low))",,0.375299
"However, by day 5 of EBOV GPΔO/rVSV infection, TIM-1-/- mice had a 100-fold reduction in viremia compared to control mice (Fig 2) and a similar trend was observed during infections with full length EBOV GP/rVSV (S3 Fig).",0,raw,"globally[5,5](titers(t) < c(low))",,0.043051
"However, by day 5 of EBOV GPΔO/rVSV infection, TIM-1-/- mice had a 100-fold reduction in viremia compared to control mice (Fig 2) and a similar trend was observed during infections with full length EBOV GP/rVSV (S3 Fig).",0,raw,"globally[5,5](titers(t) < c(low))",,0.043051
"However, by day 5 of EBOV GPΔO/rVSV infection, TIM-1-/- mice had a 100-fold reduction in viremia compared to control mice (Fig 2) and a similar trend was observed during infections with full length EBOV GP/rVSV (S3 Fig).",0,raw,"globally[5,5](titers(t) < c(low))",,0.043051
"However, by day 5 of EBOV GPΔO/rVSV infection, TIM-1-/- mice had a 100-fold reduction in viremia compared to control mice (Fig 2) and a similar trend was observed during infections with full length EBOV GP/rVSV (S3 Fig).",0,raw,"globally[5,5](virus(t) < c(low))",,0.375299
"However, by day 5 of EBOV GPΔO/rVSV infection, TIM-1-/- mice had a 100-fold reduction in viremia compared to control mice (Fig 2) and a similar trend was observed during infections with full length EBOV GP/rVSV (S3 Fig).",0,raw,"eventually[5,5](sarscov2(t) < c(low))",,0.228026
"However, by day 5 of EBOV GPΔO/rVSV infection, TIM-1-/- mice had a 100-fold reduction in viremia compared to control mice (Fig 2) and a similar trend was observed during infections with full length EBOV GP/rVSV (S3 Fig).",0,raw,"globally[5,5](virus(t) < c(low)) and globally[5,inf](d_virus(t) < 0)",,0.402594
"However, by day 5 of EBOV GPΔO/rVSV infection, TIM-1-/- mice had a 100-fold reduction in viremia compared to control mice (Fig 2) and a similar trend was observed during infections with full length EBOV GP/rVSV (S3 Fig).",0,raw,"globally[5,inf](titers(t) < c(low))",,0.034940
"However, by day 5 of EBOV GPΔO/rVSV infection, TIM-1-/- mice had a 100-fold reduction in viremia compared to control mice (Fig 2) and a similar trend was observed during infections with full length EBOV GP/rVSV (S3 Fig).",0,raw,"eventually[5,5](titers(t) < c(low))",,0.058370
"However, by day 5 of EBOV GPΔO/rVSV infection, TIM-1-/- mice had a 100-fold reduction in viremia compared to control mice (Fig 2) and a similar trend was observed during infections with full length EBOV GP/rVSV (S3 Fig).",0,raw,"globally[5,5](virus(t) < c(low))",,0.375299
"However, by day 5 of EBOV GPΔO/rVSV infection, TIM-1-/- mice had a 100-fold reduction in viremia compared to control mice (Fig 2) and a similar trend was observed during infections with full length EBOV GP/rVSV (S3 Fig).",0,raw,"globally[5,5](virus(t) < c(low))",,0.375299
"However, by day 5 of EBOV GPΔO/rVSV infection, TIM-1-/- mice had a 100-fold reduction in viremia compared to control mice (Fig 2) and a similar trend was observed during infections with full length EBOV GP/rVSV (S3 Fig).",0,raw,"globally[5,inf](virus(t) < c(low))",,0.363265
"However, by day 5 of EBOV GPΔO/rVSV infection, TIM-1-/- mice had a 100-fold reduction in viremia compared to control mice (Fig 2) and a similar trend was observed during infections with full length EBOV GP/rVSV (S3 Fig).",0,raw,"eventually[5,5](titers(t) < c(low))",,0.058370
"However, by day 5 of EBOV GPΔO/rVSV infection, TIM-1-/- mice had a 100-fold reduction in viremia compared to control mice (Fig 2) and a similar trend was observed during infections with full length EBOV GP/rVSV (S3 Fig).",0,raw,"globally[5,inf](titers(t) < c(low))",,0.034940
"However, by day 5 of EBOV GPΔO/rVSV infection, TIM-1-/- mice had a 100-fold reduction in viremia compared to control mice (Fig 2) and a similar trend was observed during infections with full length EBOV GP/rVSV (S3 Fig).",0,raw,"globally[5,5](titers(t) < c(low))",,0.043051
"However, by day 5 of EBOV GPΔO/rVSV infection, TIM-1-/- mice had a 100-fold reduction in viremia compared to control mice (Fig 2) and a similar trend was observed during infections with full length EBOV GP/rVSV (S3 Fig).",0,raw,"eventually[5,5](titers(t) < c(low))",,0.058370
"However, by day 5 of EBOV GPΔO/rVSV infection, TIM-1-/- mice had a 100-fold reduction in viremia compared to control mice (Fig 2) and a similar trend was observed during infections with full length EBOV GP/rVSV (S3 Fig).",0,raw,"eventually[5,5](sarscov2(t) < c(low))",,0.228026
"However, by day 5 of EBOV GPΔO/rVSV infection, TIM-1-/- mice had a 100-fold reduction in viremia compared to control mice (Fig 2) and a similar trend was observed during infections with full length EBOV GP/rVSV (S3 Fig).",0,raw,"globally[5,5](titers(t) < c(low))",,0.043051
"However, by day 5 of EBOV GPΔO/rVSV infection, TIM-1-/- mice had a 100-fold reduction in viremia compared to control mice (Fig 2) and a similar trend was observed during infections with full length EBOV GP/rVSV (S3 Fig).",0,raw,"globally[5,inf](titers(t) < c(low))",,0.034940
"However, by day 5 of EBOV GPΔO/rVSV infection, TIM-1-/- mice had a 100-fold reduction in viremia compared to control mice (Fig 2) and a similar trend was observed during infections with full length EBOV GP/rVSV (S3 Fig).",0,consolidated,"globally[5,5](virus(t) < c(low))",1,0.375299
"However, by day 5 of EBOV GPΔO/rVSV infection, TIM-1-/- mice had a 100-fold reduction in viremia compared to control mice (Fig 2) and a similar trend was observed during infections with full length EBOV GP/rVSV (S3 Fig).",0,consolidated,"globally[5,inf](d_virus(t) < 0)",0,0.389486
"Ebola survivors need 158 days to clear the virus, and Ebola fatalities result when the individual cannot clear the virus before death (17).",1,raw,"eventually[158,158]globally(virus(t) < c(low)) and globally[0,17](virus(t) > c(low))",,0.409057
"Ebola survivors need 158 days to clear the virus, and Ebola fatalities result when the individual cannot clear the virus before death (17).",1,consolidated,"eventually[158,158]globally(virus(t) < c(low))",1,0.408656
"Ebola survivors need 158 days to clear the virus, and Ebola fatalities result when the individual cannot clear the virus before death (17).",1,consolidated,"globally[0,17](virus(t) > c(low))",0,0.440259
Patients with primary dengue hemorrhagic fever need a long time (far more than 12 days) to clear the viral protein NS1 (18).,0,raw,"globally[0,18](ns1(t) = c(high))",,0.270328
Patients with primary dengue hemorrhagic fever need a long time (far more than 12 days) to clear the viral protein NS1 (18).,0,raw,"eventually[12,inf]globally(ns1(t) = c(low))",,0.249977
Patients with primary dengue hemorrhagic fever need a long time (far more than 12 days) to clear the viral protein NS1 (18).,0,raw,"globally[0,12](ns1(t) > c(low))",,0.233802
Patients with primary dengue hemorrhagic fever need a long time (far more than 12 days) to clear the viral protein NS1 (18).,0,raw,"globally[0,18](ns1(t) > c(low))",,0.255219
Patients with primary dengue hemorrhagic fever need a long time (far more than 12 days) to clear the viral protein NS1 (18).,0,raw,"globally[0,18](ns1(t) > c(low))",,0.255219
Patients with primary dengue hemorrhagic fever need a long time (far more than 12 days) to clear the viral protein NS1 (18).,0,raw,"eventually[18,inf]globally(ns1(t) < c(low))",,0.260860
Patients with primary dengue hemorrhagic fever need a long time (far more than 12 days) to clear the viral protein NS1 (18).,0,raw,"eventually[18,inf]globally(ns1(t) < c(low))",,0.260860
Patients with primary dengue hemorrhagic fever need a long time (far more than 12 days) to clear the viral protein NS1 (18).,0,raw,"eventually[18,inf]globally(ns1(t) = c(low))",,0.275886
Patients with primary dengue hemorrhagic fever need a long time (far more than 12 days) to clear the viral protein NS1 (18).,0,raw,"eventually[12,inf]globally(ns1(t) = c(low))",,0.249977
Patients with primary dengue hemorrhagic fever need a long time (far more than 12 days) to clear the viral protein NS1 (18).,0,raw,"eventually[12,inf]globally(ns1(t) = c(low))",,0.249977
Patients with primary dengue hemorrhagic fever need a long time (far more than 12 days) to clear the viral protein NS1 (18).,0,raw,"globally[0,18](ns1(t) > c(low))",,0.255219
Patients with primary dengue hemorrhagic fever need a long time (far more than 12 days) to clear the viral protein NS1 (18).,0,raw,"eventually[12,inf]globally(ns1(t) = c(low))",,0.249977
Patients with primary dengue hemorrhagic fever need a long time (far more than 12 days) to clear the viral protein NS1 (18).,0,raw,"globally[0,12](ns1(t) > c(low))",,0.233802
Patients with primary dengue hemorrhagic fever need a long time (far more than 12 days) to clear the viral protein NS1 (18).,0,consolidated,"globally[0,18](ns1(t) = c(high))",0,0.270328
Patients with primary dengue hemorrhagic fever need a long time (far more than 12 days) to clear the viral protein NS1 (18).,0,consolidated,"eventually[18,inf]globally(ns1(t) < c(low))",1,0.260860
Patients with primary dengue hemorrhagic fever need a long time (far more than 12 days) to clear the viral protein NS1 (18).,0,consolidated,"eventually[18,inf]globally(ns1(t) = c(low))",1,0.275886
"85% of HCV patients cannot clear the virus within 9 months (15% of patients cleared HCV spontaneously within 108 days) (19, 20).",2,raw,"eventually[0,108]globally(virus(t) < c(low))",,0.466392
"85% of HCV patients cannot clear the virus within 9 months (15% of patients cleared HCV spontaneously within 108 days) (19, 20).",2,raw,"eventually[0,108]globally(virus(t) < c(low))",,0.466392
"85% of HCV patients cannot clear the virus within 9 months (15% of patients cleared HCV spontaneously within 108 days) (19, 20).",2,raw,"eventually[0,108](virus(t) < c(low))",,0.461590
"85% of HCV patients cannot clear the virus within 9 months (15% of patients cleared HCV spontaneously within 108 days) (19, 20).",2,raw,"eventually[0,108]globally(virus(t) = c(low))",,0.487001
"85% of HCV patients cannot clear the virus within 9 months (15% of patients cleared HCV spontaneously within 108 days) (19, 20).",2,raw,"eventually[0,108](virus(t) < c(low))",,0.461590
"85% of HCV patients cannot clear the virus within 9 months (15% of patients cleared HCV spontaneously within 108 days) (19, 20).",2,raw,"eventually[0,108]globally(virus(t) < c(low))",,0.466392
"85% of HCV patients cannot clear the virus within 9 months (15% of patients cleared HCV spontaneously within 108 days) (19, 20).",2,raw,"eventually[0,108]globally(virus(t) = c(low))",,0.487001
"85% of HCV patients cannot clear the virus within 9 months (15% of patients cleared HCV spontaneously within 108 days) (19, 20).",2,raw,"eventually[0,108](virus(t) < c(low))",,0.461590
"85% of HCV patients cannot clear the virus within 9 months (15% of patients cleared HCV spontaneously within 108 days) (19, 20).",2,raw,"eventually[0,108](virus(t) < c(low))",,0.461590
"85% of HCV patients cannot clear the virus within 9 months (15% of patients cleared HCV spontaneously within 108 days) (19, 20).",2,raw,"eventually[0,108](virus(t) < c(low)) and globally[0,270](virus(t) > c(low))",,0.481274
"85% of HCV patients cannot clear the virus within 9 months (15% of patients cleared HCV spontaneously within 108 days) (19, 20).",2,raw,"eventually[0,108](virus(t) = c(low))",,0.485446
"85% of HCV patients cannot clear the virus within 9 months (15% of patients cleared HCV spontaneously within 108 days) (19, 20).",2,consolidated,"eventually[0,108](virus(t) = c(low))",1,0.485446
Viral RNA decreased slightly in the survivor between days 8 and 10 and was no longer detectable after day 12.,2,raw,"globally[8,10](d_virus(t) = -d_c(low)) and globally[12,inf](virus(t) = c(low))",,0.616822
Viral RNA decreased slightly in the survivor between days 8 and 10 and was no longer detectable after day 12.,2,raw,"globally[8,10](d_virus(t) = -d_c(low)) and globally[12,inf](virus(t) = c(low))",,0.616822
Viral RNA decreased slightly in the survivor between days 8 and 10 and was no longer detectable after day 12.,2,raw,"globally[8,10](d_virus(t) = -d_c(low)) and globally[12,inf](virus(t) = c(low))",,0.616822
Viral RNA decreased slightly in the survivor between days 8 and 10 and was no longer detectable after day 12.,2,raw,"globally[8,10](d_virus(t) = -d_c(low)) and globally[12,inf](virus(t) = c(low))",,0.616822
Viral RNA decreased slightly in the survivor between days 8 and 10 and was no longer detectable after day 12.,2,raw,"globally[8,10](d_virus(t) = -d_c(low)) and globally[12,inf](virus(t) = c(low))",,0.616822
Viral RNA decreased slightly in the survivor between days 8 and 10 and was no longer detectable after day 12.,2,raw,"globally[8,10](d_virus(t) = -d_c(low)) and globally[12,inf](virus(t) = c(low))",,0.616822
Viral RNA decreased slightly in the survivor between days 8 and 10 and was no longer detectable after day 12.,2,consolidated,"globally[8,10](d_virus(t) = -d_c(low))",1,0.610084
Viral RNA decreased slightly in the survivor between days 8 and 10 and was no longer detectable after day 12.,2,consolidated,"globally[12,inf](virus(t) = c(low))",1,0.617970
"One animal, which succumbed on day 12, experienced a slight decrease in both ALT and AST on day 12 compared to day 10 post-infection.",1,raw,"globally[12,12](alt(t) < alt(10) and ast(t) < ast(10))",,0.591056
"One animal, which succumbed on day 12, experienced a slight decrease in both ALT and AST on day 12 compared to day 10 post-infection.",1,raw,"globally[12,12](d_alt(t) < -d_c(low) and d_ast(t) < -d_c(low))",,0.567439
"One animal, which succumbed on day 12, experienced a slight decrease in both ALT and AST on day 12 compared to day 10 post-infection.",1,raw,"globally[12,12](alt(t) < alt(10) and ast(t) < ast(10))",,0.591056
"One animal, which succumbed on day 12, experienced a slight decrease in both ALT and AST on day 12 compared to day 10 post-infection.",1,raw,"globally[12,12](alt(t) < alt(10) and ast(t) < ast(10))",,0.591056
"One animal, which succumbed on day 12, experienced a slight decrease in both ALT and AST on day 12 compared to day 10 post-infection.",1,raw,"globally[12,12](alt(t) < alt(10) and ast(t) < ast(10))",,0.591056
"One animal, which succumbed on day 12, experienced a slight decrease in both ALT and AST on day 12 compared to day 10 post-infection.",1,raw,"globally[12,12](alt(t) < alt(10) and ast(t) < ast(10))",,0.591056
"One animal, which succumbed on day 12, experienced a slight decrease in both ALT and AST on day 12 compared to day 10 post-infection.",1,raw,"globally[12,12](alt(t) < alt(10) and ast(t) < ast(10))",,0.591056
"One animal, which succumbed on day 12, experienced a slight decrease in both ALT and AST on day 12 compared to day 10 post-infection.",1,raw,"eventually[12,12](alt(t) < alt(10) and ast(t) < ast(10))",,0.597272
"One animal, which succumbed on day 12, experienced a slight decrease in both ALT and AST on day 12 compared to day 10 post-infection.",1,raw,"eventually[12,12](alt(t) < alt(10) and ast(t) < ast(10))",,0.597272
"One animal, which succumbed on day 12, experienced a slight decrease in both ALT and AST on day 12 compared to day 10 post-infection.",1,raw,"globally[12,12](alt(t) < alt(10) and ast(t) < ast(10))",,0.591056
"One animal, which succumbed on day 12, experienced a slight decrease in both ALT and AST on day 12 compared to day 10 post-infection.",1,raw,"globally[12,12](alt(t) < alt(10) and ast(t) < ast(10))",,0.591056
"One animal, which succumbed on day 12, experienced a slight decrease in both ALT and AST on day 12 compared to day 10 post-infection.",1,raw,"globally[12,12](alt(t) < alt(10) and ast(t) < ast(10))",,0.591056
"One animal, which succumbed on day 12, experienced a slight decrease in both ALT and AST on day 12 compared to day 10 post-infection.",1,raw,"globally[12,12](alt(t) < alt(10) and ast(t) < ast(10))",,0.591056
"One animal, which succumbed on day 12, experienced a slight decrease in both ALT and AST on day 12 compared to day 10 post-infection.",1,raw,"globally[12,12](alt(t) < alt(10) and ast(t) < ast(10))",,0.591056
"One animal, which succumbed on day 12, experienced a slight decrease in both ALT and AST on day 12 compared to day 10 post-infection.",1,raw,"eventually[12,12](alt(t) < alt(10) and ast(t) < ast(10))",,0.597272
"One animal, which succumbed on day 12, experienced a slight decrease in both ALT and AST on day 12 compared to day 10 post-infection.",1,consolidated,"eventually[12,12](alt(t) < alt(10) and ast(t) < ast(10))",1,0.597272
"The animal that survived challenge experienced peak ALKP on day 10, and levels were comparable to those of the animals that succumbed to infection.",0,raw,"eventually[10,10](d_alkp(t) = 0 and alkp(t) = alkp(10))",,0.522205
"The animal that survived challenge experienced peak ALKP on day 10, and levels were comparable to those of the animals that succumbed to infection.",0,raw,"globally[10,10](d_alkp(t) = 0 and alkp(t) = alkp(10))",,0.494514
"The animal that survived challenge experienced peak ALKP on day 10, and levels were comparable to those of the animals that succumbed to infection.",0,raw,"globally[10,10](d_alkp(t) = 0 and alkp(t) = c(high))",,0.574887
"The animal that survived challenge experienced peak ALKP on day 10, and levels were comparable to those of the animals that succumbed to infection.",0,raw,"eventually[10,10](d_alkp(t) = 0 and alkp(t) = alkp(10))",,0.522205
"The animal that survived challenge experienced peak ALKP on day 10, and levels were comparable to those of the animals that succumbed to infection.",0,raw,"eventually[10,10](d_alkp(t) = 0 and alkp(t) = c(high))",,0.594866
"The animal that survived challenge experienced peak ALKP on day 10, and levels were comparable to those of the animals that succumbed to infection.",0,consolidated,"eventually[10,10](d_alkp(t) = 0 and alkp(t) = c(high))",1,0.594866
"The animal that survived challenge experienced peak CRP levels on day 8, and levels were comparable to animals that did not survive challenge.",1,raw,"globally[8,8](d_crp(t) = 0 and crp(t) = c(high))",,0.543829
"The animal that survived challenge experienced peak CRP levels on day 8, and levels were comparable to animals that did not survive challenge.",1,raw,"globally[8,8](d_crp(t) = 0 and crp(t) = c(high))",,0.543829
"The animal that survived challenge experienced peak CRP levels on day 8, and levels were comparable to animals that did not survive challenge.",1,raw,"globally[8,8](d_crp(t) = 0 and crp(t) = c(high))",,0.543829
"The animal that survived challenge experienced peak CRP levels on day 8, and levels were comparable to animals that did not survive challenge.",1,raw,"globally[8,8](d_crp(t) = 0 and crp(t) = c(high))",,0.543829
"The animal that survived challenge experienced peak CRP levels on day 8, and levels were comparable to animals that did not survive challenge.",1,consolidated,"globally[8,8](d_crp(t) = 0 and crp(t) = c(high))",1,0.543829
"Neither IL-10 nor IFN-γ were detected in the serum of the animal that survived challenge, on the days tested.",2,raw,"globally[0,inf](il10(t) < c(low) and ifnγ(t) < c(low))",,0.620411
"Neither IL-10 nor IFN-γ were detected in the serum of the animal that survived challenge, on the days tested.",2,raw,"globally[0, inf](il10(t) = c(low) and ifnγ(t) = c(low))",,0.621870
"Neither IL-10 nor IFN-γ were detected in the serum of the animal that survived challenge, on the days tested.",2,raw,"globally[0,inf](il10(t) = c(low) and ifnγ(t) = c(low))",,0.621870
"Neither IL-10 nor IFN-γ were detected in the serum of the animal that survived challenge, on the days tested.",2,raw,"globally[0,inf](il10(t) = c(low) and ifnγ(t) = c(low))",,0.621870
"Neither IL-10 nor IFN-γ were detected in the serum of the animal that survived challenge, on the days tested.",2,raw,"globally[0, inf](il10(t) = c(low) and ifnγ(t) = c(low))",,0.621870
"Neither IL-10 nor IFN-γ were detected in the serum of the animal that survived challenge, on the days tested.",2,raw,"globally[0,inf](il10(t) = c(low) and ifnγ(t) = c(low))",,0.621870
"Neither IL-10 nor IFN-γ were detected in the serum of the animal that survived challenge, on the days tested.",2,raw,"globally[0,inf](il10(t) < c(low) and ifnγ(t) < c(low))",,0.620411
"Neither IL-10 nor IFN-γ were detected in the serum of the animal that survived challenge, on the days tested.",2,raw,"globally[0,inf](il10(t) = c(low) and ifnγ(t) = c(low))",,0.621870
"Neither IL-10 nor IFN-γ were detected in the serum of the animal that survived challenge, on the days tested.",2,consolidated,"globally[0,inf](il10(t) = c(low) and ifnγ(t) = c(low))",1,0.621870
"In most animals, an approximate two- to threefold decrease of CD3 +T-cells was observed, which began between days 3 and 5, reaching a nadir by day 8 (Fig. 7B).",0,raw,"eventually[3,5](d_tcells(t) < -d_c(low)) and eventually[8,8](tcells(t) < tcells(0) and d_tcells(t) = 0)",,0.647783
"In most animals, an approximate two- to threefold decrease of CD3 +T-cells was observed, which began between days 3 and 5, reaching a nadir by day 8 (Fig. 7B).",0,raw,"eventually[3,5](d_tcells(t) < 0) and globally[8,8](d_tcells(t) = 0)",,0.625181
"In most animals, an approximate two- to threefold decrease of CD3 +T-cells was observed, which began between days 3 and 5, reaching a nadir by day 8 (Fig. 7B).",0,raw,"eventually[3,5](d_tcells(t) < 0) and eventually[8,8](d_tcells(t) = 0 and tcells(t) < tcells(0))",,0.639630
"In most animals, an approximate two- to threefold decrease of CD3 +T-cells was observed, which began between days 3 and 5, reaching a nadir by day 8 (Fig. 7B).",0,raw,"eventually[3,5](d_tcells(t) < 0) and eventually[5,8](d_tcells(t) = 0)",,0.628162
"In most animals, an approximate two- to threefold decrease of CD3 +T-cells was observed, which began between days 3 and 5, reaching a nadir by day 8 (Fig. 7B).",0,raw,"eventually[3,5](d_tcells(t) < -d_c(low)) and eventually[8,8](d_tcells(t) = 0)",,0.643318
"In most animals, an approximate two- to threefold decrease of CD3 +T-cells was observed, which began between days 3 and 5, reaching a nadir by day 8 (Fig. 7B).",0,raw,"eventually[3,5]globally(d_tcells(t) < 0) and eventually[8,8](d_tcells(t) = 0)",,0.626741
"In most animals, an approximate two- to threefold decrease of CD3 +T-cells was observed, which began between days 3 and 5, reaching a nadir by day 8 (Fig. 7B).",0,raw,"eventually[3,5](d_tcells(t) < 0) and eventually[5,8](d_tcells(t) = 0)",,0.628162
"In most animals, an approximate two- to threefold decrease of CD3 +T-cells was observed, which began between days 3 and 5, reaching a nadir by day 8 (Fig. 7B).",0,raw,"eventually[3,5]globally(d_tcells(t) < 0) and eventually[8,8](d_tcells(t) = 0)",,0.626741
"In most animals, an approximate two- to threefold decrease of CD3 +T-cells was observed, which began between days 3 and 5, reaching a nadir by day 8 (Fig. 7B).",0,raw,"eventually[3,5]globally(d_tcells(t) < 0) and eventually[8,8](d_tcells(t) = 0)",,0.626741
"In most animals, an approximate two- to threefold decrease of CD3 +T-cells was observed, which began between days 3 and 5, reaching a nadir by day 8 (Fig. 7B).",0,consolidated,"eventually[3,5](d_tcells(t) < -d_c(low))",1,0.679904
"In most animals, an approximate two- to threefold decrease of CD3 +T-cells was observed, which began between days 3 and 5, reaching a nadir by day 8 (Fig. 7B).",0,consolidated,"eventually[8,8](d_tcells(t) = 0)",1,0.604476
"In most animals, an approximate two- to threefold decrease of CD3 +T-cells was observed, which began between days 3 and 5, reaching a nadir by day 8 (Fig. 7B).",0,consolidated,"eventually[8,8](tcells(t) < tcells(0) and d_tcells(t) = 0)",1,0.626152
"As seen with CD3 + T-cells, a steady decline in CD20 + B-cells was observed beginning by days 3 and 5, with the largest decrease of approximately two to threefold noted by day 7 or 8.",0,raw,"globally[3,8](d_bcells(t) < 0) and eventually[7,8](bcells(t) < bcells(0))",,0.734663
"As seen with CD3 + T-cells, a steady decline in CD20 + B-cells was observed beginning by days 3 and 5, with the largest decrease of approximately two to threefold noted by day 7 or 8.",0,raw,"eventually[3,5]globally(d_bcells(t) < -d_c(low)) and eventually[7,8](bcells(t) < c(low))",,0.741603
"As seen with CD3 + T-cells, a steady decline in CD20 + B-cells was observed beginning by days 3 and 5, with the largest decrease of approximately two to threefold noted by day 7 or 8.",0,raw,"eventually[3,5]globally(d_bcells(t) < 0) and eventually[7,8](bcells(t) < c(low))",,0.754672
"As seen with CD3 + T-cells, a steady decline in CD20 + B-cells was observed beginning by days 3 and 5, with the largest decrease of approximately two to threefold noted by day 7 or 8.",0,raw,"eventually[3,5]globally(d_bcells(t) < 0) and eventually[7,8](bcells(t) < c(low))",,0.754672
"As seen with CD3 + T-cells, a steady decline in CD20 + B-cells was observed beginning by days 3 and 5, with the largest decrease of approximately two to threefold noted by day 7 or 8.",0,raw,"eventually[3,5]globally(d_bcells(t) < 0) and eventually[7,8](bcells(t) < bcells(0))",,0.747741
"As seen with CD3 + T-cells, a steady decline in CD20 + B-cells was observed beginning by days 3 and 5, with the largest decrease of approximately two to threefold noted by day 7 or 8.",0,raw,"globally[3,8](d_bcells(t) < -d_c(low)) and eventually[7,8](d_bcells(t) < -d_c(high))",,0.708776
"As seen with CD3 + T-cells, a steady decline in CD20 + B-cells was observed beginning by days 3 and 5, with the largest decrease of approximately two to threefold noted by day 7 or 8.",0,raw,"eventually[3,5]globally(d_bcells(t) < 0) and eventually[7,8](bcells(t) < bcells(0))",,0.747741
"As seen with CD3 + T-cells, a steady decline in CD20 + B-cells was observed beginning by days 3 and 5, with the largest decrease of approximately two to threefold noted by day 7 or 8.",0,raw,"globally[3,8](d_bcells(t) < 0) and eventually[7,8](bcells(t) < bcells(0))",,0.734663
"As seen with CD3 + T-cells, a steady decline in CD20 + B-cells was observed beginning by days 3 and 5, with the largest decrease of approximately two to threefold noted by day 7 or 8.",0,raw,"globally[3,8](d_bcells(t) < -d_c(low)) and eventually[7,8](bcells(t) = c(low))",,0.716504
"As seen with CD3 + T-cells, a steady decline in CD20 + B-cells was observed beginning by days 3 and 5, with the largest decrease of approximately two to threefold noted by day 7 or 8.",0,raw,"globally[3,8](d_bcells(t) < 0) and eventually[7,8](bcells(t) < c(low))",,0.736793
"As seen with CD3 + T-cells, a steady decline in CD20 + B-cells was observed beginning by days 3 and 5, with the largest decrease of approximately two to threefold noted by day 7 or 8.",0,raw,"globally[3,8](d_bcells(t) < 0) and eventually[7,8](bcells(t) = c(low))",,0.732121
"As seen with CD3 + T-cells, a steady decline in CD20 + B-cells was observed beginning by days 3 and 5, with the largest decrease of approximately two to threefold noted by day 7 or 8.",0,raw,"eventually[3,5]globally(d_bcells(t) < 0) and eventually[7,8](bcells(t) < bcells(0))",,0.747741
"As seen with CD3 + T-cells, a steady decline in CD20 + B-cells was observed beginning by days 3 and 5, with the largest decrease of approximately two to threefold noted by day 7 or 8.",0,raw,"eventually[3,5]globally(d_bcells(t) < -d_c(low)) and eventually[7,8](bcells(t) < c(low))",,0.741603
"As seen with CD3 + T-cells, a steady decline in CD20 + B-cells was observed beginning by days 3 and 5, with the largest decrease of approximately two to threefold noted by day 7 or 8.",0,raw,"globally[3,8](d_bcells(t) < 0) and eventually[7,8](bcells(t) < bcells(3))",,0.738785
"As seen with CD3 + T-cells, a steady decline in CD20 + B-cells was observed beginning by days 3 and 5, with the largest decrease of approximately two to threefold noted by day 7 or 8.",0,raw,"globally[3,8](d_bcells(t) < 0) and eventually[7,8](bcells(t) < bcells(0))",,0.734663
"As seen with CD3 + T-cells, a steady decline in CD20 + B-cells was observed beginning by days 3 and 5, with the largest decrease of approximately two to threefold noted by day 7 or 8.",0,consolidated,"eventually[3,5]globally(d_bcells(t) < 0)",1,0.762227
"As seen with CD3 + T-cells, a steady decline in CD20 + B-cells was observed beginning by days 3 and 5, with the largest decrease of approximately two to threefold noted by day 7 or 8.",0,consolidated,"eventually[7,8](bcells(t) < c(low))",1,0.640265
"As seen with CD3 + T-cells, a steady decline in CD20 + B-cells was observed beginning by days 3 and 5, with the largest decrease of approximately two to threefold noted by day 7 or 8.",0,consolidated,"eventually[7,8](bcells(t) < bcells(0))",1,0.630803
"Within 5–6 days of symptom onset, SARS-CoV-2 viral load reaches its peak, which is much earlier than SARS-CoV.",1,raw,"eventually[5,6](d_sarscov2(t) = 0)",,0.663616
"Within 5–6 days of symptom onset, SARS-CoV-2 viral load reaches its peak, which is much earlier than SARS-CoV.",1,raw,"eventually[5,6](d_sarscov2(t) = 0)",,0.663616
"Within 5–6 days of symptom onset, SARS-CoV-2 viral load reaches its peak, which is much earlier than SARS-CoV.",1,raw,"eventually[5,6](d_sarscov2(t) = 0)",,0.663616
"Within 5–6 days of symptom onset, SARS-CoV-2 viral load reaches its peak, which is much earlier than SARS-CoV.",1,raw,"eventually[5,6](d_sarscov2(t) = 0)",,0.663616
"Within 5–6 days of symptom onset, SARS-CoV-2 viral load reaches its peak, which is much earlier than SARS-CoV.",1,raw,"eventually[5,6](d_sarscov2(t) = 0)",,0.663616
"Within 5–6 days of symptom onset, SARS-CoV-2 viral load reaches its peak, which is much earlier than SARS-CoV.",1,raw,"eventually[5,6](d_sarscov2(t) = 0) and globally[0,6](d_sarscov(t) > 0)",,0.644734
"Within 5–6 days of symptom onset, SARS-CoV-2 viral load reaches its peak, which is much earlier than SARS-CoV.",1,raw,"eventually[5,6](d_sarscov2(t) = 0)",,0.663616
"Within 5–6 days of symptom onset, SARS-CoV-2 viral load reaches its peak, which is much earlier than SARS-CoV.",1,raw,"eventually[5,6](d_sarscov2(t) = 0)",,0.663616
"Within 5–6 days of symptom onset, SARS-CoV-2 viral load reaches its peak, which is much earlier than SARS-CoV.",1,raw,"eventually[5,6](d_sarscov2(t) = 0 and d_sarscov(t) > 0)",,0.651391
"Within 5–6 days of symptom onset, SARS-CoV-2 viral load reaches its peak, which is much earlier than SARS-CoV.",1,raw,"eventually[5,6](d_sarscov2(t) = 0)",,0.663616
"Within 5–6 days of symptom onset, SARS-CoV-2 viral load reaches its peak, which is much earlier than SARS-CoV.",1,raw,"eventually[5,6](d_sarscov2(t) = 0) and eventually[6,inf](d_sarscov(t) = 0)",,0.618531
"Within 5–6 days of symptom onset, SARS-CoV-2 viral load reaches its peak, which is much earlier than SARS-CoV.",1,raw,"eventually[5,6](d_sarscov2(t) = 0)",,0.663616
"Within 5–6 days of symptom onset, SARS-CoV-2 viral load reaches its peak, which is much earlier than SARS-CoV.",1,raw,"eventually[5,6](d_sarscov2(t) = 0 and d_sarscov(t) > 0)",,0.651391
"Within 5–6 days of symptom onset, SARS-CoV-2 viral load reaches its peak, which is much earlier than SARS-CoV.",1,raw,"eventually[5,6](d_sarscov2(t) = 0) and eventually[5,6](d_sarscov(t) > 0)",,0.643986
"Within 5–6 days of symptom onset, SARS-CoV-2 viral load reaches its peak, which is much earlier than SARS-CoV.",1,raw,"eventually[5,6](d_sarscov2(t) = 0) and eventually[6, inf](d_sarscov(t) = 0)",,0.618531
"Within 5–6 days of symptom onset, SARS-CoV-2 viral load reaches its peak, which is much earlier than SARS-CoV.",1,consolidated,"eventually[5,6](d_sarscov2(t) = 0)",1,0.663616
