sentence,group,step,stl_formula,label,cosine_sim,,
"In patients with COVID-19, SARS-CoV-2-specific T-cells appear in peripheral blood within two weeks of symptom onset (31).",2,raw,"eventually[0,14](d_tcells(t) > d_c(low))",,0.392411,,0.42785817
"In patients with COVID-19, SARS-CoV-2-specific T-cells appear in peripheral blood within two weeks of symptom onset (31).",2,raw,"eventually[0,14](d_tcells(t) > d_c(low))",,0.392411,,
"In patients with COVID-19, SARS-CoV-2-specific T-cells appear in peripheral blood within two weeks of symptom onset (31).",2,raw,"eventually[0,14](d_tcells(t) > d_c(low))",,0.392411,,
"In patients with COVID-19, SARS-CoV-2-specific T-cells appear in peripheral blood within two weeks of symptom onset (31).",2,raw,"eventually[0,14](d_tcells(t) > d_c(low))",,0.392411,,
"In patients with COVID-19, SARS-CoV-2-specific T-cells appear in peripheral blood within two weeks of symptom onset (31).",2,raw,"eventually[0,14](d_tcells(t) > d_c(low))",,0.392411,,
"In patients with COVID-19, SARS-CoV-2-specific T-cells appear in peripheral blood within two weeks of symptom onset (31).",2,raw,"eventually[0,14](d_tcells(t) > 0)",,0.413038,,
"In patients with COVID-19, SARS-CoV-2-specific T-cells appear in peripheral blood within two weeks of symptom onset (31).",2,raw,"eventually[0,14](d_tcells(t) > 0)",,0.413038,,
"In patients with COVID-19, SARS-CoV-2-specific T-cells appear in peripheral blood within two weeks of symptom onset (31).",2,raw,"eventually[0,14](tcells(t) > c(low))",,0.427858,,
"In patients with COVID-19, SARS-CoV-2-specific T-cells appear in peripheral blood within two weeks of symptom onset (31).",2,raw,"eventually[0,14](tcells(t) > c(low))",,0.427858,,
"In patients with COVID-19, SARS-CoV-2-specific T-cells appear in peripheral blood within two weeks of symptom onset (31).",2,raw,"eventually[0,14](tcells(t) > c(low))",,0.427858,,
"In patients with COVID-19, SARS-CoV-2-specific T-cells appear in peripheral blood within two weeks of symptom onset (31).",2,raw,"eventually[0,14](tcells(t) > c(low))",,0.427858,,
"In patients with COVID-19, SARS-CoV-2-specific T-cells appear in peripheral blood within two weeks of symptom onset (31).",2,raw,"eventually[0,14](tcells(t) > c(low))",,0.427858,,
"In patients with COVID-19, SARS-CoV-2-specific T-cells appear in peripheral blood within two weeks of symptom onset (31).",2,raw,"eventually[0,14](tcells(t) > c(low))",,0.427858,,
"In patients with COVID-19, SARS-CoV-2-specific T-cells appear in peripheral blood within two weeks of symptom onset (31).",2,raw,"eventually[0,14](tcells(t) > c(low))",,0.427858,,
"In patients with COVID-19, SARS-CoV-2-specific T-cells appear in peripheral blood within two weeks of symptom onset (31).",2,raw,"eventually[0,14](tcells(t) > c(low))",,0.427858,,
"In patients with COVID-19, SARS-CoV-2-specific T-cells appear in peripheral blood within two weeks of symptom onset (31).",2,raw,"eventually[0,14](tcells(t) > c(low))",,0.427858,,
"In patients with COVID-19, SARS-CoV-2-specific T-cells appear in peripheral blood within two weeks of symptom onset (31).",2,raw,"eventually[0,14](tcells(t) > c(low))",,0.427858,,
"In patients with COVID-19, SARS-CoV-2-specific T-cells appear in peripheral blood within two weeks of symptom onset (31).",2,raw,"eventually[0,14](tcells(t) > c(low))",,0.427858,,
"In patients with COVID-19, SARS-CoV-2-specific T-cells appear in peripheral blood within two weeks of symptom onset (31).",2,raw,"eventually[0,14](sarscov2(t) > c(low))",,0.502746,,
"In patients with COVID-19, SARS-CoV-2-specific T-cells appear in peripheral blood within two weeks of symptom onset (31).",2,filtered,"eventually[0,14](tcells(t) > c(low))",1,0.427858,,
"In patients with COVID-19, SARS-CoV-2-specific T-cells appear in peripheral blood within two weeks of symptom onset (31).",2,filtered,"eventually[0,14](tcells(t) > c(low))",1,0.427858,,
"In patients with COVID-19, SARS-CoV-2-specific T-cells appear in peripheral blood within two weeks of symptom onset (31).",2,filtered,"eventually[0,14](tcells(t) > c(low))",1,0.427858,,
"In patients with COVID-19, SARS-CoV-2-specific T-cells appear in peripheral blood within two weeks of symptom onset (31).",2,filtered,"eventually[0,14](tcells(t) > c(low))",1,0.427858,,
"In patients with COVID-19, SARS-CoV-2-specific T-cells appear in peripheral blood within two weeks of symptom onset (31).",2,filtered,"eventually[0,14](tcells(t) > c(low))",1,0.427858,,
"In patients with COVID-19, SARS-CoV-2-specific T-cells appear in peripheral blood within two weeks of symptom onset (31).",2,filtered,"eventually[0,14](tcells(t) > c(low))",1,0.427858,,
"In patients with COVID-19, SARS-CoV-2-specific T-cells appear in peripheral blood within two weeks of symptom onset (31).",2,filtered,"eventually[0,14](tcells(t) > c(low))",1,0.427858,,
"In patients with COVID-19, SARS-CoV-2-specific T-cells appear in peripheral blood within two weeks of symptom onset (31).",2,filtered,"eventually[0,14](tcells(t) > c(low))",1,0.427858,,
"In patients with COVID-19, SARS-CoV-2-specific T-cells appear in peripheral blood within two weeks of symptom onset (31).",2,filtered,"eventually[0,14](tcells(t) > c(low))",1,0.427858,,
"In patients with COVID-19, SARS-CoV-2-specific T-cells appear in peripheral blood within two weeks of symptom onset (31).",2,filtered,"eventually[0,14](sarscov2(t) > c(low))",0,0.502746,,
"In patients with COVID-19, SARS-CoV-2-specific T-cells appear in peripheral blood within two weeks of symptom onset (31).",2,filtered,"eventually[0,14](tcells(t) > c(low))",1,0.427858,,
"In patients with COVID-19, SARS-CoV-2-specific T-cells appear in peripheral blood within two weeks of symptom onset (31).",2,filtered,"eventually[0,14](tcells(t) > c(low))",1,0.427858,,
"In patients with COVID-19, SARS-CoV-2-specific T-cells appear in peripheral blood within two weeks of symptom onset (31).",2,consolidated,"eventually[0,14](tcells(t) > c(low))",1,0.427858,,
"In patients with COVID-19, SARS-CoV-2-specific T-cells appear in peripheral blood within two weeks of symptom onset (31).",2,consolidated,"eventually[0,14](sarscov2(t) > c(low))",0,0.502746,,
This is the reason that seroconversion (undetectable stage to production of IgM followed by IgG) in 100% of infected people (with positive virus-specific IgG) is achieved 17–19 days after commencement of indications [7].,1,raw,"eventually[17,19]globally(igg(t) = c(high))",,0.48228,,
This is the reason that seroconversion (undetectable stage to production of IgM followed by IgG) in 100% of infected people (with positive virus-specific IgG) is achieved 17–19 days after commencement of indications [7].,1,raw,"eventually[17,19](igm(t) > c(low) and igg(t) > c(low))",,0.622595,,
This is the reason that seroconversion (undetectable stage to production of IgM followed by IgG) in 100% of infected people (with positive virus-specific IgG) is achieved 17–19 days after commencement of indications [7].,1,raw,"eventually[17,19](sarscov2(t)=c(high))",,0.346183,,
This is the reason that seroconversion (undetectable stage to production of IgM followed by IgG) in 100% of infected people (with positive virus-specific IgG) is achieved 17–19 days after commencement of indications [7].,1,raw,"eventually[17,19](igm(t) > c(low) and igg(t) > c(high))",,0.618797,,
This is the reason that seroconversion (undetectable stage to production of IgM followed by IgG) in 100% of infected people (with positive virus-specific IgG) is achieved 17–19 days after commencement of indications [7].,1,raw,"globally[17,19](igg(t) = c(high))",,0.469959,,
This is the reason that seroconversion (undetectable stage to production of IgM followed by IgG) in 100% of infected people (with positive virus-specific IgG) is achieved 17–19 days after commencement of indications [7].,1,raw,"globally[17,19](igg(t) > c(low))",,0.491377,,
This is the reason that seroconversion (undetectable stage to production of IgM followed by IgG) in 100% of infected people (with positive virus-specific IgG) is achieved 17–19 days after commencement of indications [7].,1,raw,"eventually[17,19](igg(t) > c(low))",,0.508618,,
This is the reason that seroconversion (undetectable stage to production of IgM followed by IgG) in 100% of infected people (with positive virus-specific IgG) is achieved 17–19 days after commencement of indications [7].,1,raw,"eventually[17,19]globally(sarscov2(t) = c(high))",,0.330009,,
This is the reason that seroconversion (undetectable stage to production of IgM followed by IgG) in 100% of infected people (with positive virus-specific IgG) is achieved 17–19 days after commencement of indications [7].,1,raw,"eventually[17,19](igg(t) > c(low))",,0.508618,,
This is the reason that seroconversion (undetectable stage to production of IgM followed by IgG) in 100% of infected people (with positive virus-specific IgG) is achieved 17–19 days after commencement of indications [7].,1,raw,"globally[17,19](igg(t) = c(high))",,0.469959,,
This is the reason that seroconversion (undetectable stage to production of IgM followed by IgG) in 100% of infected people (with positive virus-specific IgG) is achieved 17–19 days after commencement of indications [7].,1,raw,"eventually[17,19](igg(t) > c(mid))",,0.518833,,
This is the reason that seroconversion (undetectable stage to production of IgM followed by IgG) in 100% of infected people (with positive virus-specific IgG) is achieved 17–19 days after commencement of indications [7].,1,raw,"eventually[17,19](sarscov2(t) > c(high))",,0.348075,,
This is the reason that seroconversion (undetectable stage to production of IgM followed by IgG) in 100% of infected people (with positive virus-specific IgG) is achieved 17–19 days after commencement of indications [7].,1,raw,"globally[17,19](igg(t) = c(high))",,0.469959,,
This is the reason that seroconversion (undetectable stage to production of IgM followed by IgG) in 100% of infected people (with positive virus-specific IgG) is achieved 17–19 days after commencement of indications [7].,1,raw,"globally[17,19](igg(t)=c(high))",,0.469959,,
This is the reason that seroconversion (undetectable stage to production of IgM followed by IgG) in 100% of infected people (with positive virus-specific IgG) is achieved 17–19 days after commencement of indications [7].,1,raw,"globally[17,19](igm(t) > c(low) and igg(t) = c(high))",,0.613432,,
This is the reason that seroconversion (undetectable stage to production of IgM followed by IgG) in 100% of infected people (with positive virus-specific IgG) is achieved 17–19 days after commencement of indications [7].,1,raw,"eventually[17,19](igg(t)=c(high))",,0.487048,,
This is the reason that seroconversion (undetectable stage to production of IgM followed by IgG) in 100% of infected people (with positive virus-specific IgG) is achieved 17–19 days after commencement of indications [7].,1,raw,"eventually[17,19](igg(t) > c(low))",,0.508618,,
This is the reason that seroconversion (undetectable stage to production of IgM followed by IgG) in 100% of infected people (with positive virus-specific IgG) is achieved 17–19 days after commencement of indications [7].,1,raw,"globally[17,19](igm(t) > c(low) and igg(t) = c(high))",,0.613432,,
This is the reason that seroconversion (undetectable stage to production of IgM followed by IgG) in 100% of infected people (with positive virus-specific IgG) is achieved 17–19 days after commencement of indications [7].,1,raw,"globally[17,19](igm(t) > c(low) and igg(t) = c(high))",,0.613432,,
This is the reason that seroconversion (undetectable stage to production of IgM followed by IgG) in 100% of infected people (with positive virus-specific IgG) is achieved 17–19 days after commencement of indications [7].,1,raw,"eventually[17,19](igm(t) > c(low) and igg(t) = c(high))",,0.616504,,
This is the reason that seroconversion (undetectable stage to production of IgM followed by IgG) in 100% of infected people (with positive virus-specific IgG) is achieved 17–19 days after commencement of indications [7].,1,raw,"globally[17,19](igg(t) > c(low))",,0.491377,,
This is the reason that seroconversion (undetectable stage to production of IgM followed by IgG) in 100% of infected people (with positive virus-specific IgG) is achieved 17–19 days after commencement of indications [7].,1,raw,"eventually[17,19](igg(t) = c(high))",,0.487048,,
This is the reason that seroconversion (undetectable stage to production of IgM followed by IgG) in 100% of infected people (with positive virus-specific IgG) is achieved 17–19 days after commencement of indications [7].,1,raw,"eventually[17,19](igg(t) = c(high))",,0.487048,,
This is the reason that seroconversion (undetectable stage to production of IgM followed by IgG) in 100% of infected people (with positive virus-specific IgG) is achieved 17–19 days after commencement of indications [7].,1,raw,"eventually[17,19]globally(sarscov2(t) < c(low) implies igg(t) > c(mid))",,0.578717,,
This is the reason that seroconversion (undetectable stage to production of IgM followed by IgG) in 100% of infected people (with positive virus-specific IgG) is achieved 17–19 days after commencement of indications [7].,1,filtered,"eventually[17,19](igm(t) > c(low) and igg(t) > c(low))",1,0.622595,,
This is the reason that seroconversion (undetectable stage to production of IgM followed by IgG) in 100% of infected people (with positive virus-specific IgG) is achieved 17–19 days after commencement of indications [7].,1,filtered,"eventually[17,19](igm(t) > c(low) and igg(t) > c(high))",1,0.618797,,
This is the reason that seroconversion (undetectable stage to production of IgM followed by IgG) in 100% of infected people (with positive virus-specific IgG) is achieved 17–19 days after commencement of indications [7].,1,filtered,"globally[17,19](igm(t) > c(low) and igg(t) = c(high))",1,0.613432,,
This is the reason that seroconversion (undetectable stage to production of IgM followed by IgG) in 100% of infected people (with positive virus-specific IgG) is achieved 17–19 days after commencement of indications [7].,1,filtered,"globally[17,19](igm(t) > c(low) and igg(t) = c(high))",1,0.613432,,
This is the reason that seroconversion (undetectable stage to production of IgM followed by IgG) in 100% of infected people (with positive virus-specific IgG) is achieved 17–19 days after commencement of indications [7].,1,filtered,"globally[17,19](igm(t) > c(low) and igg(t) = c(high))",1,0.613432,,
This is the reason that seroconversion (undetectable stage to production of IgM followed by IgG) in 100% of infected people (with positive virus-specific IgG) is achieved 17–19 days after commencement of indications [7].,1,filtered,"eventually[17,19](igm(t) > c(low) and igg(t) = c(high))",1,0.616504,,
This is the reason that seroconversion (undetectable stage to production of IgM followed by IgG) in 100% of infected people (with positive virus-specific IgG) is achieved 17–19 days after commencement of indications [7].,1,consolidated,"eventually[17,19](igm(t) > c(low) and igg(t) > c(low))",1,0.622595,,
"Following day 10, IL-6 remains increased whereas IFN-α tapered.",2,raw,"globally[11,inf](il6(t) > c(mid) and d_ifnα(t) = -d_c(low))",,0.836494,,
"Following day 10, IL-6 remains increased whereas IFN-α tapered.",2,raw,"globally[10,inf](il6(t) > c(mid)) and globally[10,inf](d_ifnα(t) < 0)",,0.818636,,
"Following day 10, IL-6 remains increased whereas IFN-α tapered.",2,raw,"globally[10,inf](il6(t) > c(mid) and d_ifnα(t) < 0)",,0.846085,,
"Following day 10, IL-6 remains increased whereas IFN-α tapered.",2,raw,"globally[10,inf](il6(t) > c(mid) and d_ifnα(t) < 0)",,0.846085,,
"Following day 10, IL-6 remains increased whereas IFN-α tapered.",2,raw,"globally[10,inf](il6(t) > c(mid) and d_ifnα(t) < 0)",,0.846085,,
"Following day 10, IL-6 remains increased whereas IFN-α tapered.",2,raw,"eventually[10,inf]globally(il6(t) > c(mid) and d_ifnα(t) < -d_c(low))",,0.846597,,
"Following day 10, IL-6 remains increased whereas IFN-α tapered.",2,raw,"globally[10,inf](il6(t) > c(mid)) and eventually[10,inf]globally(d_ifnα(t) = 0)",,0.815355,,
"Following day 10, IL-6 remains increased whereas IFN-α tapered.",2,raw,"globally[10,inf](il6(t) > c(mid) and d_ifnα(t) < -d_c(low))",,0.84093,,
"Following day 10, IL-6 remains increased whereas IFN-α tapered.",2,raw,"globally[11,inf](il6(t) > c(mid) and d_ifnα(t) < 0)",,0.84202,,
"Following day 10, IL-6 remains increased whereas IFN-α tapered.",2,raw,"globally[10,inf](il6(t) > c(mid)) and globally[10,inf](d_ifnα(t) < 0)",,0.818636,,
"Following day 10, IL-6 remains increased whereas IFN-α tapered.",2,raw,"globally[10,inf](il6(t) > c(mid) and d_ifnα(t) < 0)",,0.846085,,
"Following day 10, IL-6 remains increased whereas IFN-α tapered.",2,raw,"globally[10,inf](il6(t) > c(mid) and d_ifnα(t) < 0)",,0.846085,,
"Following day 10, IL-6 remains increased whereas IFN-α tapered.",2,raw,"globally[10,inf](il6(t) > c(mid) and d_ifnα(t) < 0)",,0.846085,,
"Following day 10, IL-6 remains increased whereas IFN-α tapered.",2,raw,"globally[11,inf](il6(t) > c(mid)) and globally[11,inf](d_ifnα(t) < -d_c(low))",,0.809071,,
"Following day 10, IL-6 remains increased whereas IFN-α tapered.",2,raw,"globally[10,inf](il6(t) > c(mid)) and eventually[10,inf](d_ifnα(t) < 0)",,0.830586,,
"Following day 10, IL-6 remains increased whereas IFN-α tapered.",2,raw,"globally[10,inf](il6(t) > c(mid) and d_ifnα(t) < 0)",,0.846085,,
"Following day 10, IL-6 remains increased whereas IFN-α tapered.",2,raw,"globally[11,inf](il6(t) > c(mid) and d_ifnα(t) < 0)",,0.84202,,
"Following day 10, IL-6 remains increased whereas IFN-α tapered.",2,raw,"globally[11,inf](il6(t) > c(mid) and d_ifnα(t) < 0)",,0.84202,,
"Following day 10, IL-6 remains increased whereas IFN-α tapered.",2,filtered,"globally[10,inf](il6(t) > c(mid) and d_ifnα(t) < 0)",1,0.846085,,
"Following day 10, IL-6 remains increased whereas IFN-α tapered.",2,filtered,"globally[10,inf](il6(t) > c(mid) and d_ifnα(t) < 0)",1,0.846085,,
"Following day 10, IL-6 remains increased whereas IFN-α tapered.",2,filtered,"globally[10,inf](il6(t) > c(mid) and d_ifnα(t) < 0)",1,0.846085,,
"Following day 10, IL-6 remains increased whereas IFN-α tapered.",2,filtered,"eventually[10,inf]globally(il6(t) > c(mid) and d_ifnα(t) < -d_c(low))",1,0.846597,,
"Following day 10, IL-6 remains increased whereas IFN-α tapered.",2,filtered,"globally[10,inf](il6(t) > c(mid) and d_ifnα(t) < 0)",1,0.846085,,
"Following day 10, IL-6 remains increased whereas IFN-α tapered.",2,filtered,"globally[10,inf](il6(t) > c(mid) and d_ifnα(t) < 0)",1,0.846085,,
"Following day 10, IL-6 remains increased whereas IFN-α tapered.",2,filtered,"globally[10,inf](il6(t) > c(mid) and d_ifnα(t) < 0)",1,0.846085,,
"Following day 10, IL-6 remains increased whereas IFN-α tapered.",2,filtered,"globally[10,inf](il6(t) > c(mid) and d_ifnα(t) < 0)",1,0.846085,,
"Following day 10, IL-6 remains increased whereas IFN-α tapered.",2,consolidated,"globally[10,inf](il6(t) > c(mid) and d_ifnα(t) < 0)",1,0.846085,,
"Following day 10, IL-6 remains increased whereas IFN-α tapered.",2,consolidated,"eventually[10,inf]globally(il6(t) > c(mid) and d_ifnα(t) < -d_c(low))",1,0.846597,,
"Two days postinfection, permissive Vero cells produced high peak titers of 5 x 10^6 TCID_50s/ml and 1 x 10^7 TCID_50s/ml of MERS- and SARS-CoV, respectively (Fig. 1B, panel i).",2,raw,merscov(t) = c(high) and sarscov(t) = c(high),,0.397068,,
"Two days postinfection, permissive Vero cells produced high peak titers of 5 x 10^6 TCID_50s/ml and 1 x 10^7 TCID_50s/ml of MERS- and SARS-CoV, respectively (Fig. 1B, panel i).",2,raw,merscov(t) > c(high) and sarscov(t) > c(high),,0.412674,,
"Two days postinfection, permissive Vero cells produced high peak titers of 5 x 10^6 TCID_50s/ml and 1 x 10^7 TCID_50s/ml of MERS- and SARS-CoV, respectively (Fig. 1B, panel i).",2,raw,"globally[2,2](titers(t) = c(high) and merscov(t) = c(high))",,0.435223,,
"Two days postinfection, permissive Vero cells produced high peak titers of 5 x 10^6 TCID_50s/ml and 1 x 10^7 TCID_50s/ml of MERS- and SARS-CoV, respectively (Fig. 1B, panel i).",2,raw,merscov(t) > c(high),,0.306534,,
"Two days postinfection, permissive Vero cells produced high peak titers of 5 x 10^6 TCID_50s/ml and 1 x 10^7 TCID_50s/ml of MERS- and SARS-CoV, respectively (Fig. 1B, panel i).",2,raw,"globally[2,2](merscov(t) > c(high) and sarscov(t) > c(high))",,0.509467,,
"Two days postinfection, permissive Vero cells produced high peak titers of 5 x 10^6 TCID_50s/ml and 1 x 10^7 TCID_50s/ml of MERS- and SARS-CoV, respectively (Fig. 1B, panel i).",2,raw,"globally[2,2](merscov(t)=c(high) and sarscov(t)=c(high))",,0.49958,,
"Two days postinfection, permissive Vero cells produced high peak titers of 5 x 10^6 TCID_50s/ml and 1 x 10^7 TCID_50s/ml of MERS- and SARS-CoV, respectively (Fig. 1B, panel i).",2,raw,"globally[2,2](merscov(t) > c(high) and sarscov(t) > c(high))",,0.509467,,
"Two days postinfection, permissive Vero cells produced high peak titers of 5 x 10^6 TCID_50s/ml and 1 x 10^7 TCID_50s/ml of MERS- and SARS-CoV, respectively (Fig. 1B, panel i).",2,raw,"sarscov2(t) > c(high) and eventually[2,2](merscov(t) > c(high))",,0.525045,,
"Two days postinfection, permissive Vero cells produced high peak titers of 5 x 10^6 TCID_50s/ml and 1 x 10^7 TCID_50s/ml of MERS- and SARS-CoV, respectively (Fig. 1B, panel i).",2,raw,merscov(t) = c(high) and sarscov(t) = c(high),,0.397068,,
"Two days postinfection, permissive Vero cells produced high peak titers of 5 x 10^6 TCID_50s/ml and 1 x 10^7 TCID_50s/ml of MERS- and SARS-CoV, respectively (Fig. 1B, panel i).",2,raw,"globally[2,inf](merscov(t) = c(high) and sarscov(t) = c(high))",,0.47317,,
"Two days postinfection, permissive Vero cells produced high peak titers of 5 x 10^6 TCID_50s/ml and 1 x 10^7 TCID_50s/ml of MERS- and SARS-CoV, respectively (Fig. 1B, panel i).",2,raw,"eventually[2,2](merscov(t) = c(high) and sarscov(t) = c(high))",,0.495167,,
"Two days postinfection, permissive Vero cells produced high peak titers of 5 x 10^6 TCID_50s/ml and 1 x 10^7 TCID_50s/ml of MERS- and SARS-CoV, respectively (Fig. 1B, panel i).",2,raw,"globally[2,2](merscov(t) > c(high) and sarscov(t) > c(high))",,0.509467,,
"Two days postinfection, permissive Vero cells produced high peak titers of 5 x 10^6 TCID_50s/ml and 1 x 10^7 TCID_50s/ml of MERS- and SARS-CoV, respectively (Fig. 1B, panel i).",2,raw,"globally[2,inf](merscov(t) > c(high) and sarscov(t) > c(high))",,0.482633,,
"Two days postinfection, permissive Vero cells produced high peak titers of 5 x 10^6 TCID_50s/ml and 1 x 10^7 TCID_50s/ml of MERS- and SARS-CoV, respectively (Fig. 1B, panel i).",2,raw,"globally[2,inf](merscov(t) = c(high) and sarscov(t) = c(high))",,0.47317,,
"Two days postinfection, permissive Vero cells produced high peak titers of 5 x 10^6 TCID_50s/ml and 1 x 10^7 TCID_50s/ml of MERS- and SARS-CoV, respectively (Fig. 1B, panel i).",2,filtered,"globally[2,2](merscov(t) > c(high) and sarscov(t) > c(high))",0,0.509467,,
"Two days postinfection, permissive Vero cells produced high peak titers of 5 x 10^6 TCID_50s/ml and 1 x 10^7 TCID_50s/ml of MERS- and SARS-CoV, respectively (Fig. 1B, panel i).",2,filtered,"globally[2,2](merscov(t) > c(high) and sarscov(t) > c(high))",0,0.509467,,
"Two days postinfection, permissive Vero cells produced high peak titers of 5 x 10^6 TCID_50s/ml and 1 x 10^7 TCID_50s/ml of MERS- and SARS-CoV, respectively (Fig. 1B, panel i).",2,filtered,"sarscov2(t) > c(high) and eventually[2,2](merscov(t) > c(high))",0,0.525045,,
"Two days postinfection, permissive Vero cells produced high peak titers of 5 x 10^6 TCID_50s/ml and 1 x 10^7 TCID_50s/ml of MERS- and SARS-CoV, respectively (Fig. 1B, panel i).",2,filtered,"globally[2,2](merscov(t) > c(high) and sarscov(t) > c(high))",0,0.509467,,
"Two days postinfection, permissive Vero cells produced high peak titers of 5 x 10^6 TCID_50s/ml and 1 x 10^7 TCID_50s/ml of MERS- and SARS-CoV, respectively (Fig. 1B, panel i).",2,consolidated,"globally[2,2](merscov(t) > c(high) and sarscov(t) > c(high))",0,0.509467,,
"Two days postinfection, permissive Vero cells produced high peak titers of 5 x 10^6 TCID_50s/ml and 1 x 10^7 TCID_50s/ml of MERS- and SARS-CoV, respectively (Fig. 1B, panel i).",2,consolidated,sarscov2(t) > c(high),0,0.438347,,
"Two days postinfection, permissive Vero cells produced high peak titers of 5 x 10^6 TCID_50s/ml and 1 x 10^7 TCID_50s/ml of MERS- and SARS-CoV, respectively (Fig. 1B, panel i).",2,consolidated,"eventually[2,2](merscov(t) > c(high))",0,0.419428,,
"In parallel, stimulation with CpG 2216 also resulted in lower, but clearly detectable, amounts of IFNs.",2,raw,ifn(t) > c(low),,0.428367,,
"In parallel, stimulation with CpG 2216 also resulted in lower, but clearly detectable, amounts of IFNs.",2,raw,ifnα(t) > c(low) and ifnα(t) < c(mid),,0.493938,,
"In parallel, stimulation with CpG 2216 also resulted in lower, but clearly detectable, amounts of IFNs.",2,raw,ifn(t) < c(mid) and ifn(t) > c(low),,0.458293,,
"In parallel, stimulation with CpG 2216 also resulted in lower, but clearly detectable, amounts of IFNs.",2,raw,ifnα(t) > c(low) and ifnα(t) < c(mid),,0.493938,,
"In parallel, stimulation with CpG 2216 also resulted in lower, but clearly detectable, amounts of IFNs.",2,raw,cpg2216(t) > c(low) implies ifn(t) > c(low),,0.643752,,
"In parallel, stimulation with CpG 2216 also resulted in lower, but clearly detectable, amounts of IFNs.",2,raw,ifnα(t) > c(low) and ifnα(t) < c(mid),,0.493938,,
"In parallel, stimulation with CpG 2216 also resulted in lower, but clearly detectable, amounts of IFNs.",2,raw,ifn(t) > c(low) and ifn(t) < c(high),,0.478934,,
"In parallel, stimulation with CpG 2216 also resulted in lower, but clearly detectable, amounts of IFNs.",2,raw,ifn(t) > c(low) and ifn(t) < c(mid),,0.471719,,
"In parallel, stimulation with CpG 2216 also resulted in lower, but clearly detectable, amounts of IFNs.",2,raw,cpg2216(t) > c(low) and ifn(t) < c(mid),,0.658134,,
"In parallel, stimulation with CpG 2216 also resulted in lower, but clearly detectable, amounts of IFNs.",2,raw,ifnα(t) > c(low) and ifnα(t) < c(high) and ifnβ(t) > c(low) and ifnβ(t) < c(high),,0.413403,,
"In parallel, stimulation with CpG 2216 also resulted in lower, but clearly detectable, amounts of IFNs.",2,raw,cpg2216(t) < c(mid) and ifn(t) > c(low),,0.654729,,
"In parallel, stimulation with CpG 2216 also resulted in lower, but clearly detectable, amounts of IFNs.",2,raw,ifn(t) > c(low) and ifn(t) < c(mid),,0.471719,,
"In parallel, stimulation with CpG 2216 also resulted in lower, but clearly detectable, amounts of IFNs.",2,raw,ifnα(t) = c(low) and ifnβ(t) = c(low),,0.491548,,
"In parallel, stimulation with CpG 2216 also resulted in lower, but clearly detectable, amounts of IFNs.",2,raw,cpg2216(t) > c(low) and ifn(t) < c(mid),,0.658134,,
"In parallel, stimulation with CpG 2216 also resulted in lower, but clearly detectable, amounts of IFNs.",2,raw,ifnα(t) > c(low) and ifnα(t) < c(mid),,0.493938,,
"In parallel, stimulation with CpG 2216 also resulted in lower, but clearly detectable, amounts of IFNs.",2,raw,ifn(t) > c(low) and ifn(t) < c(mid),,0.471719,,
"In parallel, stimulation with CpG 2216 also resulted in lower, but clearly detectable, amounts of IFNs.",2,raw,cpg2216(t) > c(low) implies ifn(t) < c(mid) and ifn(t) > c(low),,0.638972,,
"In parallel, stimulation with CpG 2216 also resulted in lower, but clearly detectable, amounts of IFNs.",2,raw,ifnα(t) > c(low) and ifnα(t) < c(mid),,0.493938,,
"In parallel, stimulation with CpG 2216 also resulted in lower, but clearly detectable, amounts of IFNs.",2,raw,cpg2216(t) > c(low) and ifn(t) < c(mid),,0.658134,,
"In parallel, stimulation with CpG 2216 also resulted in lower, but clearly detectable, amounts of IFNs.",2,raw,ifnα(t) < c(mid) and ifnα(t) > c(low),,0.493454,,
"In parallel, stimulation with CpG 2216 also resulted in lower, but clearly detectable, amounts of IFNs.",2,raw,"globally[0,inf](ifn(t) > c(low) and ifn(t) < c(mid))",,0.297471,,
"In parallel, stimulation with CpG 2216 also resulted in lower, but clearly detectable, amounts of IFNs.",2,raw,ifn(t) > c(low) and ifn(t) < c(mid),,0.471719,,
"In parallel, stimulation with CpG 2216 also resulted in lower, but clearly detectable, amounts of IFNs.",2,raw,cpg2216(t) < c(mid) and ifn(t) > c(low),,0.654729,,
"In parallel, stimulation with CpG 2216 also resulted in lower, but clearly detectable, amounts of IFNs.",2,raw,"globally[0,inf](ifn(t) > c(low))",,0.25517,,
"In parallel, stimulation with CpG 2216 also resulted in lower, but clearly detectable, amounts of IFNs.",2,raw,ifn(t) > c(low) and ifn(t) < c(mid),,0.471719,,
"In parallel, stimulation with CpG 2216 also resulted in lower, but clearly detectable, amounts of IFNs.",2,raw,ifnα(t)=c(low) and ifnβ(t)=c(low),,0.491548,,
"In parallel, stimulation with CpG 2216 also resulted in lower, but clearly detectable, amounts of IFNs.",2,filtered,cpg2216(t) > c(low) implies ifn(t) > c(low),1,0.643752,,
"In parallel, stimulation with CpG 2216 also resulted in lower, but clearly detectable, amounts of IFNs.",2,filtered,cpg2216(t) > c(low) and ifn(t) < c(mid),1,0.658134,,
"In parallel, stimulation with CpG 2216 also resulted in lower, but clearly detectable, amounts of IFNs.",2,filtered,cpg2216(t) < c(mid) and ifn(t) > c(low),1,0.654729,,
"In parallel, stimulation with CpG 2216 also resulted in lower, but clearly detectable, amounts of IFNs.",2,filtered,cpg2216(t) > c(low) and ifn(t) < c(mid),1,0.658134,,
"In parallel, stimulation with CpG 2216 also resulted in lower, but clearly detectable, amounts of IFNs.",2,filtered,cpg2216(t) > c(low) and ifn(t) < c(mid),1,0.658134,,
"In parallel, stimulation with CpG 2216 also resulted in lower, but clearly detectable, amounts of IFNs.",2,filtered,cpg2216(t) < c(mid) and ifn(t) > c(low),1,0.654729,,
"In parallel, stimulation with CpG 2216 also resulted in lower, but clearly detectable, amounts of IFNs.",2,consolidated,cpg2216(t) > c(low) implies ifn(t) > c(low),1,0.643752,,
"In parallel, stimulation with CpG 2216 also resulted in lower, but clearly detectable, amounts of IFNs.",2,consolidated,cpg2216(t) > c(low),1,0.491291,,
"In parallel, stimulation with CpG 2216 also resulted in lower, but clearly detectable, amounts of IFNs.",2,consolidated,cpg2216(t) < c(mid),1,0.461403,,
"In parallel, stimulation with CpG 2216 also resulted in lower, but clearly detectable, amounts of IFNs.",2,consolidated,ifn(t) < c(mid),1,0.393265,,
"In parallel, stimulation with CpG 2216 also resulted in lower, but clearly detectable, amounts of IFNs.",2,consolidated,ifn(t) > c(low),1,0.428367,,
Circulating IL-1α also was not detected (fig. S9F).,2,raw,il1α(t) < c(low),,0.674816,,
Circulating IL-1α also was not detected (fig. S9F).,2,raw,il1α(t) < c(low),,0.674816,,
Circulating IL-1α also was not detected (fig. S9F).,2,raw,il1α(t) = c(low),,0.63089,,
Circulating IL-1α also was not detected (fig. S9F).,2,raw,il1α(t) = c(low),,0.63089,,
Circulating IL-1α also was not detected (fig. S9F).,2,raw,il1α(t) < c(low),,0.674816,,
Circulating IL-1α also was not detected (fig. S9F).,2,raw,il1α(t) < c(low),,0.674816,,
Circulating IL-1α also was not detected (fig. S9F).,2,raw,il1α(t) < c(low),,0.674816,,
Circulating IL-1α also was not detected (fig. S9F).,2,raw,il1α(t) < c(low),,0.674816,,
Circulating IL-1α also was not detected (fig. S9F).,2,raw,il1α(t) < c(low),,0.674816,,
Circulating IL-1α also was not detected (fig. S9F).,2,raw,il1α(t) < c(low),,0.674816,,
Circulating IL-1α also was not detected (fig. S9F).,2,raw,il1α(t) < c(low),,0.674816,,
Circulating IL-1α also was not detected (fig. S9F).,2,raw,il1α(t) < c(low),,0.674816,,
Circulating IL-1α also was not detected (fig. S9F).,2,raw,il1α(t) < c(low),,0.674816,,
Circulating IL-1α also was not detected (fig. S9F).,2,raw,il1α(t) < c(low),,0.674816,,
Circulating IL-1α also was not detected (fig. S9F).,2,raw,il1α(t) = c(low),,0.63089,,
Circulating IL-1α also was not detected (fig. S9F).,2,raw,il1α(t) < c(low),,0.674816,,
Circulating IL-1α also was not detected (fig. S9F).,2,raw,il1α(t) < c(low),,0.674816,,
Circulating IL-1α also was not detected (fig. S9F).,2,raw,il1α(t) < c(low),,0.674816,,
Circulating IL-1α also was not detected (fig. S9F).,2,filtered,il1α(t) < c(low),1,0.674816,,
Circulating IL-1α also was not detected (fig. S9F).,2,filtered,il1α(t) < c(low),1,0.674816,,
Circulating IL-1α also was not detected (fig. S9F).,2,filtered,il1α(t) < c(low),1,0.674816,,
Circulating IL-1α also was not detected (fig. S9F).,2,filtered,il1α(t) < c(low),1,0.674816,,
Circulating IL-1α also was not detected (fig. S9F).,2,filtered,il1α(t) < c(low),1,0.674816,,
Circulating IL-1α also was not detected (fig. S9F).,2,filtered,il1α(t) < c(low),1,0.674816,,
Circulating IL-1α also was not detected (fig. S9F).,2,filtered,il1α(t) < c(low),1,0.674816,,
Circulating IL-1α also was not detected (fig. S9F).,2,filtered,il1α(t) < c(low),1,0.674816,,
Circulating IL-1α also was not detected (fig. S9F).,2,filtered,il1α(t) < c(low),1,0.674816,,
Circulating IL-1α also was not detected (fig. S9F).,2,filtered,il1α(t) < c(low),1,0.674816,,
Circulating IL-1α also was not detected (fig. S9F).,2,filtered,il1α(t) < c(low),1,0.674816,,
Circulating IL-1α also was not detected (fig. S9F).,2,filtered,il1α(t) < c(low),1,0.674816,,
Circulating IL-1α also was not detected (fig. S9F).,2,filtered,il1α(t) < c(low),1,0.674816,,
Circulating IL-1α also was not detected (fig. S9F).,2,filtered,il1α(t) < c(low),1,0.674816,,
Circulating IL-1α also was not detected (fig. S9F).,2,filtered,il1α(t) < c(low),1,0.674816,,
Circulating IL-1α also was not detected (fig. S9F).,2,consolidated,il1α(t) < c(low),1,0.674816,,
"Monocyte chemotactic factor chemokine(C-C motif) ligand 2 (CCL2) was increased in the blood of infected patients as well as the transcripts of its receptor CCR2; this was associated with low counts of circulating inflammatory monocytes (Fig. 4I), suggesting a role for the CCL2/CCR2 axis in the monocyte chemo-attraction into the inflamed lungs.",0,raw,ccl2(t) > c(mid) and ccr2(t) > c(mid) implies monocytes(t) < c(low),,0.644458,,
"Monocyte chemotactic factor chemokine(C-C motif) ligand 2 (CCL2) was increased in the blood of infected patients as well as the transcripts of its receptor CCR2; this was associated with low counts of circulating inflammatory monocytes (Fig. 4I), suggesting a role for the CCL2/CCR2 axis in the monocyte chemo-attraction into the inflamed lungs.",0,raw,ccl2(t) > c(high) and ccr2(t) > c(high) and monocytes(t) < c(low),,0.621462,,
"Monocyte chemotactic factor chemokine(C-C motif) ligand 2 (CCL2) was increased in the blood of infected patients as well as the transcripts of its receptor CCR2; this was associated with low counts of circulating inflammatory monocytes (Fig. 4I), suggesting a role for the CCL2/CCR2 axis in the monocyte chemo-attraction into the inflamed lungs.",0,raw,d_ccl2(t) > d_c(low) and d_ccr2(t) > d_c(low) and monocytes(t) < c(low),,0.582866,,
"Monocyte chemotactic factor chemokine(C-C motif) ligand 2 (CCL2) was increased in the blood of infected patients as well as the transcripts of its receptor CCR2; this was associated with low counts of circulating inflammatory monocytes (Fig. 4I), suggesting a role for the CCL2/CCR2 axis in the monocyte chemo-attraction into the inflamed lungs.",0,raw,ccl2(t) > c(mid) and ccr2(t) > c(mid) and monocytes(t) < c(low),,0.63461,,
"Monocyte chemotactic factor chemokine(C-C motif) ligand 2 (CCL2) was increased in the blood of infected patients as well as the transcripts of its receptor CCR2; this was associated with low counts of circulating inflammatory monocytes (Fig. 4I), suggesting a role for the CCL2/CCR2 axis in the monocyte chemo-attraction into the inflamed lungs.",0,raw,ccl2(t) > c(mid) and ccr2(t) > c(mid) and monocytes(t) < c(low),,0.63461,,
"Monocyte chemotactic factor chemokine(C-C motif) ligand 2 (CCL2) was increased in the blood of infected patients as well as the transcripts of its receptor CCR2; this was associated with low counts of circulating inflammatory monocytes (Fig. 4I), suggesting a role for the CCL2/CCR2 axis in the monocyte chemo-attraction into the inflamed lungs.",0,raw,ccl2(t) > c(mid) and ccr2(t) > c(mid) implies monocytes(t) < c(low),,0.644458,,
"Monocyte chemotactic factor chemokine(C-C motif) ligand 2 (CCL2) was increased in the blood of infected patients as well as the transcripts of its receptor CCR2; this was associated with low counts of circulating inflammatory monocytes (Fig. 4I), suggesting a role for the CCL2/CCR2 axis in the monocyte chemo-attraction into the inflamed lungs.",0,raw,ccl2(t)=c(high) and ccr2(t)=c(high) implies monocytes(t)<c(low),,0.632048,,
"Monocyte chemotactic factor chemokine(C-C motif) ligand 2 (CCL2) was increased in the blood of infected patients as well as the transcripts of its receptor CCR2; this was associated with low counts of circulating inflammatory monocytes (Fig. 4I), suggesting a role for the CCL2/CCR2 axis in the monocyte chemo-attraction into the inflamed lungs.",0,raw,ccl2(t) > c(high) and ccr2(t) > c(high) implies monocytes(t) < c(low),,0.633774,,
"Monocyte chemotactic factor chemokine(C-C motif) ligand 2 (CCL2) was increased in the blood of infected patients as well as the transcripts of its receptor CCR2; this was associated with low counts of circulating inflammatory monocytes (Fig. 4I), suggesting a role for the CCL2/CCR2 axis in the monocyte chemo-attraction into the inflamed lungs.",0,raw,d_ccl2(t) > d_c(low) and d_ccr2(t) > d_c(low) and monocytes(t) < c(low),,0.582866,,
"Monocyte chemotactic factor chemokine(C-C motif) ligand 2 (CCL2) was increased in the blood of infected patients as well as the transcripts of its receptor CCR2; this was associated with low counts of circulating inflammatory monocytes (Fig. 4I), suggesting a role for the CCL2/CCR2 axis in the monocyte chemo-attraction into the inflamed lungs.",0,raw,ccl2(t) > c(high) and ccr2(t) > c(high) implies monocytes(t) < c(low),,0.633774,,
"Monocyte chemotactic factor chemokine(C-C motif) ligand 2 (CCL2) was increased in the blood of infected patients as well as the transcripts of its receptor CCR2; this was associated with low counts of circulating inflammatory monocytes (Fig. 4I), suggesting a role for the CCL2/CCR2 axis in the monocyte chemo-attraction into the inflamed lungs.",0,raw,ccr2(t) = c(high) and ccl2(t) = c(high) implies monocytes(t) < c(low),,0.638418,,
"Monocyte chemotactic factor chemokine(C-C motif) ligand 2 (CCL2) was increased in the blood of infected patients as well as the transcripts of its receptor CCR2; this was associated with low counts of circulating inflammatory monocytes (Fig. 4I), suggesting a role for the CCL2/CCR2 axis in the monocyte chemo-attraction into the inflamed lungs.",0,raw,ccl2(t)=c(high) and ccr2(t)=c(high) implies monocytes(t)<c(low),,0.632048,,
"Monocyte chemotactic factor chemokine(C-C motif) ligand 2 (CCL2) was increased in the blood of infected patients as well as the transcripts of its receptor CCR2; this was associated with low counts of circulating inflammatory monocytes (Fig. 4I), suggesting a role for the CCL2/CCR2 axis in the monocyte chemo-attraction into the inflamed lungs.",0,raw,ccl2(t) > c(high) and ccr2(t) > c(high) implies monocytes(t) < c(low),,0.633774,,
"Monocyte chemotactic factor chemokine(C-C motif) ligand 2 (CCL2) was increased in the blood of infected patients as well as the transcripts of its receptor CCR2; this was associated with low counts of circulating inflammatory monocytes (Fig. 4I), suggesting a role for the CCL2/CCR2 axis in the monocyte chemo-attraction into the inflamed lungs.",0,raw,d_ccl2(t) > d_c(low) and d_ccr2(t) > d_c(low) implies monocytes(t) < c(low),,0.564025,,
"Monocyte chemotactic factor chemokine(C-C motif) ligand 2 (CCL2) was increased in the blood of infected patients as well as the transcripts of its receptor CCR2; this was associated with low counts of circulating inflammatory monocytes (Fig. 4I), suggesting a role for the CCL2/CCR2 axis in the monocyte chemo-attraction into the inflamed lungs.",0,raw,ccl2(t) > c(mid) and ccr2(t) > c(mid) implies monocytes(t) < c(low),,0.644458,,
"Monocyte chemotactic factor chemokine(C-C motif) ligand 2 (CCL2) was increased in the blood of infected patients as well as the transcripts of its receptor CCR2; this was associated with low counts of circulating inflammatory monocytes (Fig. 4I), suggesting a role for the CCL2/CCR2 axis in the monocyte chemo-attraction into the inflamed lungs.",0,raw,ccl2(t) > c(mid) and ccr2(t) > c(mid) implies monocytes(t) < c(low),,0.644458,,
"Monocyte chemotactic factor chemokine(C-C motif) ligand 2 (CCL2) was increased in the blood of infected patients as well as the transcripts of its receptor CCR2; this was associated with low counts of circulating inflammatory monocytes (Fig. 4I), suggesting a role for the CCL2/CCR2 axis in the monocyte chemo-attraction into the inflamed lungs.",0,raw,"globally[0,inf](ccl2(t) > c(mid) and ccr2(t) < c(low))",,0.369096,,
"Monocyte chemotactic factor chemokine(C-C motif) ligand 2 (CCL2) was increased in the blood of infected patients as well as the transcripts of its receptor CCR2; this was associated with low counts of circulating inflammatory monocytes (Fig. 4I), suggesting a role for the CCL2/CCR2 axis in the monocyte chemo-attraction into the inflamed lungs.",0,filtered,ccl2(t) > c(mid) and ccr2(t) > c(mid) implies monocytes(t) < c(low),1,0.644458,,
"Monocyte chemotactic factor chemokine(C-C motif) ligand 2 (CCL2) was increased in the blood of infected patients as well as the transcripts of its receptor CCR2; this was associated with low counts of circulating inflammatory monocytes (Fig. 4I), suggesting a role for the CCL2/CCR2 axis in the monocyte chemo-attraction into the inflamed lungs.",0,filtered,ccl2(t) > c(mid) and ccr2(t) > c(mid) implies monocytes(t) < c(low),1,0.644458,,
"Monocyte chemotactic factor chemokine(C-C motif) ligand 2 (CCL2) was increased in the blood of infected patients as well as the transcripts of its receptor CCR2; this was associated with low counts of circulating inflammatory monocytes (Fig. 4I), suggesting a role for the CCL2/CCR2 axis in the monocyte chemo-attraction into the inflamed lungs.",0,filtered,ccl2(t) > c(mid) and ccr2(t) > c(mid) implies monocytes(t) < c(low),1,0.644458,,
"Monocyte chemotactic factor chemokine(C-C motif) ligand 2 (CCL2) was increased in the blood of infected patients as well as the transcripts of its receptor CCR2; this was associated with low counts of circulating inflammatory monocytes (Fig. 4I), suggesting a role for the CCL2/CCR2 axis in the monocyte chemo-attraction into the inflamed lungs.",0,filtered,ccl2(t) > c(mid) and ccr2(t) > c(mid) implies monocytes(t) < c(low),1,0.644458,,
"Monocyte chemotactic factor chemokine(C-C motif) ligand 2 (CCL2) was increased in the blood of infected patients as well as the transcripts of its receptor CCR2; this was associated with low counts of circulating inflammatory monocytes (Fig. 4I), suggesting a role for the CCL2/CCR2 axis in the monocyte chemo-attraction into the inflamed lungs.",0,consolidated,ccl2(t) > c(mid),1,0.355878,,
"Monocyte chemotactic factor chemokine(C-C motif) ligand 2 (CCL2) was increased in the blood of infected patients as well as the transcripts of its receptor CCR2; this was associated with low counts of circulating inflammatory monocytes (Fig. 4I), suggesting a role for the CCL2/CCR2 axis in the monocyte chemo-attraction into the inflamed lungs.",0,consolidated,ccr2(t) > c(mid) implies monocytes(t) < c(low),1,0.639753,,
"Then, in the mild group of patients, IP-10 levels declined from week 2 and returned back to normal on week 4.",1,raw,"globally[14,28](d_ip10(t) < 0) and ip10(t) = c(mid)",,0.630458,,
"Then, in the mild group of patients, IP-10 levels declined from week 2 and returned back to normal on week 4.",1,raw,"globally[14,28](d_ip10(t) < 0) and eventually[28,28](ip10(t) = c(mid))",,0.607998,,
"Then, in the mild group of patients, IP-10 levels declined from week 2 and returned back to normal on week 4.",1,raw,"eventually[14,28](d_ip10(t) < -d_c(low)) and globally[28,inf](ip10(t) = c(mid))",,0.585528,,
"Then, in the mild group of patients, IP-10 levels declined from week 2 and returned back to normal on week 4.",1,raw,"globally[14,28](d_ip10(t) < 0) and eventually[28,28](ip10(t) = c(low))",,0.610132,,
"Then, in the mild group of patients, IP-10 levels declined from week 2 and returned back to normal on week 4.",1,raw,"globally[14,28](d_ip10(t) < -d_c(low)) and ip10(t)=c(mid)",,0.606863,,
"Then, in the mild group of patients, IP-10 levels declined from week 2 and returned back to normal on week 4.",1,raw,"eventually[14,28](d_ip10(t) < -d_c(low)) and eventually[28,28](ip10(t)=c(mid))",,0.596088,,
"Then, in the mild group of patients, IP-10 levels declined from week 2 and returned back to normal on week 4.",1,raw,"globally[14,28](d_ip10(t) < 0) and eventually[14,28](ip10(t) = c(mid))",,0.605679,,
"Then, in the mild group of patients, IP-10 levels declined from week 2 and returned back to normal on week 4.",1,raw,"globally[14,28](d_ip10(t) < 0) and ip10(t)=c(mid)",,0.630458,,
"Then, in the mild group of patients, IP-10 levels declined from week 2 and returned back to normal on week 4.",1,raw,"eventually[14,28](d_ip10(t) < 0) and eventually[28,28](ip10(t) = c(mid))",,0.608132,,
"Then, in the mild group of patients, IP-10 levels declined from week 2 and returned back to normal on week 4.",1,raw,"globally[14,28](d_ip10(t) < 0) and eventually[28,28](ip10(t) = c(low))",,0.610132,,
"Then, in the mild group of patients, IP-10 levels declined from week 2 and returned back to normal on week 4.",1,raw,"globally[14,28](d_ip10(t) < -d_c(low)) and ip10(t) = c(mid)",,0.606863,,
"Then, in the mild group of patients, IP-10 levels declined from week 2 and returned back to normal on week 4.",1,raw,"globally[14,28](d_ip10(t) < 0) and eventually[14,28](ip10(t) = c(low))",,0.607381,,
"Then, in the mild group of patients, IP-10 levels declined from week 2 and returned back to normal on week 4.",1,raw,"globally[14,28](d_ip10(t) < 0) and eventually[28,28](ip10(t) = c(mid))",,0.607998,,
"Then, in the mild group of patients, IP-10 levels declined from week 2 and returned back to normal on week 4.",1,raw,"globally[14,28](d_ip10(t) < 0) and eventually[28,28](ip10(t) = c(low))",,0.610132,,
"Then, in the mild group of patients, IP-10 levels declined from week 2 and returned back to normal on week 4.",1,raw,"globally[14,28](d_ip10(t) < 0) and eventually[28,28](ip10(t) = c(low))",,0.610132,,
"Then, in the mild group of patients, IP-10 levels declined from week 2 and returned back to normal on week 4.",1,raw,"globally[14,28](d_ip10(t) < 0) and ip10(t) = c(mid)",,0.630458,,
"Then, in the mild group of patients, IP-10 levels declined from week 2 and returned back to normal on week 4.",1,raw,"eventually[14,28](d_ip10(t) < 0) and eventually[28,28](ip10(t) = c(low))",,0.614972,,
"Then, in the mild group of patients, IP-10 levels declined from week 2 and returned back to normal on week 4.",1,raw,"globally[14,28](d_ip10(t) < 0) and eventually[28,28](ip10(t) = c(low))",,0.610132,,
"Then, in the mild group of patients, IP-10 levels declined from week 2 and returned back to normal on week 4.",1,raw,"globally[14,28](d_ip10(t) < 0) implies eventually[14,28](ip10(t) = c(mid))",,0.568049,,
"Then, in the mild group of patients, IP-10 levels declined from week 2 and returned back to normal on week 4.",1,raw,"eventually[14,28](d_ip10(t) < -d_c(low) and ip10(t) = c(mid))",,0.606544,,
"Then, in the mild group of patients, IP-10 levels declined from week 2 and returned back to normal on week 4.",1,raw,"globally[14,28](d_ip10(t) < -d_c(low)) and ip10(t)=c(low)",,0.599533,,
"Then, in the mild group of patients, IP-10 levels declined from week 2 and returned back to normal on week 4.",1,raw,"eventually[14,28](d_ip10(t) < 0) and ip10(t) = c(mid)",,0.639206,,
"Then, in the mild group of patients, IP-10 levels declined from week 2 and returned back to normal on week 4.",1,filtered,"globally[14,28](d_ip10(t) < 0) and ip10(t) = c(mid)",0,0.630458,,
"Then, in the mild group of patients, IP-10 levels declined from week 2 and returned back to normal on week 4.",1,filtered,"globally[14,28](d_ip10(t) < 0) and ip10(t)=c(mid)",0,0.630458,,
"Then, in the mild group of patients, IP-10 levels declined from week 2 and returned back to normal on week 4.",1,filtered,"globally[14,28](d_ip10(t) < 0) and ip10(t) = c(mid)",0,0.630458,,
"Then, in the mild group of patients, IP-10 levels declined from week 2 and returned back to normal on week 4.",1,filtered,"eventually[14,28](d_ip10(t) < 0) and eventually[28,28](ip10(t) = c(low))",1,0.614972,,
"Then, in the mild group of patients, IP-10 levels declined from week 2 and returned back to normal on week 4.",1,filtered,"eventually[14,28](d_ip10(t) < 0) and ip10(t) = c(mid)",0,0.639206,,
"Then, in the mild group of patients, IP-10 levels declined from week 2 and returned back to normal on week 4.",1,consolidated,"eventually[14,28](d_ip10(t) < 0)",1,0.572377,,
"Then, in the mild group of patients, IP-10 levels declined from week 2 and returned back to normal on week 4.",1,consolidated,ip10(t)=c(mid),0,0.590954,,
"Then, in the mild group of patients, IP-10 levels declined from week 2 and returned back to normal on week 4.",1,consolidated,"eventually[28,28](ip10(t) = c(low))",1,0.648209,,
"IP-10 level was significantly elevated in COVID-19 patients in week 1 of onset of symptoms in both mild and severe groups when compared with healthy volunteer controls (P = 1.36 × 10–8 and 4.39 × 10–8, respectively).",2,raw,"globally[0,7](ip10(t) > c(high) and ip10(t) > c(high))",,0.528637,,
"IP-10 level was significantly elevated in COVID-19 patients in week 1 of onset of symptoms in both mild and severe groups when compared with healthy volunteer controls (P = 1.36 × 10–8 and 4.39 × 10–8, respectively).",2,raw,"globally[0,7](ip10(t) > c(high))",,0.522767,,
"IP-10 level was significantly elevated in COVID-19 patients in week 1 of onset of symptoms in both mild and severe groups when compared with healthy volunteer controls (P = 1.36 × 10–8 and 4.39 × 10–8, respectively).",2,raw,"globally[0,7](ip10(t) > c(high))",,0.522767,,
"IP-10 level was significantly elevated in COVID-19 patients in week 1 of onset of symptoms in both mild and severe groups when compared with healthy volunteer controls (P = 1.36 × 10–8 and 4.39 × 10–8, respectively).",2,raw,"eventually[0,7]globally(ip10(t) > c(mid))",,0.53019,,
"IP-10 level was significantly elevated in COVID-19 patients in week 1 of onset of symptoms in both mild and severe groups when compared with healthy volunteer controls (P = 1.36 × 10–8 and 4.39 × 10–8, respectively).",2,raw,"globally[0,7](ip10(t) > c(high))",,0.522767,,
"IP-10 level was significantly elevated in COVID-19 patients in week 1 of onset of symptoms in both mild and severe groups when compared with healthy volunteer controls (P = 1.36 × 10–8 and 4.39 × 10–8, respectively).",2,raw,"globally[0,7](ip10(t) > c(high))",,0.522767,,
"IP-10 level was significantly elevated in COVID-19 patients in week 1 of onset of symptoms in both mild and severe groups when compared with healthy volunteer controls (P = 1.36 × 10–8 and 4.39 × 10–8, respectively).",2,raw,"globally[0,7](ip10(t) > c(high))",,0.522767,,
"IP-10 level was significantly elevated in COVID-19 patients in week 1 of onset of symptoms in both mild and severe groups when compared with healthy volunteer controls (P = 1.36 × 10–8 and 4.39 × 10–8, respectively).",2,raw,"globally[0,7](ip10(t) > c(high))",,0.522767,,
"IP-10 level was significantly elevated in COVID-19 patients in week 1 of onset of symptoms in both mild and severe groups when compared with healthy volunteer controls (P = 1.36 × 10–8 and 4.39 × 10–8, respectively).",2,raw,"globally[0,7](ip10(t) > c(high))",,0.522767,,
"IP-10 level was significantly elevated in COVID-19 patients in week 1 of onset of symptoms in both mild and severe groups when compared with healthy volunteer controls (P = 1.36 × 10–8 and 4.39 × 10–8, respectively).",2,raw,"globally[0,7](ip10(t) > c(high))",,0.522767,,
"IP-10 level was significantly elevated in COVID-19 patients in week 1 of onset of symptoms in both mild and severe groups when compared with healthy volunteer controls (P = 1.36 × 10–8 and 4.39 × 10–8, respectively).",2,raw,"globally[0,7](ip10(t) > c(high))",,0.522767,,
"IP-10 level was significantly elevated in COVID-19 patients in week 1 of onset of symptoms in both mild and severe groups when compared with healthy volunteer controls (P = 1.36 × 10–8 and 4.39 × 10–8, respectively).",2,raw,"globally[0,7](ip10(t) > c(high))",,0.522767,,
"IP-10 level was significantly elevated in COVID-19 patients in week 1 of onset of symptoms in both mild and severe groups when compared with healthy volunteer controls (P = 1.36 × 10–8 and 4.39 × 10–8, respectively).",2,raw,"globally[0,7](ip10(t) > c(high))",,0.522767,,
"IP-10 level was significantly elevated in COVID-19 patients in week 1 of onset of symptoms in both mild and severe groups when compared with healthy volunteer controls (P = 1.36 × 10–8 and 4.39 × 10–8, respectively).",2,raw,"globally[0,7](ip10(t) > c(high))",,0.522767,,
"IP-10 level was significantly elevated in COVID-19 patients in week 1 of onset of symptoms in both mild and severe groups when compared with healthy volunteer controls (P = 1.36 × 10–8 and 4.39 × 10–8, respectively).",2,raw,"globally[0,7](ip10(t) > c(high))",,0.522767,,
"IP-10 level was significantly elevated in COVID-19 patients in week 1 of onset of symptoms in both mild and severe groups when compared with healthy volunteer controls (P = 1.36 × 10–8 and 4.39 × 10–8, respectively).",2,raw,"globally[1,7](ip10(t) > c(high))",,0.540964,,
"IP-10 level was significantly elevated in COVID-19 patients in week 1 of onset of symptoms in both mild and severe groups when compared with healthy volunteer controls (P = 1.36 × 10–8 and 4.39 × 10–8, respectively).",2,raw,"globally[0,7](ip10(t) > c(high))",,0.522767,,
"IP-10 level was significantly elevated in COVID-19 patients in week 1 of onset of symptoms in both mild and severe groups when compared with healthy volunteer controls (P = 1.36 × 10–8 and 4.39 × 10–8, respectively).",2,raw,"globally[0,7](ip10(t) > c(high))",,0.522767,,
"IP-10 level was significantly elevated in COVID-19 patients in week 1 of onset of symptoms in both mild and severe groups when compared with healthy volunteer controls (P = 1.36 × 10–8 and 4.39 × 10–8, respectively).",2,raw,"globally[1,7](ip10(t) > c(high))",,0.540964,,
"IP-10 level was significantly elevated in COVID-19 patients in week 1 of onset of symptoms in both mild and severe groups when compared with healthy volunteer controls (P = 1.36 × 10–8 and 4.39 × 10–8, respectively).",2,raw,"globally[0,7](ip10(t) > c(high))",,0.522767,,
"IP-10 level was significantly elevated in COVID-19 patients in week 1 of onset of symptoms in both mild and severe groups when compared with healthy volunteer controls (P = 1.36 × 10–8 and 4.39 × 10–8, respectively).",2,raw,"eventually[0,7]globally(ip10(t) > c(high))",,0.516348,,
"IP-10 level was significantly elevated in COVID-19 patients in week 1 of onset of symptoms in both mild and severe groups when compared with healthy volunteer controls (P = 1.36 × 10–8 and 4.39 × 10–8, respectively).",2,raw,"globally[0,7](ip10(t) > c(high))",,0.522767,,
"IP-10 level was significantly elevated in COVID-19 patients in week 1 of onset of symptoms in both mild and severe groups when compared with healthy volunteer controls (P = 1.36 × 10–8 and 4.39 × 10–8, respectively).",2,filtered,"globally[0,7](ip10(t) > c(high) and ip10(t) > c(high))",1,0.528637,,
"IP-10 level was significantly elevated in COVID-19 patients in week 1 of onset of symptoms in both mild and severe groups when compared with healthy volunteer controls (P = 1.36 × 10–8 and 4.39 × 10–8, respectively).",2,filtered,"globally[0,7](ip10(t) > c(high))",1,0.522767,,
"IP-10 level was significantly elevated in COVID-19 patients in week 1 of onset of symptoms in both mild and severe groups when compared with healthy volunteer controls (P = 1.36 × 10–8 and 4.39 × 10–8, respectively).",2,filtered,"globally[0,7](ip10(t) > c(high))",1,0.522767,,
"IP-10 level was significantly elevated in COVID-19 patients in week 1 of onset of symptoms in both mild and severe groups when compared with healthy volunteer controls (P = 1.36 × 10–8 and 4.39 × 10–8, respectively).",2,filtered,"eventually[0,7]globally(ip10(t) > c(mid))",1,0.53019,,
"IP-10 level was significantly elevated in COVID-19 patients in week 1 of onset of symptoms in both mild and severe groups when compared with healthy volunteer controls (P = 1.36 × 10–8 and 4.39 × 10–8, respectively).",2,filtered,"globally[0,7](ip10(t) > c(high))",1,0.522767,,
"IP-10 level was significantly elevated in COVID-19 patients in week 1 of onset of symptoms in both mild and severe groups when compared with healthy volunteer controls (P = 1.36 × 10–8 and 4.39 × 10–8, respectively).",2,filtered,"globally[0,7](ip10(t) > c(high))",1,0.522767,,
"IP-10 level was significantly elevated in COVID-19 patients in week 1 of onset of symptoms in both mild and severe groups when compared with healthy volunteer controls (P = 1.36 × 10–8 and 4.39 × 10–8, respectively).",2,filtered,"globally[0,7](ip10(t) > c(high))",1,0.522767,,
"IP-10 level was significantly elevated in COVID-19 patients in week 1 of onset of symptoms in both mild and severe groups when compared with healthy volunteer controls (P = 1.36 × 10–8 and 4.39 × 10–8, respectively).",2,filtered,"globally[0,7](ip10(t) > c(high))",1,0.522767,,
"IP-10 level was significantly elevated in COVID-19 patients in week 1 of onset of symptoms in both mild and severe groups when compared with healthy volunteer controls (P = 1.36 × 10–8 and 4.39 × 10–8, respectively).",2,filtered,"globally[0,7](ip10(t) > c(high))",1,0.522767,,
"IP-10 level was significantly elevated in COVID-19 patients in week 1 of onset of symptoms in both mild and severe groups when compared with healthy volunteer controls (P = 1.36 × 10–8 and 4.39 × 10–8, respectively).",2,filtered,"globally[0,7](ip10(t) > c(high))",1,0.522767,,
"IP-10 level was significantly elevated in COVID-19 patients in week 1 of onset of symptoms in both mild and severe groups when compared with healthy volunteer controls (P = 1.36 × 10–8 and 4.39 × 10–8, respectively).",2,filtered,"globally[0,7](ip10(t) > c(high))",1,0.522767,,
"IP-10 level was significantly elevated in COVID-19 patients in week 1 of onset of symptoms in both mild and severe groups when compared with healthy volunteer controls (P = 1.36 × 10–8 and 4.39 × 10–8, respectively).",2,filtered,"globally[0,7](ip10(t) > c(high))",1,0.522767,,
"IP-10 level was significantly elevated in COVID-19 patients in week 1 of onset of symptoms in both mild and severe groups when compared with healthy volunteer controls (P = 1.36 × 10–8 and 4.39 × 10–8, respectively).",2,filtered,"globally[0,7](ip10(t) > c(high))",1,0.522767,,
"IP-10 level was significantly elevated in COVID-19 patients in week 1 of onset of symptoms in both mild and severe groups when compared with healthy volunteer controls (P = 1.36 × 10–8 and 4.39 × 10–8, respectively).",2,filtered,"globally[0,7](ip10(t) > c(high))",1,0.522767,,
"IP-10 level was significantly elevated in COVID-19 patients in week 1 of onset of symptoms in both mild and severe groups when compared with healthy volunteer controls (P = 1.36 × 10–8 and 4.39 × 10–8, respectively).",2,filtered,"globally[0,7](ip10(t) > c(high))",1,0.522767,,
"IP-10 level was significantly elevated in COVID-19 patients in week 1 of onset of symptoms in both mild and severe groups when compared with healthy volunteer controls (P = 1.36 × 10–8 and 4.39 × 10–8, respectively).",2,filtered,"globally[1,7](ip10(t) > c(high))",1,0.540964,,
"IP-10 level was significantly elevated in COVID-19 patients in week 1 of onset of symptoms in both mild and severe groups when compared with healthy volunteer controls (P = 1.36 × 10–8 and 4.39 × 10–8, respectively).",2,filtered,"globally[0,7](ip10(t) > c(high))",1,0.522767,,
"IP-10 level was significantly elevated in COVID-19 patients in week 1 of onset of symptoms in both mild and severe groups when compared with healthy volunteer controls (P = 1.36 × 10–8 and 4.39 × 10–8, respectively).",2,filtered,"globally[0,7](ip10(t) > c(high))",1,0.522767,,
"IP-10 level was significantly elevated in COVID-19 patients in week 1 of onset of symptoms in both mild and severe groups when compared with healthy volunteer controls (P = 1.36 × 10–8 and 4.39 × 10–8, respectively).",2,filtered,"globally[1,7](ip10(t) > c(high))",1,0.540964,,
"IP-10 level was significantly elevated in COVID-19 patients in week 1 of onset of symptoms in both mild and severe groups when compared with healthy volunteer controls (P = 1.36 × 10–8 and 4.39 × 10–8, respectively).",2,filtered,"globally[0,7](ip10(t) > c(high))",1,0.522767,,
"IP-10 level was significantly elevated in COVID-19 patients in week 1 of onset of symptoms in both mild and severe groups when compared with healthy volunteer controls (P = 1.36 × 10–8 and 4.39 × 10–8, respectively).",2,filtered,"globally[0,7](ip10(t) > c(high))",1,0.522767,,
"IP-10 level was significantly elevated in COVID-19 patients in week 1 of onset of symptoms in both mild and severe groups when compared with healthy volunteer controls (P = 1.36 × 10–8 and 4.39 × 10–8, respectively).",2,consolidated,"eventually[0,7]globally(ip10(t) > c(mid))",1,0.53019,,
"Significantly higher levels of MCP-1 in severe cases were observed when compared with mild cases at early an time point of the infection (week 1 and 2; P = 0.047 and 8.62 × 10–5, respectively) but not at later time points (week 3 and 4; P = 0.136 and 0.030, respectively, Supplemental Table 1 and Figure 2).",1,raw,"eventually[7,14](mcp1(t) > c(high)) and globally[21,28](mcp1(t) = c(mid))",,0.641635,,
"Significantly higher levels of MCP-1 in severe cases were observed when compared with mild cases at early an time point of the infection (week 1 and 2; P = 0.047 and 8.62 × 10–5, respectively) but not at later time points (week 3 and 4; P = 0.136 and 0.030, respectively, Supplemental Table 1 and Figure 2).",1,raw,"globally[7,14](mcp1(t) > c(mid)) and globally[21,28](mcp1(t) = c(mid))",,0.623737,,
"Significantly higher levels of MCP-1 in severe cases were observed when compared with mild cases at early an time point of the infection (week 1 and 2; P = 0.047 and 8.62 × 10–5, respectively) but not at later time points (week 3 and 4; P = 0.136 and 0.030, respectively, Supplemental Table 1 and Figure 2).",1,raw,"eventually[7,14]globally(mcp1(t) > c(high)) and eventually[21,28]globally(mcp1(t) = c(mid))",,0.639223,,
"Significantly higher levels of MCP-1 in severe cases were observed when compared with mild cases at early an time point of the infection (week 1 and 2; P = 0.047 and 8.62 × 10–5, respectively) but not at later time points (week 3 and 4; P = 0.136 and 0.030, respectively, Supplemental Table 1 and Figure 2).",1,raw,"globally[7,14](mcp1(t) > c(mid)) and globally[21,28](mcp1(t) = c(mid))",,0.623737,,
"Significantly higher levels of MCP-1 in severe cases were observed when compared with mild cases at early an time point of the infection (week 1 and 2; P = 0.047 and 8.62 × 10–5, respectively) but not at later time points (week 3 and 4; P = 0.136 and 0.030, respectively, Supplemental Table 1 and Figure 2).",1,raw,"eventually[7,14](mcp1(t) > c(high)) and globally[21,28](mcp1(t) = c(mid))",,0.641635,,
"Significantly higher levels of MCP-1 in severe cases were observed when compared with mild cases at early an time point of the infection (week 1 and 2; P = 0.047 and 8.62 × 10–5, respectively) but not at later time points (week 3 and 4; P = 0.136 and 0.030, respectively, Supplemental Table 1 and Figure 2).",1,raw,"globally[7,14](il1rn(t) > c(mid)) and globally[21,28](il1rn(t) = c(mid))",,0.38694,,
"Significantly higher levels of MCP-1 in severe cases were observed when compared with mild cases at early an time point of the infection (week 1 and 2; P = 0.047 and 8.62 × 10–5, respectively) but not at later time points (week 3 and 4; P = 0.136 and 0.030, respectively, Supplemental Table 1 and Figure 2).",1,raw,"globally[7,14](mcp1(t) > c(high)) and globally[21,28](mcp1(t) = c(mid))",,0.6326,,
"Significantly higher levels of MCP-1 in severe cases were observed when compared with mild cases at early an time point of the infection (week 1 and 2; P = 0.047 and 8.62 × 10–5, respectively) but not at later time points (week 3 and 4; P = 0.136 and 0.030, respectively, Supplemental Table 1 and Figure 2).",1,raw,"globally[0,14](mcp1(t) > c(mid)) and globally[14,28](mcp1(t) = c(mid))",,0.614195,,
"Significantly higher levels of MCP-1 in severe cases were observed when compared with mild cases at early an time point of the infection (week 1 and 2; P = 0.047 and 8.62 × 10–5, respectively) but not at later time points (week 3 and 4; P = 0.136 and 0.030, respectively, Supplemental Table 1 and Figure 2).",1,raw,"eventually[7,14](mcp1(t) > c(high)) and globally[21,28](mcp1(t) = c(mid))",,0.641635,,
"Significantly higher levels of MCP-1 in severe cases were observed when compared with mild cases at early an time point of the infection (week 1 and 2; P = 0.047 and 8.62 × 10–5, respectively) but not at later time points (week 3 and 4; P = 0.136 and 0.030, respectively, Supplemental Table 1 and Figure 2).",1,raw,"globally[0,14](mcp1(t) > c(mid)) and globally[21,28](mcp1(t) = c(mid))",,0.614139,,
"Significantly higher levels of MCP-1 in severe cases were observed when compared with mild cases at early an time point of the infection (week 1 and 2; P = 0.047 and 8.62 × 10–5, respectively) but not at later time points (week 3 and 4; P = 0.136 and 0.030, respectively, Supplemental Table 1 and Figure 2).",1,raw,"globally[7,14](mcp1(t) > c(mid)) and globally[21,28](mcp1(t) = c(mid))",,0.623737,,
"Significantly higher levels of MCP-1 in severe cases were observed when compared with mild cases at early an time point of the infection (week 1 and 2; P = 0.047 and 8.62 × 10–5, respectively) but not at later time points (week 3 and 4; P = 0.136 and 0.030, respectively, Supplemental Table 1 and Figure 2).",1,raw,"eventually[7,14](mcp1(t) > c(high)) and globally[21,28](mcp1(t) = c(mid))",,0.641635,,
"Significantly higher levels of MCP-1 in severe cases were observed when compared with mild cases at early an time point of the infection (week 1 and 2; P = 0.047 and 8.62 × 10–5, respectively) but not at later time points (week 3 and 4; P = 0.136 and 0.030, respectively, Supplemental Table 1 and Figure 2).",1,raw,"globally[0,14](mcp1(t) > c(mid)) and globally[21,28](mcp1(t) = c(mid))",,0.614139,,
"Significantly higher levels of MCP-1 in severe cases were observed when compared with mild cases at early an time point of the infection (week 1 and 2; P = 0.047 and 8.62 × 10–5, respectively) but not at later time points (week 3 and 4; P = 0.136 and 0.030, respectively, Supplemental Table 1 and Figure 2).",1,raw,"globally[7,14](mcp1(t) > c(mid)) and globally[21,28](mcp1(t) = c(mid))",,0.623737,,
"Significantly higher levels of MCP-1 in severe cases were observed when compared with mild cases at early an time point of the infection (week 1 and 2; P = 0.047 and 8.62 × 10–5, respectively) but not at later time points (week 3 and 4; P = 0.136 and 0.030, respectively, Supplemental Table 1 and Figure 2).",1,filtered,"eventually[7,14](mcp1(t) > c(high)) and globally[21,28](mcp1(t) = c(mid))",1,0.641635,,
"Significantly higher levels of MCP-1 in severe cases were observed when compared with mild cases at early an time point of the infection (week 1 and 2; P = 0.047 and 8.62 × 10–5, respectively) but not at later time points (week 3 and 4; P = 0.136 and 0.030, respectively, Supplemental Table 1 and Figure 2).",1,filtered,"eventually[7,14](mcp1(t) > c(high)) and globally[21,28](mcp1(t) = c(mid))",1,0.641635,,
"Significantly higher levels of MCP-1 in severe cases were observed when compared with mild cases at early an time point of the infection (week 1 and 2; P = 0.047 and 8.62 × 10–5, respectively) but not at later time points (week 3 and 4; P = 0.136 and 0.030, respectively, Supplemental Table 1 and Figure 2).",1,filtered,"eventually[7,14](mcp1(t) > c(high)) and globally[21,28](mcp1(t) = c(mid))",1,0.641635,,
"Significantly higher levels of MCP-1 in severe cases were observed when compared with mild cases at early an time point of the infection (week 1 and 2; P = 0.047 and 8.62 × 10–5, respectively) but not at later time points (week 3 and 4; P = 0.136 and 0.030, respectively, Supplemental Table 1 and Figure 2).",1,filtered,"eventually[7,14](mcp1(t) > c(high)) and globally[21,28](mcp1(t) = c(mid))",1,0.641635,,
"Significantly higher levels of MCP-1 in severe cases were observed when compared with mild cases at early an time point of the infection (week 1 and 2; P = 0.047 and 8.62 × 10–5, respectively) but not at later time points (week 3 and 4; P = 0.136 and 0.030, respectively, Supplemental Table 1 and Figure 2).",1,consolidated,"eventually[7,14](mcp1(t) > c(high))",1,0.592445,,
"Significantly higher levels of MCP-1 in severe cases were observed when compared with mild cases at early an time point of the infection (week 1 and 2; P = 0.047 and 8.62 × 10–5, respectively) but not at later time points (week 3 and 4; P = 0.136 and 0.030, respectively, Supplemental Table 1 and Figure 2).",1,consolidated,"globally[21,28](mcp1(t) = c(mid))",1,0.568568,,
We also found that IL-1 receptor antagonist (IL-1RA) levels were elevated in both severe and mild cases and remained at a high level during the 4 weeks of follow-up.,2,raw,"globally[0,28](il1ra(t) > c(high))",,0.551671,,
We also found that IL-1 receptor antagonist (IL-1RA) levels were elevated in both severe and mild cases and remained at a high level during the 4 weeks of follow-up.,2,raw,"globally[0,28](il1ra(t) > c(high))",,0.551671,,
We also found that IL-1 receptor antagonist (IL-1RA) levels were elevated in both severe and mild cases and remained at a high level during the 4 weeks of follow-up.,2,raw,"globally[0,28](il1ra(t) > c(high))",,0.551671,,
We also found that IL-1 receptor antagonist (IL-1RA) levels were elevated in both severe and mild cases and remained at a high level during the 4 weeks of follow-up.,2,raw,"globally[0,28](il1ra(t)=c(high))",,0.538893,,
We also found that IL-1 receptor antagonist (IL-1RA) levels were elevated in both severe and mild cases and remained at a high level during the 4 weeks of follow-up.,2,raw,"globally[0,28](il1ra(t) > c(high))",,0.551671,,
We also found that IL-1 receptor antagonist (IL-1RA) levels were elevated in both severe and mild cases and remained at a high level during the 4 weeks of follow-up.,2,raw,"globally[0,28](il1ra(t) > c(high))",,0.551671,,
We also found that IL-1 receptor antagonist (IL-1RA) levels were elevated in both severe and mild cases and remained at a high level during the 4 weeks of follow-up.,2,raw,"globally[0,28](il1ra(t) = c(high))",,0.538893,,
We also found that IL-1 receptor antagonist (IL-1RA) levels were elevated in both severe and mild cases and remained at a high level during the 4 weeks of follow-up.,2,raw,"globally[0,28](il1ra(t) = c(high))",,0.538893,,
We also found that IL-1 receptor antagonist (IL-1RA) levels were elevated in both severe and mild cases and remained at a high level during the 4 weeks of follow-up.,2,raw,"globally[0,28](il1ra(t)=c(high))",,0.538893,,
We also found that IL-1 receptor antagonist (IL-1RA) levels were elevated in both severe and mild cases and remained at a high level during the 4 weeks of follow-up.,2,raw,"globally[0,28](il1ra(t) = c(high))",,0.538893,,
We also found that IL-1 receptor antagonist (IL-1RA) levels were elevated in both severe and mild cases and remained at a high level during the 4 weeks of follow-up.,2,raw,"globally[0,28](il1ra(t) > c(mid))",,0.563274,,
We also found that IL-1 receptor antagonist (IL-1RA) levels were elevated in both severe and mild cases and remained at a high level during the 4 weeks of follow-up.,2,raw,"globally[0,28](il1ra(t)=c(high))",,0.538893,,
We also found that IL-1 receptor antagonist (IL-1RA) levels were elevated in both severe and mild cases and remained at a high level during the 4 weeks of follow-up.,2,raw,"globally[0,28](il1ra(t) > c(mid))",,0.563274,,
We also found that IL-1 receptor antagonist (IL-1RA) levels were elevated in both severe and mild cases and remained at a high level during the 4 weeks of follow-up.,2,raw,"globally[0,28](il1ra(t) > c(high))",,0.551671,,
We also found that IL-1 receptor antagonist (IL-1RA) levels were elevated in both severe and mild cases and remained at a high level during the 4 weeks of follow-up.,2,raw,"globally[0,28](il1ra(t) > c(high))",,0.551671,,
We also found that IL-1 receptor antagonist (IL-1RA) levels were elevated in both severe and mild cases and remained at a high level during the 4 weeks of follow-up.,2,raw,"globally[0,28](il1ra(t) = c(high))",,0.538893,,
We also found that IL-1 receptor antagonist (IL-1RA) levels were elevated in both severe and mild cases and remained at a high level during the 4 weeks of follow-up.,2,raw,"globally[0,28](il1ra(t) > c(high))",,0.551671,,
We also found that IL-1 receptor antagonist (IL-1RA) levels were elevated in both severe and mild cases and remained at a high level during the 4 weeks of follow-up.,2,raw,"globally[0,28](il1ra(t) > c(high))",,0.551671,,
We also found that IL-1 receptor antagonist (IL-1RA) levels were elevated in both severe and mild cases and remained at a high level during the 4 weeks of follow-up.,2,filtered,"globally[0,28](il1ra(t) > c(high))",1,0.551671,,
We also found that IL-1 receptor antagonist (IL-1RA) levels were elevated in both severe and mild cases and remained at a high level during the 4 weeks of follow-up.,2,filtered,"globally[0,28](il1ra(t) > c(high))",1,0.551671,,
We also found that IL-1 receptor antagonist (IL-1RA) levels were elevated in both severe and mild cases and remained at a high level during the 4 weeks of follow-up.,2,filtered,"globally[0,28](il1ra(t) > c(high))",1,0.551671,,
We also found that IL-1 receptor antagonist (IL-1RA) levels were elevated in both severe and mild cases and remained at a high level during the 4 weeks of follow-up.,2,filtered,"globally[0,28](il1ra(t) > c(high))",1,0.551671,,
We also found that IL-1 receptor antagonist (IL-1RA) levels were elevated in both severe and mild cases and remained at a high level during the 4 weeks of follow-up.,2,filtered,"globally[0,28](il1ra(t) > c(high))",1,0.551671,,
We also found that IL-1 receptor antagonist (IL-1RA) levels were elevated in both severe and mild cases and remained at a high level during the 4 weeks of follow-up.,2,filtered,"globally[0,28](il1ra(t) > c(mid))",1,0.563274,,
We also found that IL-1 receptor antagonist (IL-1RA) levels were elevated in both severe and mild cases and remained at a high level during the 4 weeks of follow-up.,2,filtered,"globally[0,28](il1ra(t) > c(mid))",1,0.563274,,
We also found that IL-1 receptor antagonist (IL-1RA) levels were elevated in both severe and mild cases and remained at a high level during the 4 weeks of follow-up.,2,filtered,"globally[0,28](il1ra(t) > c(high))",1,0.551671,,
We also found that IL-1 receptor antagonist (IL-1RA) levels were elevated in both severe and mild cases and remained at a high level during the 4 weeks of follow-up.,2,filtered,"globally[0,28](il1ra(t) > c(high))",1,0.551671,,
We also found that IL-1 receptor antagonist (IL-1RA) levels were elevated in both severe and mild cases and remained at a high level during the 4 weeks of follow-up.,2,filtered,"globally[0,28](il1ra(t) > c(high))",1,0.551671,,
We also found that IL-1 receptor antagonist (IL-1RA) levels were elevated in both severe and mild cases and remained at a high level during the 4 weeks of follow-up.,2,filtered,"globally[0,28](il1ra(t) > c(high))",1,0.551671,,
We also found that IL-1 receptor antagonist (IL-1RA) levels were elevated in both severe and mild cases and remained at a high level during the 4 weeks of follow-up.,2,consolidated,"globally[0,28](il1ra(t) > c(mid))",1,0.563274,,
"In the first week, RANTES in the mild group (638.62 ± 174.81 pg/mL) was much higher than that in healthy controls (358.36 ± 123.44 pg/mL, P = 1.0 × 10–6) and remained high in mild cases during their recovery phase (630.57 ± 171.00 pg/mL in week 3 and 654.14 ± 162.86 pg/mL in week 4).",1,raw,"rantes(t) > c(high) and globally[0,7](rantes(t) > c(high)) and globally[21,28](rantes(t) > c(high))",,0.561354,,
"In the first week, RANTES in the mild group (638.62 ± 174.81 pg/mL) was much higher than that in healthy controls (358.36 ± 123.44 pg/mL, P = 1.0 × 10–6) and remained high in mild cases during their recovery phase (630.57 ± 171.00 pg/mL in week 3 and 654.14 ± 162.86 pg/mL in week 4).",1,raw,"globally[0,7](rantes(t) > c(high)) and globally[14,28](rantes(t) > c(high))",,0.51814,,
"In the first week, RANTES in the mild group (638.62 ± 174.81 pg/mL) was much higher than that in healthy controls (358.36 ± 123.44 pg/mL, P = 1.0 × 10–6) and remained high in mild cases during their recovery phase (630.57 ± 171.00 pg/mL in week 3 and 654.14 ± 162.86 pg/mL in week 4).",1,raw,"globally[0,7](rantes(t) > c(mid)) and globally[21,28](rantes(t) > c(mid))",,0.588137,,
"In the first week, RANTES in the mild group (638.62 ± 174.81 pg/mL) was much higher than that in healthy controls (358.36 ± 123.44 pg/mL, P = 1.0 × 10–6) and remained high in mild cases during their recovery phase (630.57 ± 171.00 pg/mL in week 3 and 654.14 ± 162.86 pg/mL in week 4).",1,raw,"globally[0,7](rantes(t) > c(high)) and globally[21,28](rantes(t) > c(high)) and globally[28,35](rantes(t) > c(high))",,0.541718,,
"In the first week, RANTES in the mild group (638.62 ± 174.81 pg/mL) was much higher than that in healthy controls (358.36 ± 123.44 pg/mL, P = 1.0 × 10–6) and remained high in mild cases during their recovery phase (630.57 ± 171.00 pg/mL in week 3 and 654.14 ± 162.86 pg/mL in week 4).",1,raw,"globally[0,7](rantes(t) > c(high)) and globally[14,28](rantes(t) > c(high))",,0.51814,,
"In the first week, RANTES in the mild group (638.62 ± 174.81 pg/mL) was much higher than that in healthy controls (358.36 ± 123.44 pg/mL, P = 1.0 × 10–6) and remained high in mild cases during their recovery phase (630.57 ± 171.00 pg/mL in week 3 and 654.14 ± 162.86 pg/mL in week 4).",1,raw,"globally[0,7](rantes(t) > c(high)) and globally[21,28](rantes(t) > c(high))",,0.523621,,
"In the first week, RANTES in the mild group (638.62 ± 174.81 pg/mL) was much higher than that in healthy controls (358.36 ± 123.44 pg/mL, P = 1.0 × 10–6) and remained high in mild cases during their recovery phase (630.57 ± 171.00 pg/mL in week 3 and 654.14 ± 162.86 pg/mL in week 4).",1,raw,"rantes(t) > c(high) and globally[21,28](rantes(t) > c(high))",,0.553735,,
"In the first week, RANTES in the mild group (638.62 ± 174.81 pg/mL) was much higher than that in healthy controls (358.36 ± 123.44 pg/mL, P = 1.0 × 10–6) and remained high in mild cases during their recovery phase (630.57 ± 171.00 pg/mL in week 3 and 654.14 ± 162.86 pg/mL in week 4).",1,raw,"globally[0,7](rantes(t) > c(high)) and globally[21,28](rantes(t) > c(high))",,0.523621,,
"In the first week, RANTES in the mild group (638.62 ± 174.81 pg/mL) was much higher than that in healthy controls (358.36 ± 123.44 pg/mL, P = 1.0 × 10–6) and remained high in mild cases during their recovery phase (630.57 ± 171.00 pg/mL in week 3 and 654.14 ± 162.86 pg/mL in week 4).",1,raw,"globally[0,7](rantes(t) > c(mid)) and globally[21,28](rantes(t) > c(mid))",,0.588137,,
"In the first week, RANTES in the mild group (638.62 ± 174.81 pg/mL) was much higher than that in healthy controls (358.36 ± 123.44 pg/mL, P = 1.0 × 10–6) and remained high in mild cases during their recovery phase (630.57 ± 171.00 pg/mL in week 3 and 654.14 ± 162.86 pg/mL in week 4).",1,raw,"globally[0,7](rantes(t) > c(high)) and globally[14,28](rantes(t) > c(high))",,0.51814,,
"In the first week, RANTES in the mild group (638.62 ± 174.81 pg/mL) was much higher than that in healthy controls (358.36 ± 123.44 pg/mL, P = 1.0 × 10–6) and remained high in mild cases during their recovery phase (630.57 ± 171.00 pg/mL in week 3 and 654.14 ± 162.86 pg/mL in week 4).",1,raw,"globally[0,7](rantes(t) > c(high)) and globally[21,28](rantes(t) > c(high))",,0.523621,,
"In the first week, RANTES in the mild group (638.62 ± 174.81 pg/mL) was much higher than that in healthy controls (358.36 ± 123.44 pg/mL, P = 1.0 × 10–6) and remained high in mild cases during their recovery phase (630.57 ± 171.00 pg/mL in week 3 and 654.14 ± 162.86 pg/mL in week 4).",1,raw,"globally[0,28](rantes(t) > c(mid))",,0.546837,,
"In the first week, RANTES in the mild group (638.62 ± 174.81 pg/mL) was much higher than that in healthy controls (358.36 ± 123.44 pg/mL, P = 1.0 × 10–6) and remained high in mild cases during their recovery phase (630.57 ± 171.00 pg/mL in week 3 and 654.14 ± 162.86 pg/mL in week 4).",1,raw,"globally[0,7](rantes(t) > c(high)) and globally[14,28](rantes(t) > c(high))",,0.51814,,
"In the first week, RANTES in the mild group (638.62 ± 174.81 pg/mL) was much higher than that in healthy controls (358.36 ± 123.44 pg/mL, P = 1.0 × 10–6) and remained high in mild cases during their recovery phase (630.57 ± 171.00 pg/mL in week 3 and 654.14 ± 162.86 pg/mL in week 4).",1,raw,"globally[0,7](rantes(t) > c(high)) and globally[21,28](rantes(t) = c(high))",,0.540817,,
"In the first week, RANTES in the mild group (638.62 ± 174.81 pg/mL) was much higher than that in healthy controls (358.36 ± 123.44 pg/mL, P = 1.0 × 10–6) and remained high in mild cases during their recovery phase (630.57 ± 171.00 pg/mL in week 3 and 654.14 ± 162.86 pg/mL in week 4).",1,raw,"rantes(t) > c(high) and globally[21,28](rantes(t) = c(high))",,0.562793,,
"In the first week, RANTES in the mild group (638.62 ± 174.81 pg/mL) was much higher than that in healthy controls (358.36 ± 123.44 pg/mL, P = 1.0 × 10–6) and remained high in mild cases during their recovery phase (630.57 ± 171.00 pg/mL in week 3 and 654.14 ± 162.86 pg/mL in week 4).",1,raw,"globally[0,7](rantes(t) > c(high)) and globally[21,28](rantes(t) > c(high))",,0.523621,,
"In the first week, RANTES in the mild group (638.62 ± 174.81 pg/mL) was much higher than that in healthy controls (358.36 ± 123.44 pg/mL, P = 1.0 × 10–6) and remained high in mild cases during their recovery phase (630.57 ± 171.00 pg/mL in week 3 and 654.14 ± 162.86 pg/mL in week 4).",1,raw,"globally[0,7](rantes(t) > c(high)) and globally[21,28](rantes(t) > c(high)) and globally[14,21](rantes(t) > c(high))",,0.527126,,
"In the first week, RANTES in the mild group (638.62 ± 174.81 pg/mL) was much higher than that in healthy controls (358.36 ± 123.44 pg/mL, P = 1.0 × 10–6) and remained high in mild cases during their recovery phase (630.57 ± 171.00 pg/mL in week 3 and 654.14 ± 162.86 pg/mL in week 4).",1,raw,"globally[0,7](rantes(t) > c(high)) and globally[21,28](rantes(t) > c(high))",,0.523621,,
"In the first week, RANTES in the mild group (638.62 ± 174.81 pg/mL) was much higher than that in healthy controls (358.36 ± 123.44 pg/mL, P = 1.0 × 10–6) and remained high in mild cases during their recovery phase (630.57 ± 171.00 pg/mL in week 3 and 654.14 ± 162.86 pg/mL in week 4).",1,raw,"globally[0,7](rantes(t) > c(high)) and globally[21,28](rantes(t) = c(high)) and globally[28,35](rantes(t) = c(high))",,0.553025,,
"In the first week, RANTES in the mild group (638.62 ± 174.81 pg/mL) was much higher than that in healthy controls (358.36 ± 123.44 pg/mL, P = 1.0 × 10–6) and remained high in mild cases during their recovery phase (630.57 ± 171.00 pg/mL in week 3 and 654.14 ± 162.86 pg/mL in week 4).",1,raw,"rantes(t) > c(high) and globally[21,28](rantes(t) = c(high))",,0.562793,,
"In the first week, RANTES in the mild group (638.62 ± 174.81 pg/mL) was much higher than that in healthy controls (358.36 ± 123.44 pg/mL, P = 1.0 × 10–6) and remained high in mild cases during their recovery phase (630.57 ± 171.00 pg/mL in week 3 and 654.14 ± 162.86 pg/mL in week 4).",1,filtered,"globally[0,7](rantes(t) > c(mid)) and globally[21,28](rantes(t) > c(mid))",1,0.588137,,
"In the first week, RANTES in the mild group (638.62 ± 174.81 pg/mL) was much higher than that in healthy controls (358.36 ± 123.44 pg/mL, P = 1.0 × 10–6) and remained high in mild cases during their recovery phase (630.57 ± 171.00 pg/mL in week 3 and 654.14 ± 162.86 pg/mL in week 4).",1,filtered,"globally[0,7](rantes(t) > c(mid)) and globally[21,28](rantes(t) > c(mid))",1,0.588137,,
"In the first week, RANTES in the mild group (638.62 ± 174.81 pg/mL) was much higher than that in healthy controls (358.36 ± 123.44 pg/mL, P = 1.0 × 10–6) and remained high in mild cases during their recovery phase (630.57 ± 171.00 pg/mL in week 3 and 654.14 ± 162.86 pg/mL in week 4).",1,filtered,"rantes(t) > c(high) and globally[21,28](rantes(t) = c(high))",0,0.562793,,
"In the first week, RANTES in the mild group (638.62 ± 174.81 pg/mL) was much higher than that in healthy controls (358.36 ± 123.44 pg/mL, P = 1.0 × 10–6) and remained high in mild cases during their recovery phase (630.57 ± 171.00 pg/mL in week 3 and 654.14 ± 162.86 pg/mL in week 4).",1,filtered,"rantes(t) > c(high) and globally[21,28](rantes(t) = c(high))",0,0.562793,,
"In the first week, RANTES in the mild group (638.62 ± 174.81 pg/mL) was much higher than that in healthy controls (358.36 ± 123.44 pg/mL, P = 1.0 × 10–6) and remained high in mild cases during their recovery phase (630.57 ± 171.00 pg/mL in week 3 and 654.14 ± 162.86 pg/mL in week 4).",1,consolidated,"globally[0,7](rantes(t) > c(mid))",1,0.547399,,
"In the first week, RANTES in the mild group (638.62 ± 174.81 pg/mL) was much higher than that in healthy controls (358.36 ± 123.44 pg/mL, P = 1.0 × 10–6) and remained high in mild cases during their recovery phase (630.57 ± 171.00 pg/mL in week 3 and 654.14 ± 162.86 pg/mL in week 4).",1,consolidated,"globally[21,28](rantes(t) > c(mid))",1,0.559777,,
"No elevation of RANTES was observed in the severe group during the disease progression, suggesting that RANTES may play an important role in protecting COVID-19 patients from developing severe illness (Supplemental Table 1 and Figure 5A).",1,raw,"globally[0,inf](d_rantes(t) = 0)",,0.413245,,
"No elevation of RANTES was observed in the severe group during the disease progression, suggesting that RANTES may play an important role in protecting COVID-19 patients from developing severe illness (Supplemental Table 1 and Figure 5A).",1,raw,"globally[0,inf](d_rantes(t) = 0)",,0.413245,,
"No elevation of RANTES was observed in the severe group during the disease progression, suggesting that RANTES may play an important role in protecting COVID-19 patients from developing severe illness (Supplemental Table 1 and Figure 5A).",1,raw,"globally[0,inf](d_rantes(t) = 0)",,0.413245,,
"No elevation of RANTES was observed in the severe group during the disease progression, suggesting that RANTES may play an important role in protecting COVID-19 patients from developing severe illness (Supplemental Table 1 and Figure 5A).",1,raw,"globally[0,inf](d_rantes(t) = 0)",,0.413245,,
"No elevation of RANTES was observed in the severe group during the disease progression, suggesting that RANTES may play an important role in protecting COVID-19 patients from developing severe illness (Supplemental Table 1 and Figure 5A).",1,raw,"globally[0,inf](d_rantes(t) = 0)",,0.413245,,
"No elevation of RANTES was observed in the severe group during the disease progression, suggesting that RANTES may play an important role in protecting COVID-19 patients from developing severe illness (Supplemental Table 1 and Figure 5A).",1,raw,"globally[0,inf](d_rantes(t) = 0)",,0.413245,,
"No elevation of RANTES was observed in the severe group during the disease progression, suggesting that RANTES may play an important role in protecting COVID-19 patients from developing severe illness (Supplemental Table 1 and Figure 5A).",1,raw,"globally[0,inf](d_rantes(t) = 0)",,0.413245,,
"No elevation of RANTES was observed in the severe group during the disease progression, suggesting that RANTES may play an important role in protecting COVID-19 patients from developing severe illness (Supplemental Table 1 and Figure 5A).",1,raw,"globally[0,inf](d_rantes(t) = 0)",,0.413245,,
"No elevation of RANTES was observed in the severe group during the disease progression, suggesting that RANTES may play an important role in protecting COVID-19 patients from developing severe illness (Supplemental Table 1 and Figure 5A).",1,raw,"globally[0,inf](rantes(t) < c(low))",,0.50412,,
"No elevation of RANTES was observed in the severe group during the disease progression, suggesting that RANTES may play an important role in protecting COVID-19 patients from developing severe illness (Supplemental Table 1 and Figure 5A).",1,raw,"globally[0,inf](d_rantes(t) = 0)",,0.413245,,
"No elevation of RANTES was observed in the severe group during the disease progression, suggesting that RANTES may play an important role in protecting COVID-19 patients from developing severe illness (Supplemental Table 1 and Figure 5A).",1,raw,"globally[0,inf](d_rantes(t) < 0) and rantes(t) < c(low)",,0.517632,,
"No elevation of RANTES was observed in the severe group during the disease progression, suggesting that RANTES may play an important role in protecting COVID-19 patients from developing severe illness (Supplemental Table 1 and Figure 5A).",1,filtered,"globally[0,inf](d_rantes(t) = 0)",1,0.413245,,
"No elevation of RANTES was observed in the severe group during the disease progression, suggesting that RANTES may play an important role in protecting COVID-19 patients from developing severe illness (Supplemental Table 1 and Figure 5A).",1,filtered,"globally[0,inf](d_rantes(t) = 0)",1,0.413245,,
"No elevation of RANTES was observed in the severe group during the disease progression, suggesting that RANTES may play an important role in protecting COVID-19 patients from developing severe illness (Supplemental Table 1 and Figure 5A).",1,filtered,"globally[0,inf](d_rantes(t) = 0)",1,0.413245,,
"No elevation of RANTES was observed in the severe group during the disease progression, suggesting that RANTES may play an important role in protecting COVID-19 patients from developing severe illness (Supplemental Table 1 and Figure 5A).",1,filtered,"globally[0,inf](d_rantes(t) = 0)",1,0.413245,,
"No elevation of RANTES was observed in the severe group during the disease progression, suggesting that RANTES may play an important role in protecting COVID-19 patients from developing severe illness (Supplemental Table 1 and Figure 5A).",1,filtered,"globally[0,inf](d_rantes(t) = 0)",1,0.413245,,
"No elevation of RANTES was observed in the severe group during the disease progression, suggesting that RANTES may play an important role in protecting COVID-19 patients from developing severe illness (Supplemental Table 1 and Figure 5A).",1,filtered,"globally[0,inf](d_rantes(t) = 0)",1,0.413245,,
"No elevation of RANTES was observed in the severe group during the disease progression, suggesting that RANTES may play an important role in protecting COVID-19 patients from developing severe illness (Supplemental Table 1 and Figure 5A).",1,filtered,"globally[0,inf](d_rantes(t) = 0)",1,0.413245,,
"No elevation of RANTES was observed in the severe group during the disease progression, suggesting that RANTES may play an important role in protecting COVID-19 patients from developing severe illness (Supplemental Table 1 and Figure 5A).",1,filtered,"globally[0,inf](d_rantes(t) = 0)",1,0.413245,,
"No elevation of RANTES was observed in the severe group during the disease progression, suggesting that RANTES may play an important role in protecting COVID-19 patients from developing severe illness (Supplemental Table 1 and Figure 5A).",1,filtered,"globally[0,inf](rantes(t) < c(low))",1,0.50412,,
"No elevation of RANTES was observed in the severe group during the disease progression, suggesting that RANTES may play an important role in protecting COVID-19 patients from developing severe illness (Supplemental Table 1 and Figure 5A).",1,filtered,"globally[0,inf](d_rantes(t) = 0)",1,0.413245,,
"No elevation of RANTES was observed in the severe group during the disease progression, suggesting that RANTES may play an important role in protecting COVID-19 patients from developing severe illness (Supplemental Table 1 and Figure 5A).",1,filtered,"globally[0,inf](d_rantes(t) < 0) and rantes(t) < c(low)",1,0.517632,,
"No elevation of RANTES was observed in the severe group during the disease progression, suggesting that RANTES may play an important role in protecting COVID-19 patients from developing severe illness (Supplemental Table 1 and Figure 5A).",1,consolidated,"globally[0,inf](d_rantes(t) = 0)",1,0.413245,,
"No elevation of RANTES was observed in the severe group during the disease progression, suggesting that RANTES may play an important role in protecting COVID-19 patients from developing severe illness (Supplemental Table 1 and Figure 5A).",1,consolidated,"globally[0,inf](d_rantes(t) < 0)",0,0.382511,,
"No elevation of RANTES was observed in the severe group during the disease progression, suggesting that RANTES may play an important role in protecting COVID-19 patients from developing severe illness (Supplemental Table 1 and Figure 5A).",1,consolidated,rantes(t) < c(low),1,0.593041,,
"We found that IL-6 (P<0.0001), IL-8 (P<0.0001) and TNF-α (P<0.0001) were significantly elevated in COVID-19 serum compared to healthy donor serum or plasma isolated from CAR T cell-treated patients with no CRS (Fig. 1).",1,raw,il6(t) > c(mid) and il8(t) > c(mid) and tnfα(t) > c(mid),,0.575513,,
"We found that IL-6 (P<0.0001), IL-8 (P<0.0001) and TNF-α (P<0.0001) were significantly elevated in COVID-19 serum compared to healthy donor serum or plasma isolated from CAR T cell-treated patients with no CRS (Fig. 1).",1,raw,il6(t) > c(high) and il8(t) > c(high) and tnfα(t) > c(high),,0.550789,,
"We found that IL-6 (P<0.0001), IL-8 (P<0.0001) and TNF-α (P<0.0001) were significantly elevated in COVID-19 serum compared to healthy donor serum or plasma isolated from CAR T cell-treated patients with no CRS (Fig. 1).",1,raw,il6(t) > c(high) and il8(t) > c(high) and tnfα(t) > c(high),,0.550789,,
"We found that IL-6 (P<0.0001), IL-8 (P<0.0001) and TNF-α (P<0.0001) were significantly elevated in COVID-19 serum compared to healthy donor serum or plasma isolated from CAR T cell-treated patients with no CRS (Fig. 1).",1,raw,il6(t) > c(high) and il8(t) > c(high) and tnfα(t) > c(high),,0.550789,,
"We found that IL-6 (P<0.0001), IL-8 (P<0.0001) and TNF-α (P<0.0001) were significantly elevated in COVID-19 serum compared to healthy donor serum or plasma isolated from CAR T cell-treated patients with no CRS (Fig. 1).",1,raw,il6(t) = c(high) and il8(t) = c(high) and tnfα(t) = c(high),,0.550159,,
"We found that IL-6 (P<0.0001), IL-8 (P<0.0001) and TNF-α (P<0.0001) were significantly elevated in COVID-19 serum compared to healthy donor serum or plasma isolated from CAR T cell-treated patients with no CRS (Fig. 1).",1,raw,il6(t) > c(high) and il8(t) > c(high) and tnfα(t) > c(high),,0.550789,,
"We found that IL-6 (P<0.0001), IL-8 (P<0.0001) and TNF-α (P<0.0001) were significantly elevated in COVID-19 serum compared to healthy donor serum or plasma isolated from CAR T cell-treated patients with no CRS (Fig. 1).",1,raw,il6(t) > c(high) and il8(t) > c(high) and tnfα(t) > c(high),,0.550789,,
"We found that IL-6 (P<0.0001), IL-8 (P<0.0001) and TNF-α (P<0.0001) were significantly elevated in COVID-19 serum compared to healthy donor serum or plasma isolated from CAR T cell-treated patients with no CRS (Fig. 1).",1,raw,il6(t) > c(high) and il8(t) > c(high) and tnfα(t) > c(high),,0.550789,,
"We found that IL-6 (P<0.0001), IL-8 (P<0.0001) and TNF-α (P<0.0001) were significantly elevated in COVID-19 serum compared to healthy donor serum or plasma isolated from CAR T cell-treated patients with no CRS (Fig. 1).",1,raw,il6(t) > c(high) and il8(t) > c(high) and tnfα(t) > c(high),,0.550789,,
"We found that IL-6 (P<0.0001), IL-8 (P<0.0001) and TNF-α (P<0.0001) were significantly elevated in COVID-19 serum compared to healthy donor serum or plasma isolated from CAR T cell-treated patients with no CRS (Fig. 1).",1,raw,il6(t) > c(high) and il8(t) > c(high) and tnfα(t) > c(high),,0.550789,,
"We found that IL-6 (P<0.0001), IL-8 (P<0.0001) and TNF-α (P<0.0001) were significantly elevated in COVID-19 serum compared to healthy donor serum or plasma isolated from CAR T cell-treated patients with no CRS (Fig. 1).",1,raw,il6(t) > c(high) and il8(t) > c(high) and tnfα(t) > c(high),,0.550789,,
"We found that IL-6 (P<0.0001), IL-8 (P<0.0001) and TNF-α (P<0.0001) were significantly elevated in COVID-19 serum compared to healthy donor serum or plasma isolated from CAR T cell-treated patients with no CRS (Fig. 1).",1,raw,il6(t) > c(high) and il8(t) > c(high) and tnfα(t) > c(high),,0.550789,,
"We found that IL-6 (P<0.0001), IL-8 (P<0.0001) and TNF-α (P<0.0001) were significantly elevated in COVID-19 serum compared to healthy donor serum or plasma isolated from CAR T cell-treated patients with no CRS (Fig. 1).",1,raw,il6(t) > c(high) and il8(t) > c(high) and tnfα(t) > c(high),,0.550789,,
"We found that IL-6 (P<0.0001), IL-8 (P<0.0001) and TNF-α (P<0.0001) were significantly elevated in COVID-19 serum compared to healthy donor serum or plasma isolated from CAR T cell-treated patients with no CRS (Fig. 1).",1,raw,il6(t) > c(mid) and il8(t) > c(mid) and tnfα(t) > c(mid),,0.575513,,
"We found that IL-6 (P<0.0001), IL-8 (P<0.0001) and TNF-α (P<0.0001) were significantly elevated in COVID-19 serum compared to healthy donor serum or plasma isolated from CAR T cell-treated patients with no CRS (Fig. 1).",1,raw,il6(t) > c(high) and il8(t) > c(high) and tnfα(t) > c(high),,0.550789,,
"We found that IL-6 (P<0.0001), IL-8 (P<0.0001) and TNF-α (P<0.0001) were significantly elevated in COVID-19 serum compared to healthy donor serum or plasma isolated from CAR T cell-treated patients with no CRS (Fig. 1).",1,raw,il6(t)=c(high) and il8(t)=c(high) and tnfα(t)=c(high),,0.550159,,
"We found that IL-6 (P<0.0001), IL-8 (P<0.0001) and TNF-α (P<0.0001) were significantly elevated in COVID-19 serum compared to healthy donor serum or plasma isolated from CAR T cell-treated patients with no CRS (Fig. 1).",1,raw,il6(t) > c(high) and il8(t) > c(high) and tnfα(t) > c(high),,0.550789,,
"We found that IL-6 (P<0.0001), IL-8 (P<0.0001) and TNF-α (P<0.0001) were significantly elevated in COVID-19 serum compared to healthy donor serum or plasma isolated from CAR T cell-treated patients with no CRS (Fig. 1).",1,raw,il6(t) > c(high) and il8(t) > c(high) and tnfα(t) > c(high),,0.550789,,
"We found that IL-6 (P<0.0001), IL-8 (P<0.0001) and TNF-α (P<0.0001) were significantly elevated in COVID-19 serum compared to healthy donor serum or plasma isolated from CAR T cell-treated patients with no CRS (Fig. 1).",1,filtered,il6(t) > c(mid) and il8(t) > c(mid) and tnfα(t) > c(mid),1,0.575513,,
"We found that IL-6 (P<0.0001), IL-8 (P<0.0001) and TNF-α (P<0.0001) were significantly elevated in COVID-19 serum compared to healthy donor serum or plasma isolated from CAR T cell-treated patients with no CRS (Fig. 1).",1,filtered,il6(t) > c(high) and il8(t) > c(high) and tnfα(t) > c(high),1,0.550789,,
"We found that IL-6 (P<0.0001), IL-8 (P<0.0001) and TNF-α (P<0.0001) were significantly elevated in COVID-19 serum compared to healthy donor serum or plasma isolated from CAR T cell-treated patients with no CRS (Fig. 1).",1,filtered,il6(t) > c(high) and il8(t) > c(high) and tnfα(t) > c(high),1,0.550789,,
"We found that IL-6 (P<0.0001), IL-8 (P<0.0001) and TNF-α (P<0.0001) were significantly elevated in COVID-19 serum compared to healthy donor serum or plasma isolated from CAR T cell-treated patients with no CRS (Fig. 1).",1,filtered,il6(t) > c(high) and il8(t) > c(high) and tnfα(t) > c(high),1,0.550789,,
"We found that IL-6 (P<0.0001), IL-8 (P<0.0001) and TNF-α (P<0.0001) were significantly elevated in COVID-19 serum compared to healthy donor serum or plasma isolated from CAR T cell-treated patients with no CRS (Fig. 1).",1,filtered,il6(t) > c(high) and il8(t) > c(high) and tnfα(t) > c(high),1,0.550789,,
"We found that IL-6 (P<0.0001), IL-8 (P<0.0001) and TNF-α (P<0.0001) were significantly elevated in COVID-19 serum compared to healthy donor serum or plasma isolated from CAR T cell-treated patients with no CRS (Fig. 1).",1,filtered,il6(t) > c(high) and il8(t) > c(high) and tnfα(t) > c(high),1,0.550789,,
"We found that IL-6 (P<0.0001), IL-8 (P<0.0001) and TNF-α (P<0.0001) were significantly elevated in COVID-19 serum compared to healthy donor serum or plasma isolated from CAR T cell-treated patients with no CRS (Fig. 1).",1,filtered,il6(t) > c(high) and il8(t) > c(high) and tnfα(t) > c(high),1,0.550789,,
"We found that IL-6 (P<0.0001), IL-8 (P<0.0001) and TNF-α (P<0.0001) were significantly elevated in COVID-19 serum compared to healthy donor serum or plasma isolated from CAR T cell-treated patients with no CRS (Fig. 1).",1,filtered,il6(t) > c(high) and il8(t) > c(high) and tnfα(t) > c(high),1,0.550789,,
"We found that IL-6 (P<0.0001), IL-8 (P<0.0001) and TNF-α (P<0.0001) were significantly elevated in COVID-19 serum compared to healthy donor serum or plasma isolated from CAR T cell-treated patients with no CRS (Fig. 1).",1,filtered,il6(t) > c(high) and il8(t) > c(high) and tnfα(t) > c(high),1,0.550789,,
"We found that IL-6 (P<0.0001), IL-8 (P<0.0001) and TNF-α (P<0.0001) were significantly elevated in COVID-19 serum compared to healthy donor serum or plasma isolated from CAR T cell-treated patients with no CRS (Fig. 1).",1,filtered,il6(t) > c(high) and il8(t) > c(high) and tnfα(t) > c(high),1,0.550789,,
"We found that IL-6 (P<0.0001), IL-8 (P<0.0001) and TNF-α (P<0.0001) were significantly elevated in COVID-19 serum compared to healthy donor serum or plasma isolated from CAR T cell-treated patients with no CRS (Fig. 1).",1,filtered,il6(t) > c(high) and il8(t) > c(high) and tnfα(t) > c(high),1,0.550789,,
"We found that IL-6 (P<0.0001), IL-8 (P<0.0001) and TNF-α (P<0.0001) were significantly elevated in COVID-19 serum compared to healthy donor serum or plasma isolated from CAR T cell-treated patients with no CRS (Fig. 1).",1,filtered,il6(t) > c(high) and il8(t) > c(high) and tnfα(t) > c(high),1,0.550789,,
"We found that IL-6 (P<0.0001), IL-8 (P<0.0001) and TNF-α (P<0.0001) were significantly elevated in COVID-19 serum compared to healthy donor serum or plasma isolated from CAR T cell-treated patients with no CRS (Fig. 1).",1,filtered,il6(t) > c(mid) and il8(t) > c(mid) and tnfα(t) > c(mid),1,0.575513,,
"We found that IL-6 (P<0.0001), IL-8 (P<0.0001) and TNF-α (P<0.0001) were significantly elevated in COVID-19 serum compared to healthy donor serum or plasma isolated from CAR T cell-treated patients with no CRS (Fig. 1).",1,filtered,il6(t) > c(high) and il8(t) > c(high) and tnfα(t) > c(high),1,0.550789,,
"We found that IL-6 (P<0.0001), IL-8 (P<0.0001) and TNF-α (P<0.0001) were significantly elevated in COVID-19 serum compared to healthy donor serum or plasma isolated from CAR T cell-treated patients with no CRS (Fig. 1).",1,filtered,il6(t) > c(high) and il8(t) > c(high) and tnfα(t) > c(high),1,0.550789,,
"We found that IL-6 (P<0.0001), IL-8 (P<0.0001) and TNF-α (P<0.0001) were significantly elevated in COVID-19 serum compared to healthy donor serum or plasma isolated from CAR T cell-treated patients with no CRS (Fig. 1).",1,filtered,il6(t) > c(high) and il8(t) > c(high) and tnfα(t) > c(high),1,0.550789,,
"We found that IL-6 (P<0.0001), IL-8 (P<0.0001) and TNF-α (P<0.0001) were significantly elevated in COVID-19 serum compared to healthy donor serum or plasma isolated from CAR T cell-treated patients with no CRS (Fig. 1).",1,consolidated,il6(t) > c(mid),1,0.36535,,
"We found that IL-6 (P<0.0001), IL-8 (P<0.0001) and TNF-α (P<0.0001) were significantly elevated in COVID-19 serum compared to healthy donor serum or plasma isolated from CAR T cell-treated patients with no CRS (Fig. 1).",1,consolidated,il8(t) > c(mid),1,0.299193,,
"We found that IL-6 (P<0.0001), IL-8 (P<0.0001) and TNF-α (P<0.0001) were significantly elevated in COVID-19 serum compared to healthy donor serum or plasma isolated from CAR T cell-treated patients with no CRS (Fig. 1).",1,consolidated,tnfα(t) > c(mid),1,0.476133,,
"In line with previous reports, IL-1β levels were mostly low or at the limit of detection of 0.1pg ml−1, even though the assay was able to detect various levels of recombinant control cytokines (Extended Data Fig. 1b).",0,raw,il1β(t) < c(low),,0.805075,,
"In line with previous reports, IL-1β levels were mostly low or at the limit of detection of 0.1pg ml−1, even though the assay was able to detect various levels of recombinant control cytokines (Extended Data Fig. 1b).",0,raw,il1β(t) < c(low),,0.805075,,
"In line with previous reports, IL-1β levels were mostly low or at the limit of detection of 0.1pg ml−1, even though the assay was able to detect various levels of recombinant control cytokines (Extended Data Fig. 1b).",0,raw,il1β(t) < c(low),,0.805075,,
"In line with previous reports, IL-1β levels were mostly low or at the limit of detection of 0.1pg ml−1, even though the assay was able to detect various levels of recombinant control cytokines (Extended Data Fig. 1b).",0,raw,il1β(t) < c(low),,0.805075,,
"In line with previous reports, IL-1β levels were mostly low or at the limit of detection of 0.1pg ml−1, even though the assay was able to detect various levels of recombinant control cytokines (Extended Data Fig. 1b).",0,raw,il1β(t) < c(low),,0.805075,,
"In line with previous reports, IL-1β levels were mostly low or at the limit of detection of 0.1pg ml−1, even though the assay was able to detect various levels of recombinant control cytokines (Extended Data Fig. 1b).",0,raw,"globally[0,inf](il1β(t) < c(low))",,0.684032,,
"In line with previous reports, IL-1β levels were mostly low or at the limit of detection of 0.1pg ml−1, even though the assay was able to detect various levels of recombinant control cytokines (Extended Data Fig. 1b).",0,raw,il1β(t) < c(low),,0.805075,,
"In line with previous reports, IL-1β levels were mostly low or at the limit of detection of 0.1pg ml−1, even though the assay was able to detect various levels of recombinant control cytokines (Extended Data Fig. 1b).",0,raw,il1β(t) < c(low),,0.805075,,
"In line with previous reports, IL-1β levels were mostly low or at the limit of detection of 0.1pg ml−1, even though the assay was able to detect various levels of recombinant control cytokines (Extended Data Fig. 1b).",0,raw,il1β(t) < c(low),,0.805075,,
"In line with previous reports, IL-1β levels were mostly low or at the limit of detection of 0.1pg ml−1, even though the assay was able to detect various levels of recombinant control cytokines (Extended Data Fig. 1b).",0,raw,"globally[0,inf](il1β(t) < c(low))",,0.684032,,
"In line with previous reports, IL-1β levels were mostly low or at the limit of detection of 0.1pg ml−1, even though the assay was able to detect various levels of recombinant control cytokines (Extended Data Fig. 1b).",0,raw,"globally[0,inf](il1β(t) < c(low))",,0.684032,,
"In line with previous reports, IL-1β levels were mostly low or at the limit of detection of 0.1pg ml−1, even though the assay was able to detect various levels of recombinant control cytokines (Extended Data Fig. 1b).",0,raw,"globally[0,inf](il1β(t) < c(low))",,0.684032,,
"In line with previous reports, IL-1β levels were mostly low or at the limit of detection of 0.1pg ml−1, even though the assay was able to detect various levels of recombinant control cytokines (Extended Data Fig. 1b).",0,raw,il1β(t) < c(low),,0.805075,,
"In line with previous reports, IL-1β levels were mostly low or at the limit of detection of 0.1pg ml−1, even though the assay was able to detect various levels of recombinant control cytokines (Extended Data Fig. 1b).",0,raw,"globally[0,inf](il1β(t) < c(low))",,0.684032,,
"In line with previous reports, IL-1β levels were mostly low or at the limit of detection of 0.1pg ml−1, even though the assay was able to detect various levels of recombinant control cytokines (Extended Data Fig. 1b).",0,raw,il1β(t) = c(low),,0.827487,,
"In line with previous reports, IL-1β levels were mostly low or at the limit of detection of 0.1pg ml−1, even though the assay was able to detect various levels of recombinant control cytokines (Extended Data Fig. 1b).",0,raw,il1β(t) < c(low),,0.805075,,
"In line with previous reports, IL-1β levels were mostly low or at the limit of detection of 0.1pg ml−1, even though the assay was able to detect various levels of recombinant control cytokines (Extended Data Fig. 1b).",0,raw,"globally[0,inf](il1β(t) < c(low))",,0.684032,,
"In line with previous reports, IL-1β levels were mostly low or at the limit of detection of 0.1pg ml−1, even though the assay was able to detect various levels of recombinant control cytokines (Extended Data Fig. 1b).",0,raw,il1β(t) < c(low),,0.805075,,
"In line with previous reports, IL-1β levels were mostly low or at the limit of detection of 0.1pg ml−1, even though the assay was able to detect various levels of recombinant control cytokines (Extended Data Fig. 1b).",0,filtered,il1β(t) < c(low),1,0.805075,,
"In line with previous reports, IL-1β levels were mostly low or at the limit of detection of 0.1pg ml−1, even though the assay was able to detect various levels of recombinant control cytokines (Extended Data Fig. 1b).",0,filtered,il1β(t) < c(low),1,0.805075,,
"In line with previous reports, IL-1β levels were mostly low or at the limit of detection of 0.1pg ml−1, even though the assay was able to detect various levels of recombinant control cytokines (Extended Data Fig. 1b).",0,filtered,il1β(t) < c(low),1,0.805075,,
"In line with previous reports, IL-1β levels were mostly low or at the limit of detection of 0.1pg ml−1, even though the assay was able to detect various levels of recombinant control cytokines (Extended Data Fig. 1b).",0,filtered,il1β(t) < c(low),1,0.805075,,
"In line with previous reports, IL-1β levels were mostly low or at the limit of detection of 0.1pg ml−1, even though the assay was able to detect various levels of recombinant control cytokines (Extended Data Fig. 1b).",0,filtered,il1β(t) < c(low),1,0.805075,,
"In line with previous reports, IL-1β levels were mostly low or at the limit of detection of 0.1pg ml−1, even though the assay was able to detect various levels of recombinant control cytokines (Extended Data Fig. 1b).",0,filtered,il1β(t) < c(low),1,0.805075,,
"In line with previous reports, IL-1β levels were mostly low or at the limit of detection of 0.1pg ml−1, even though the assay was able to detect various levels of recombinant control cytokines (Extended Data Fig. 1b).",0,filtered,il1β(t) < c(low),1,0.805075,,
"In line with previous reports, IL-1β levels were mostly low or at the limit of detection of 0.1pg ml−1, even though the assay was able to detect various levels of recombinant control cytokines (Extended Data Fig. 1b).",0,filtered,il1β(t) < c(low),1,0.805075,,
"In line with previous reports, IL-1β levels were mostly low or at the limit of detection of 0.1pg ml−1, even though the assay was able to detect various levels of recombinant control cytokines (Extended Data Fig. 1b).",0,filtered,il1β(t) < c(low),1,0.805075,,
"In line with previous reports, IL-1β levels were mostly low or at the limit of detection of 0.1pg ml−1, even though the assay was able to detect various levels of recombinant control cytokines (Extended Data Fig. 1b).",0,filtered,il1β(t) = c(low),1,0.827487,,
"In line with previous reports, IL-1β levels were mostly low or at the limit of detection of 0.1pg ml−1, even though the assay was able to detect various levels of recombinant control cytokines (Extended Data Fig. 1b).",0,filtered,il1β(t) < c(low),1,0.805075,,
"In line with previous reports, IL-1β levels were mostly low or at the limit of detection of 0.1pg ml−1, even though the assay was able to detect various levels of recombinant control cytokines (Extended Data Fig. 1b).",0,filtered,il1β(t) < c(low),1,0.805075,,
"In line with previous reports, IL-1β levels were mostly low or at the limit of detection of 0.1pg ml−1, even though the assay was able to detect various levels of recombinant control cytokines (Extended Data Fig. 1b).",0,consolidated,il1β(t) < c(low),1,0.805075,,
"In line with previous reports, IL-1β levels were mostly low or at the limit of detection of 0.1pg ml−1, even though the assay was able to detect various levels of recombinant control cytokines (Extended Data Fig. 1b).",0,consolidated,il1β(t) = c(low),1,0.827487,,
"While specific IgG were never detected in fatally-infected patients, high levels of Ebola virus-specific IgG were found in survivors as soon as the symptoms appeared.",0,raw,"globally[0,inf](igg(t) < c(low)) and eventually[0,inf](igg(t) > c(high))",,0.348634,,
"While specific IgG were never detected in fatally-infected patients, high levels of Ebola virus-specific IgG were found in survivors as soon as the symptoms appeared.",0,raw,"globally[0,inf](igg(t) < c(low)) implies eventually[0,inf](igg(t) > c(high))",,0.300456,,
"While specific IgG were never detected in fatally-infected patients, high levels of Ebola virus-specific IgG were found in survivors as soon as the symptoms appeared.",0,raw,"globally[0,inf](igg(t) < c(low)) implies eventually[0,inf]globally(igg(t) > c(high))",,0.285519,,
"While specific IgG were never detected in fatally-infected patients, high levels of Ebola virus-specific IgG were found in survivors as soon as the symptoms appeared.",0,raw,"globally[0,inf](igg(t) < c(low)) and eventually[0,inf](igg(t) > c(high))",,0.348634,,
"While specific IgG were never detected in fatally-infected patients, high levels of Ebola virus-specific IgG were found in survivors as soon as the symptoms appeared.",0,raw,"globally[0,inf](igg(t)<c(low)) and eventually[0,inf](igg(t)=c(high))",,0.371957,,
"While specific IgG were never detected in fatally-infected patients, high levels of Ebola virus-specific IgG were found in survivors as soon as the symptoms appeared.",0,raw,"globally[0,inf](igg(t) < c(low)) and eventually[0,inf](igg(t) > c(high))",,0.348634,,
"While specific IgG were never detected in fatally-infected patients, high levels of Ebola virus-specific IgG were found in survivors as soon as the symptoms appeared.",0,raw,"globally[0,inf](igg(t) = c(low)) and eventually[0,inf](igg(t) > c(high))",,0.358,,
"While specific IgG were never detected in fatally-infected patients, high levels of Ebola virus-specific IgG were found in survivors as soon as the symptoms appeared.",0,raw,"globally[0,inf](igg(t) < c(low)) and eventually[0,inf](igg(t) = c(high))",,0.371957,,
"While specific IgG were never detected in fatally-infected patients, high levels of Ebola virus-specific IgG were found in survivors as soon as the symptoms appeared.",0,raw,"globally[0,inf](igg(t) < c(low)) and eventually[0,inf](igg(t) > c(high))",,0.348634,,
"While specific IgG were never detected in fatally-infected patients, high levels of Ebola virus-specific IgG were found in survivors as soon as the symptoms appeared.",0,raw,"globally[0,inf](igg(t) < c(low)) implies eventually[0,inf](igg(t) > c(high))",,0.300456,,
"While specific IgG were never detected in fatally-infected patients, high levels of Ebola virus-specific IgG were found in survivors as soon as the symptoms appeared.",0,raw,"globally[0,inf](igg(t) < c(low)) and eventually[0,inf](igg(t) > c(high))",,0.348634,,
"While specific IgG were never detected in fatally-infected patients, high levels of Ebola virus-specific IgG were found in survivors as soon as the symptoms appeared.",0,raw,"globally[0,inf](igg(t) < c(low)) and eventually[0,inf](igg(t) > c(high))",,0.348634,,
"While specific IgG were never detected in fatally-infected patients, high levels of Ebola virus-specific IgG were found in survivors as soon as the symptoms appeared.",0,raw,"globally[0,inf](igg(t) < c(low)) and eventually[0,inf](igg(t) > c(high))",,0.348634,,
"While specific IgG were never detected in fatally-infected patients, high levels of Ebola virus-specific IgG were found in survivors as soon as the symptoms appeared.",0,raw,"globally[0,inf](igg(t) < c(low)) and eventually[0,inf](igg(t) > c(high))",,0.348634,,
"While specific IgG were never detected in fatally-infected patients, high levels of Ebola virus-specific IgG were found in survivors as soon as the symptoms appeared.",0,raw,"globally[0,inf](igg(t) < c(low)) and eventually[0,inf](igg(t) > c(high))",,0.348634,,
"While specific IgG were never detected in fatally-infected patients, high levels of Ebola virus-specific IgG were found in survivors as soon as the symptoms appeared.",0,raw,"globally[0,inf](igg(t) < c(low)) and eventually[0,inf](igg(t) > c(high))",,0.348634,,
"While specific IgG were never detected in fatally-infected patients, high levels of Ebola virus-specific IgG were found in survivors as soon as the symptoms appeared.",0,raw,"globally[0,inf](igg(t) < c(low)) and eventually[0,inf](igg(t) > c(high))",,0.348634,,
"While specific IgG were never detected in fatally-infected patients, high levels of Ebola virus-specific IgG were found in survivors as soon as the symptoms appeared.",0,raw,"globally[0,inf](igg(t) < c(low)) and eventually[0,inf](igg(t) > c(high))",,0.348634,,
"While specific IgG were never detected in fatally-infected patients, high levels of Ebola virus-specific IgG were found in survivors as soon as the symptoms appeared.",0,raw,"globally[0,inf](igg(t) < c(low)) implies eventually[0,inf](igg(t) > c(high))",,0.300456,,
"While specific IgG were never detected in fatally-infected patients, high levels of Ebola virus-specific IgG were found in survivors as soon as the symptoms appeared.",0,filtered,"globally[0,inf](igg(t) < c(low)) and eventually[0,inf](igg(t) > c(high))",1,0.348634,,
"While specific IgG were never detected in fatally-infected patients, high levels of Ebola virus-specific IgG were found in survivors as soon as the symptoms appeared.",0,filtered,"globally[0,inf](igg(t) < c(low)) and eventually[0,inf](igg(t) > c(high))",1,0.348634,,
"While specific IgG were never detected in fatally-infected patients, high levels of Ebola virus-specific IgG were found in survivors as soon as the symptoms appeared.",0,filtered,"globally[0,inf](igg(t)<c(low)) and eventually[0,inf](igg(t)=c(high))",1,0.371957,,
"While specific IgG were never detected in fatally-infected patients, high levels of Ebola virus-specific IgG were found in survivors as soon as the symptoms appeared.",0,filtered,"globally[0,inf](igg(t) < c(low)) and eventually[0,inf](igg(t) > c(high))",1,0.348634,,
"While specific IgG were never detected in fatally-infected patients, high levels of Ebola virus-specific IgG were found in survivors as soon as the symptoms appeared.",0,filtered,"globally[0,inf](igg(t) = c(low)) and eventually[0,inf](igg(t) > c(high))",1,0.358,,
"While specific IgG were never detected in fatally-infected patients, high levels of Ebola virus-specific IgG were found in survivors as soon as the symptoms appeared.",0,filtered,"globally[0,inf](igg(t) < c(low)) and eventually[0,inf](igg(t) = c(high))",1,0.371957,,
"While specific IgG were never detected in fatally-infected patients, high levels of Ebola virus-specific IgG were found in survivors as soon as the symptoms appeared.",0,filtered,"globally[0,inf](igg(t) < c(low)) and eventually[0,inf](igg(t) > c(high))",1,0.348634,,
"While specific IgG were never detected in fatally-infected patients, high levels of Ebola virus-specific IgG were found in survivors as soon as the symptoms appeared.",0,filtered,"globally[0,inf](igg(t) < c(low)) and eventually[0,inf](igg(t) > c(high))",1,0.348634,,
"While specific IgG were never detected in fatally-infected patients, high levels of Ebola virus-specific IgG were found in survivors as soon as the symptoms appeared.",0,filtered,"globally[0,inf](igg(t) < c(low)) and eventually[0,inf](igg(t) > c(high))",1,0.348634,,
"While specific IgG were never detected in fatally-infected patients, high levels of Ebola virus-specific IgG were found in survivors as soon as the symptoms appeared.",0,filtered,"globally[0,inf](igg(t) < c(low)) and eventually[0,inf](igg(t) > c(high))",1,0.348634,,
"While specific IgG were never detected in fatally-infected patients, high levels of Ebola virus-specific IgG were found in survivors as soon as the symptoms appeared.",0,filtered,"globally[0,inf](igg(t) < c(low)) and eventually[0,inf](igg(t) > c(high))",1,0.348634,,
"While specific IgG were never detected in fatally-infected patients, high levels of Ebola virus-specific IgG were found in survivors as soon as the symptoms appeared.",0,filtered,"globally[0,inf](igg(t) < c(low)) and eventually[0,inf](igg(t) > c(high))",1,0.348634,,
"While specific IgG were never detected in fatally-infected patients, high levels of Ebola virus-specific IgG were found in survivors as soon as the symptoms appeared.",0,filtered,"globally[0,inf](igg(t) < c(low)) and eventually[0,inf](igg(t) > c(high))",1,0.348634,,
"While specific IgG were never detected in fatally-infected patients, high levels of Ebola virus-specific IgG were found in survivors as soon as the symptoms appeared.",0,filtered,"globally[0,inf](igg(t) < c(low)) and eventually[0,inf](igg(t) > c(high))",1,0.348634,,
"While specific IgG were never detected in fatally-infected patients, high levels of Ebola virus-specific IgG were found in survivors as soon as the symptoms appeared.",0,filtered,"globally[0,inf](igg(t) < c(low)) and eventually[0,inf](igg(t) > c(high))",1,0.348634,,
"While specific IgG were never detected in fatally-infected patients, high levels of Ebola virus-specific IgG were found in survivors as soon as the symptoms appeared.",0,consolidated,"eventually[0,inf](igg(t) > c(high))",1,0.422388,,
"While specific IgG were never detected in fatally-infected patients, high levels of Ebola virus-specific IgG were found in survivors as soon as the symptoms appeared.",0,consolidated,"globally[0,inf](igg(t)<c(low))",1,0.400506,,
"While specific IgG were never detected in fatally-infected patients, high levels of Ebola virus-specific IgG were found in survivors as soon as the symptoms appeared.",0,consolidated,"globally[0,inf](igg(t) = c(low))",1,0.397389,,
"While specific IgG were never detected in fatally-infected patients, high levels of Ebola virus-specific IgG were found in survivors as soon as the symptoms appeared.",0,consolidated,"eventually[0,inf](igg(t) = c(high))",1,0.431345,,
"IFNα, IL-12 and IL-8 were undetectable in all the plasma samples tested.",2,raw,ifnα(t)=c(low) and il12(t)=c(low) and il8(t)=c(low),,0.75869,,
"IFNα, IL-12 and IL-8 were undetectable in all the plasma samples tested.",2,raw,ifnα(t) < c(low) and il12(t) < c(low) and il8(t) < c(low),,0.751632,,
"IFNα, IL-12 and IL-8 were undetectable in all the plasma samples tested.",2,raw,ifnα(t) < c(low) and il12(t) < c(low) and il8(t) < c(low),,0.751632,,
"IFNα, IL-12 and IL-8 were undetectable in all the plasma samples tested.",2,raw,ifnα(t) = c(low) and il12(t) = c(low) and il8(t) = c(low),,0.75869,,
"IFNα, IL-12 and IL-8 were undetectable in all the plasma samples tested.",2,raw,ifnα(t) < c(low) and il12(t) < c(low) and il8(t) < c(low),,0.751632,,
"IFNα, IL-12 and IL-8 were undetectable in all the plasma samples tested.",2,filtered,ifnα(t)=c(low) and il12(t)=c(low) and il8(t)=c(low),1,0.75869,,
"IFNα, IL-12 and IL-8 were undetectable in all the plasma samples tested.",2,filtered,ifnα(t) = c(low) and il12(t) = c(low) and il8(t) = c(low),1,0.75869,,
"IFNα, IL-12 and IL-8 were undetectable in all the plasma samples tested.",2,consolidated,ifnα(t) = c(low),1,0.564081,,
"IFNα, IL-12 and IL-8 were undetectable in all the plasma samples tested.",2,consolidated,il12(t) = c(low),1,0.459001,,
"IFNα, IL-12 and IL-8 were undetectable in all the plasma samples tested.",2,consolidated,il8(t) = c(low),1,0.493514,,
"Finally, IL-10 was barely detectable in survivors, while high and significant levels were found in all patients who died.",1,raw,il10(t) < c(low) and il10(t) > c(high),,0.616267,,
"Finally, IL-10 was barely detectable in survivors, while high and significant levels were found in all patients who died.",1,raw,il10(t) > c(high),,0.599667,,
"Finally, IL-10 was barely detectable in survivors, while high and significant levels were found in all patients who died.",1,raw,il10(t)=c(low) implies il10(t)=c(high),,0.636953,,
"Finally, IL-10 was barely detectable in survivors, while high and significant levels were found in all patients who died.",1,raw,il10(t) < c(low) and il10(t) > c(high),,0.616267,,
"Finally, IL-10 was barely detectable in survivors, while high and significant levels were found in all patients who died.",1,raw,il10(t) < c(low) and il10(t) > c(high),,0.616267,,
"Finally, IL-10 was barely detectable in survivors, while high and significant levels were found in all patients who died.",1,raw,il10(t)=c(low) implies il10(t)=c(high),,0.636953,,
"Finally, IL-10 was barely detectable in survivors, while high and significant levels were found in all patients who died.",1,raw,il10(t) < c(low) and il10(t) > c(high),,0.616267,,
"Finally, IL-10 was barely detectable in survivors, while high and significant levels were found in all patients who died.",1,raw,il10(t) < c(low) implies il10(t) > c(high),,0.602043,,
"Finally, IL-10 was barely detectable in survivors, while high and significant levels were found in all patients who died.",1,raw,il10(t) > c(high),,0.599667,,
"Finally, IL-10 was barely detectable in survivors, while high and significant levels were found in all patients who died.",1,raw,il10(t) < c(low) and il10(t) > c(high),,0.616267,,
"Finally, IL-10 was barely detectable in survivors, while high and significant levels were found in all patients who died.",1,raw,il10(t) > c(high),,0.599667,,
"Finally, IL-10 was barely detectable in survivors, while high and significant levels were found in all patients who died.",1,raw,il10(t) > c(high),,0.599667,,
"Finally, IL-10 was barely detectable in survivors, while high and significant levels were found in all patients who died.",1,raw,il10(t) < c(low) implies il10(t) = c(high),,0.632622,,
"Finally, IL-10 was barely detectable in survivors, while high and significant levels were found in all patients who died.",1,raw,il10(t) > c(high),,0.599667,,
"Finally, IL-10 was barely detectable in survivors, while high and significant levels were found in all patients who died.",1,raw,il10(t) > c(high),,0.599667,,
"Finally, IL-10 was barely detectable in survivors, while high and significant levels were found in all patients who died.",1,raw,il10(t) < c(low) and il10(t) > c(high),,0.616267,,
"Finally, IL-10 was barely detectable in survivors, while high and significant levels were found in all patients who died.",1,raw,il10(t) < c(low) and il10(t) > c(high),,0.616267,,
"Finally, IL-10 was barely detectable in survivors, while high and significant levels were found in all patients who died.",1,raw,il10(t) < c(low) implies il10(t) > c(high),,0.602043,,
"Finally, IL-10 was barely detectable in survivors, while high and significant levels were found in all patients who died.",1,raw,il10(t) < c(low) and il10(t) > c(high),,0.616267,,
"Finally, IL-10 was barely detectable in survivors, while high and significant levels were found in all patients who died.",1,raw,il10(t) = c(low) and il10(t) = c(high),,0.639382,,
"Finally, IL-10 was barely detectable in survivors, while high and significant levels were found in all patients who died.",1,raw,il10(t) < c(low) implies il10(t) > c(high),,0.602043,,
"Finally, IL-10 was barely detectable in survivors, while high and significant levels were found in all patients who died.",1,raw,il10(t) < c(low) and il10(t) > c(high),,0.616267,,
"Finally, IL-10 was barely detectable in survivors, while high and significant levels were found in all patients who died.",1,raw,il10(t) < c(low) and il10(t) > c(high),,0.616267,,
"Finally, IL-10 was barely detectable in survivors, while high and significant levels were found in all patients who died.",1,raw,il10(t) < c(low) implies il10(t) > c(high),,0.602043,,
"Finally, IL-10 was barely detectable in survivors, while high and significant levels were found in all patients who died.",1,filtered,il10(t) < c(low) and il10(t) > c(high),1,0.616267,,
"Finally, IL-10 was barely detectable in survivors, while high and significant levels were found in all patients who died.",1,filtered,il10(t)=c(low) implies il10(t)=c(high),0,0.636953,,
"Finally, IL-10 was barely detectable in survivors, while high and significant levels were found in all patients who died.",1,filtered,il10(t) < c(low) and il10(t) > c(high),1,0.616267,,
"Finally, IL-10 was barely detectable in survivors, while high and significant levels were found in all patients who died.",1,filtered,il10(t) < c(low) and il10(t) > c(high),1,0.616267,,
"Finally, IL-10 was barely detectable in survivors, while high and significant levels were found in all patients who died.",1,filtered,il10(t)=c(low) implies il10(t)=c(high),0,0.636953,,
"Finally, IL-10 was barely detectable in survivors, while high and significant levels were found in all patients who died.",1,filtered,il10(t) < c(low) and il10(t) > c(high),1,0.616267,,
"Finally, IL-10 was barely detectable in survivors, while high and significant levels were found in all patients who died.",1,filtered,il10(t) < c(low) and il10(t) > c(high),1,0.616267,,
"Finally, IL-10 was barely detectable in survivors, while high and significant levels were found in all patients who died.",1,filtered,il10(t) < c(low) implies il10(t) = c(high),0,0.632622,,
"Finally, IL-10 was barely detectable in survivors, while high and significant levels were found in all patients who died.",1,filtered,il10(t) < c(low) and il10(t) > c(high),1,0.616267,,
"Finally, IL-10 was barely detectable in survivors, while high and significant levels were found in all patients who died.",1,filtered,il10(t) < c(low) and il10(t) > c(high),1,0.616267,,
"Finally, IL-10 was barely detectable in survivors, while high and significant levels were found in all patients who died.",1,filtered,il10(t) < c(low) and il10(t) > c(high),1,0.616267,,
"Finally, IL-10 was barely detectable in survivors, while high and significant levels were found in all patients who died.",1,filtered,il10(t) = c(low) and il10(t) = c(high),1,0.639382,,
"Finally, IL-10 was barely detectable in survivors, while high and significant levels were found in all patients who died.",1,filtered,il10(t) < c(low) and il10(t) > c(high),1,0.616267,,
"Finally, IL-10 was barely detectable in survivors, while high and significant levels were found in all patients who died.",1,filtered,il10(t) < c(low) and il10(t) > c(high),1,0.616267,,
"Finally, IL-10 was barely detectable in survivors, while high and significant levels were found in all patients who died.",1,consolidated,il10(t)=c(low) implies il10(t)=c(high),0,0.636953,,
"Finally, IL-10 was barely detectable in survivors, while high and significant levels were found in all patients who died.",1,consolidated,il10(t) < c(low) implies il10(t) = c(high),0,0.632622,,
"In fatalities, neopterin plasma concentrations increased markedly during the 5 days before death, and were significantly higher than those measured in survivors.",1,raw,"eventually[0,5](d_neopterin(t) > d_c(high)) and neopterin(t) > c(high)",,0.667194,,
"In fatalities, neopterin plasma concentrations increased markedly during the 5 days before death, and were significantly higher than those measured in survivors.",1,raw,"eventually[0,5]globally(d_neopterin(t) > d_c(high) and neopterin(t) > c(high))",,0.654896,,
"In fatalities, neopterin plasma concentrations increased markedly during the 5 days before death, and were significantly higher than those measured in survivors.",1,raw,"eventually[0,5](d_neopterin(t) > d_c(high) and neopterin(t) > c(high))",,0.673438,,
"In fatalities, neopterin plasma concentrations increased markedly during the 5 days before death, and were significantly higher than those measured in survivors.",1,raw,"eventually[0,5]globally(d_neopterin(t) > d_c(high) and neopterin(t) > c(high))",,0.654896,,
"In fatalities, neopterin plasma concentrations increased markedly during the 5 days before death, and were significantly higher than those measured in survivors.",1,raw,"globally[0,inf](d_neopterin(t) > d_c(high) and neopterin(t) > c(high))",,0.635166,,
"In fatalities, neopterin plasma concentrations increased markedly during the 5 days before death, and were significantly higher than those measured in survivors.",1,filtered,"eventually[0,5](d_neopterin(t) > d_c(high) and neopterin(t) > c(high))",1,0.673438,,
"In fatalities, neopterin plasma concentrations increased markedly during the 5 days before death, and were significantly higher than those measured in survivors.",1,consolidated,"eventually[0,5](d_neopterin(t) > d_c(high) and neopterin(t) > c(high))",1,0.673438,,
"High levels of IL-6 and, particularly, detection of IL-1b in the plasma of patients during the symptomatic phase could represent markers of non-fatal Ebola virus infection.",0,raw,il6(t) > c(high) and il1β(t) > c(low),,0.589135,,
"High levels of IL-6 and, particularly, detection of IL-1b in the plasma of patients during the symptomatic phase could represent markers of non-fatal Ebola virus infection.",0,raw,il6(t) > c(high) and il1β(t) > c(low),,0.589135,,
"High levels of IL-6 and, particularly, detection of IL-1b in the plasma of patients during the symptomatic phase could represent markers of non-fatal Ebola virus infection.",0,raw,"eventually[0,14](il6(t) > c(high) and il1β(t) > c(low))",,0.526904,,
"High levels of IL-6 and, particularly, detection of IL-1b in the plasma of patients during the symptomatic phase could represent markers of non-fatal Ebola virus infection.",0,raw,"eventually[0,inf](il6(t) > c(high) and il1β(t) > c(low))",,0.540974,,
"High levels of IL-6 and, particularly, detection of IL-1b in the plasma of patients during the symptomatic phase could represent markers of non-fatal Ebola virus infection.",0,raw,"eventually[0,inf](il6(t) > c(high) and il1β(t) > c(low))",,0.540974,,
"High levels of IL-6 and, particularly, detection of IL-1b in the plasma of patients during the symptomatic phase could represent markers of non-fatal Ebola virus infection.",0,raw,il6(t) > c(high) and il1β(t) > c(low) implies virus(t) < c(high),,0.632112,,
"High levels of IL-6 and, particularly, detection of IL-1b in the plasma of patients during the symptomatic phase could represent markers of non-fatal Ebola virus infection.",0,filtered,il6(t) > c(high) and il1β(t) > c(low),1,0.589135,,
"High levels of IL-6 and, particularly, detection of IL-1b in the plasma of patients during the symptomatic phase could represent markers of non-fatal Ebola virus infection.",0,filtered,il6(t) > c(high) and il1β(t) > c(low),1,0.589135,,
"High levels of IL-6 and, particularly, detection of IL-1b in the plasma of patients during the symptomatic phase could represent markers of non-fatal Ebola virus infection.",0,filtered,il6(t) > c(high) and il1β(t) > c(low) implies virus(t) < c(high),1,0.632112,,
"High levels of IL-6 and, particularly, detection of IL-1b in the plasma of patients during the symptomatic phase could represent markers of non-fatal Ebola virus infection.",0,consolidated,il6(t) > c(high),1,0.431728,,
"High levels of IL-6 and, particularly, detection of IL-1b in the plasma of patients during the symptomatic phase could represent markers of non-fatal Ebola virus infection.",0,consolidated,il1β(t) > c(low),1,0.486436,,
"High levels of IL-6 and, particularly, detection of IL-1b in the plasma of patients during the symptomatic phase could represent markers of non-fatal Ebola virus infection.",0,consolidated,il1β(t) > c(low) implies virus(t) < c(high),1,0.523401,,
"Elevated plasma concentrations of IL-1RA or neopterin from a few days after disease onset are potential markers for fatal outcome, while high levels of sTNF-RI are only significant the last days before death.",0,raw,"eventually[3,inf](il1ra(t) > c(mid)) implies eventually[0,3](stnfri(t) > c(high))",,0.519415,,
"Elevated plasma concentrations of IL-1RA or neopterin from a few days after disease onset are potential markers for fatal outcome, while high levels of sTNF-RI are only significant the last days before death.",0,filtered,"eventually[3,inf](il1ra(t) > c(mid)) implies eventually[0,3](stnfri(t) > c(high))",0,0.519415,,
"Elevated plasma concentrations of IL-1RA or neopterin from a few days after disease onset are potential markers for fatal outcome, while high levels of sTNF-RI are only significant the last days before death.",0,consolidated,"eventually[3,inf](il1ra(t) > c(mid)) implies eventually[0,3](stnfri(t) > c(high))",0,0.519415,,
"The earliest major transcriptional response apparent in all animals by day 2 or 3 was an increase in transcript levels of a large set of interferon (IFN) regulated genes (Figure 1), including the following: myxovirus resistance protein (MX)1 and MX2, IFN-γ inducible protein-10, 2'-5' oligoadenylate synthetase-1, -2, and -3, guanylate binding protein-1 and -2, signal transducer and activators of transcription (STAT)-1, double-stranded DNA activated protein kinase, and IFN-γ receptors 1 and 2.",1,raw,"eventually[2,3](d_mx1(t) > d_c(low) and d_mx2(t) > d_c(low))",,0.256961,,
"The earliest major transcriptional response apparent in all animals by day 2 or 3 was an increase in transcript levels of a large set of interferon (IFN) regulated genes (Figure 1), including the following: myxovirus resistance protein (MX)1 and MX2, IFN-γ inducible protein-10, 2'-5' oligoadenylate synthetase-1, -2, and -3, guanylate binding protein-1 and -2, signal transducer and activators of transcription (STAT)-1, double-stranded DNA activated protein kinase, and IFN-γ receptors 1 and 2.",1,raw,"eventually[2,3](d_ifnα(t) > d_c(low) and d_ifnβ(t) > d_c(low))",,0.36965,,
"The earliest major transcriptional response apparent in all animals by day 2 or 3 was an increase in transcript levels of a large set of interferon (IFN) regulated genes (Figure 1), including the following: myxovirus resistance protein (MX)1 and MX2, IFN-γ inducible protein-10, 2'-5' oligoadenylate synthetase-1, -2, and -3, guanylate binding protein-1 and -2, signal transducer and activators of transcription (STAT)-1, double-stranded DNA activated protein kinase, and IFN-γ receptors 1 and 2.",1,raw,"eventually[2,3](d_mx1(t) > d_c(low) and d_mx2(t) > d_c(low))",,0.256961,,
"The earliest major transcriptional response apparent in all animals by day 2 or 3 was an increase in transcript levels of a large set of interferon (IFN) regulated genes (Figure 1), including the following: myxovirus resistance protein (MX)1 and MX2, IFN-γ inducible protein-10, 2'-5' oligoadenylate synthetase-1, -2, and -3, guanylate binding protein-1 and -2, signal transducer and activators of transcription (STAT)-1, double-stranded DNA activated protein kinase, and IFN-γ receptors 1 and 2.",1,raw,"eventually[2,3](d_mx1(t) > d_c(low) and d_mx2(t) > d_c(low))",,0.256961,,
"The earliest major transcriptional response apparent in all animals by day 2 or 3 was an increase in transcript levels of a large set of interferon (IFN) regulated genes (Figure 1), including the following: myxovirus resistance protein (MX)1 and MX2, IFN-γ inducible protein-10, 2'-5' oligoadenylate synthetase-1, -2, and -3, guanylate binding protein-1 and -2, signal transducer and activators of transcription (STAT)-1, double-stranded DNA activated protein kinase, and IFN-γ receptors 1 and 2.",1,raw,"eventually[2,3](d_mx1(t) = d_c(high) and d_mx2(t) = d_c(high))",,0.261698,,
"The earliest major transcriptional response apparent in all animals by day 2 or 3 was an increase in transcript levels of a large set of interferon (IFN) regulated genes (Figure 1), including the following: myxovirus resistance protein (MX)1 and MX2, IFN-γ inducible protein-10, 2'-5' oligoadenylate synthetase-1, -2, and -3, guanylate binding protein-1 and -2, signal transducer and activators of transcription (STAT)-1, double-stranded DNA activated protein kinase, and IFN-γ receptors 1 and 2.",1,raw,"eventually[2,3](mx1(t) > c(low) and mx2(t) > c(low))",,0.308504,,
"The earliest major transcriptional response apparent in all animals by day 2 or 3 was an increase in transcript levels of a large set of interferon (IFN) regulated genes (Figure 1), including the following: myxovirus resistance protein (MX)1 and MX2, IFN-γ inducible protein-10, 2'-5' oligoadenylate synthetase-1, -2, and -3, guanylate binding protein-1 and -2, signal transducer and activators of transcription (STAT)-1, double-stranded DNA activated protein kinase, and IFN-γ receptors 1 and 2.",1,raw,"eventually[2,3](d_mx1(t) = d_c(high) and d_mx2(t) = d_c(high))",,0.261698,,
"The earliest major transcriptional response apparent in all animals by day 2 or 3 was an increase in transcript levels of a large set of interferon (IFN) regulated genes (Figure 1), including the following: myxovirus resistance protein (MX)1 and MX2, IFN-γ inducible protein-10, 2'-5' oligoadenylate synthetase-1, -2, and -3, guanylate binding protein-1 and -2, signal transducer and activators of transcription (STAT)-1, double-stranded DNA activated protein kinase, and IFN-γ receptors 1 and 2.",1,raw,"eventually[2,3](d_mx1(t) > d_c(low) and d_mx2(t) > d_c(low))",,0.256961,,
"The earliest major transcriptional response apparent in all animals by day 2 or 3 was an increase in transcript levels of a large set of interferon (IFN) regulated genes (Figure 1), including the following: myxovirus resistance protein (MX)1 and MX2, IFN-γ inducible protein-10, 2'-5' oligoadenylate synthetase-1, -2, and -3, guanylate binding protein-1 and -2, signal transducer and activators of transcription (STAT)-1, double-stranded DNA activated protein kinase, and IFN-γ receptors 1 and 2.",1,raw,"eventually[2,3](d_mx1(t) = d_c(high) and d_mx2(t) = d_c(high))",,0.261698,,
"The earliest major transcriptional response apparent in all animals by day 2 or 3 was an increase in transcript levels of a large set of interferon (IFN) regulated genes (Figure 1), including the following: myxovirus resistance protein (MX)1 and MX2, IFN-γ inducible protein-10, 2'-5' oligoadenylate synthetase-1, -2, and -3, guanylate binding protein-1 and -2, signal transducer and activators of transcription (STAT)-1, double-stranded DNA activated protein kinase, and IFN-γ receptors 1 and 2.",1,raw,"eventually[2,3](d_mx1(t) > d_c(low) and d_mx2(t) > d_c(low))",,0.256961,,
"The earliest major transcriptional response apparent in all animals by day 2 or 3 was an increase in transcript levels of a large set of interferon (IFN) regulated genes (Figure 1), including the following: myxovirus resistance protein (MX)1 and MX2, IFN-γ inducible protein-10, 2'-5' oligoadenylate synthetase-1, -2, and -3, guanylate binding protein-1 and -2, signal transducer and activators of transcription (STAT)-1, double-stranded DNA activated protein kinase, and IFN-γ receptors 1 and 2.",1,raw,"eventually[2,3](d_mx1(t) > d_c(low) and d_mx2(t) > d_c(low))",,0.256961,,
"The earliest major transcriptional response apparent in all animals by day 2 or 3 was an increase in transcript levels of a large set of interferon (IFN) regulated genes (Figure 1), including the following: myxovirus resistance protein (MX)1 and MX2, IFN-γ inducible protein-10, 2'-5' oligoadenylate synthetase-1, -2, and -3, guanylate binding protein-1 and -2, signal transducer and activators of transcription (STAT)-1, double-stranded DNA activated protein kinase, and IFN-γ receptors 1 and 2.",1,raw,"eventually[2,3](d_mx1(t) > d_c(low) and d_mx2(t) > d_c(low))",,0.256961,,
"The earliest major transcriptional response apparent in all animals by day 2 or 3 was an increase in transcript levels of a large set of interferon (IFN) regulated genes (Figure 1), including the following: myxovirus resistance protein (MX)1 and MX2, IFN-γ inducible protein-10, 2'-5' oligoadenylate synthetase-1, -2, and -3, guanylate binding protein-1 and -2, signal transducer and activators of transcription (STAT)-1, double-stranded DNA activated protein kinase, and IFN-γ receptors 1 and 2.",1,raw,"eventually[2,3]globally(d_mx1(t) > d_c(low) and d_mx2(t) > d_c(low))",,0.249715,,
"The earliest major transcriptional response apparent in all animals by day 2 or 3 was an increase in transcript levels of a large set of interferon (IFN) regulated genes (Figure 1), including the following: myxovirus resistance protein (MX)1 and MX2, IFN-γ inducible protein-10, 2'-5' oligoadenylate synthetase-1, -2, and -3, guanylate binding protein-1 and -2, signal transducer and activators of transcription (STAT)-1, double-stranded DNA activated protein kinase, and IFN-γ receptors 1 and 2.",1,raw,"eventually[2,3](d_mx1(t) > 0 and d_mx2(t) > 0)",,0.280198,,
"The earliest major transcriptional response apparent in all animals by day 2 or 3 was an increase in transcript levels of a large set of interferon (IFN) regulated genes (Figure 1), including the following: myxovirus resistance protein (MX)1 and MX2, IFN-γ inducible protein-10, 2'-5' oligoadenylate synthetase-1, -2, and -3, guanylate binding protein-1 and -2, signal transducer and activators of transcription (STAT)-1, double-stranded DNA activated protein kinase, and IFN-γ receptors 1 and 2.",1,raw,"eventually[2,3](d_mx1(t) > 0 and d_mx2(t) > 0)",,0.280198,,
"The earliest major transcriptional response apparent in all animals by day 2 or 3 was an increase in transcript levels of a large set of interferon (IFN) regulated genes (Figure 1), including the following: myxovirus resistance protein (MX)1 and MX2, IFN-γ inducible protein-10, 2'-5' oligoadenylate synthetase-1, -2, and -3, guanylate binding protein-1 and -2, signal transducer and activators of transcription (STAT)-1, double-stranded DNA activated protein kinase, and IFN-γ receptors 1 and 2.",1,raw,"eventually[2,3](d_mx1(t) > 0 and d_mx2(t) > 0)",,0.280198,,
"The earliest major transcriptional response apparent in all animals by day 2 or 3 was an increase in transcript levels of a large set of interferon (IFN) regulated genes (Figure 1), including the following: myxovirus resistance protein (MX)1 and MX2, IFN-γ inducible protein-10, 2'-5' oligoadenylate synthetase-1, -2, and -3, guanylate binding protein-1 and -2, signal transducer and activators of transcription (STAT)-1, double-stranded DNA activated protein kinase, and IFN-γ receptors 1 and 2.",1,filtered,"eventually[2,3](d_ifnα(t) > d_c(low) and d_ifnβ(t) > d_c(low))",1,0.36965,,
"The earliest major transcriptional response apparent in all animals by day 2 or 3 was an increase in transcript levels of a large set of interferon (IFN) regulated genes (Figure 1), including the following: myxovirus resistance protein (MX)1 and MX2, IFN-γ inducible protein-10, 2'-5' oligoadenylate synthetase-1, -2, and -3, guanylate binding protein-1 and -2, signal transducer and activators of transcription (STAT)-1, double-stranded DNA activated protein kinase, and IFN-γ receptors 1 and 2.",1,filtered,"eventually[2,3](mx1(t) > c(low) and mx2(t) > c(low))",1,0.308504,,
"The earliest major transcriptional response apparent in all animals by day 2 or 3 was an increase in transcript levels of a large set of interferon (IFN) regulated genes (Figure 1), including the following: myxovirus resistance protein (MX)1 and MX2, IFN-γ inducible protein-10, 2'-5' oligoadenylate synthetase-1, -2, and -3, guanylate binding protein-1 and -2, signal transducer and activators of transcription (STAT)-1, double-stranded DNA activated protein kinase, and IFN-γ receptors 1 and 2.",1,filtered,"eventually[2,3](d_mx1(t) > 0 and d_mx2(t) > 0)",1,0.280198,,
"The earliest major transcriptional response apparent in all animals by day 2 or 3 was an increase in transcript levels of a large set of interferon (IFN) regulated genes (Figure 1), including the following: myxovirus resistance protein (MX)1 and MX2, IFN-γ inducible protein-10, 2'-5' oligoadenylate synthetase-1, -2, and -3, guanylate binding protein-1 and -2, signal transducer and activators of transcription (STAT)-1, double-stranded DNA activated protein kinase, and IFN-γ receptors 1 and 2.",1,filtered,"eventually[2,3](d_mx1(t) > 0 and d_mx2(t) > 0)",1,0.280198,,
"The earliest major transcriptional response apparent in all animals by day 2 or 3 was an increase in transcript levels of a large set of interferon (IFN) regulated genes (Figure 1), including the following: myxovirus resistance protein (MX)1 and MX2, IFN-γ inducible protein-10, 2'-5' oligoadenylate synthetase-1, -2, and -3, guanylate binding protein-1 and -2, signal transducer and activators of transcription (STAT)-1, double-stranded DNA activated protein kinase, and IFN-γ receptors 1 and 2.",1,filtered,"eventually[2,3](d_mx1(t) > 0 and d_mx2(t) > 0)",1,0.280198,,
"The earliest major transcriptional response apparent in all animals by day 2 or 3 was an increase in transcript levels of a large set of interferon (IFN) regulated genes (Figure 1), including the following: myxovirus resistance protein (MX)1 and MX2, IFN-γ inducible protein-10, 2'-5' oligoadenylate synthetase-1, -2, and -3, guanylate binding protein-1 and -2, signal transducer and activators of transcription (STAT)-1, double-stranded DNA activated protein kinase, and IFN-γ receptors 1 and 2.",1,consolidated,"eventually[2,3](d_ifnα(t) > d_c(low) and d_ifnβ(t) > d_c(low))",1,0.36965,,
"The earliest major transcriptional response apparent in all animals by day 2 or 3 was an increase in transcript levels of a large set of interferon (IFN) regulated genes (Figure 1), including the following: myxovirus resistance protein (MX)1 and MX2, IFN-γ inducible protein-10, 2'-5' oligoadenylate synthetase-1, -2, and -3, guanylate binding protein-1 and -2, signal transducer and activators of transcription (STAT)-1, double-stranded DNA activated protein kinase, and IFN-γ receptors 1 and 2.",1,consolidated,"eventually[2,3](mx1(t) > c(low) and mx2(t) > c(low))",1,0.308504,,
"The earliest major transcriptional response apparent in all animals by day 2 or 3 was an increase in transcript levels of a large set of interferon (IFN) regulated genes (Figure 1), including the following: myxovirus resistance protein (MX)1 and MX2, IFN-γ inducible protein-10, 2'-5' oligoadenylate synthetase-1, -2, and -3, guanylate binding protein-1 and -2, signal transducer and activators of transcription (STAT)-1, double-stranded DNA activated protein kinase, and IFN-γ receptors 1 and 2.",1,consolidated,"eventually[2,3](d_mx1(t) > 0 and d_mx2(t) > 0)",1,0.280198,,
"We noted an increase in TNF-α converting enzyme/α-disintegrin and metalloproteinase (ADAM)-17 at days 4 to 6 after infection, peaking at an average 3.1-fold increase above baseline at day 5 after infection.",2,raw,"eventually[4,6](d_adam17(t) > d_c(low)) and adam17(t) = c(high)",,0.425497,,
"We noted an increase in TNF-α converting enzyme/α-disintegrin and metalloproteinase (ADAM)-17 at days 4 to 6 after infection, peaking at an average 3.1-fold increase above baseline at day 5 after infection.",2,raw,"eventually[4,6](d_adam17(t) = d_c(high)) and adam17(t) > c(mid)",,0.429423,,
"We noted an increase in TNF-α converting enzyme/α-disintegrin and metalloproteinase (ADAM)-17 at days 4 to 6 after infection, peaking at an average 3.1-fold increase above baseline at day 5 after infection.",2,raw,"eventually[4,6](d_adam17(t) > d_c(high))",,0.443865,,
"We noted an increase in TNF-α converting enzyme/α-disintegrin and metalloproteinase (ADAM)-17 at days 4 to 6 after infection, peaking at an average 3.1-fold increase above baseline at day 5 after infection.",2,raw,"eventually[4,6](d_adam17(t) > d_c(low)) and adam17(t) = c(high)",,0.425497,,
"We noted an increase in TNF-α converting enzyme/α-disintegrin and metalloproteinase (ADAM)-17 at days 4 to 6 after infection, peaking at an average 3.1-fold increase above baseline at day 5 after infection.",2,raw,"eventually[4,6](d_adam17(t) > d_c(low)) and adam17(t) > c(high)",,0.422511,,
"We noted an increase in TNF-α converting enzyme/α-disintegrin and metalloproteinase (ADAM)-17 at days 4 to 6 after infection, peaking at an average 3.1-fold increase above baseline at day 5 after infection.",2,raw,"eventually[4,6](adam17(t) > c(mid) and d_adam17(t) > d_c(high))",,0.439319,,
"We noted an increase in TNF-α converting enzyme/α-disintegrin and metalloproteinase (ADAM)-17 at days 4 to 6 after infection, peaking at an average 3.1-fold increase above baseline at day 5 after infection.",2,raw,"eventually[4,6](d_adam17(t) = d_c(high)) and adam17(t) > c(high)",,0.423259,,
"We noted an increase in TNF-α converting enzyme/α-disintegrin and metalloproteinase (ADAM)-17 at days 4 to 6 after infection, peaking at an average 3.1-fold increase above baseline at day 5 after infection.",2,raw,"eventually[4,6](adam17(t) = c(high))",,0.415934,,
"We noted an increase in TNF-α converting enzyme/α-disintegrin and metalloproteinase (ADAM)-17 at days 4 to 6 after infection, peaking at an average 3.1-fold increase above baseline at day 5 after infection.",2,raw,"eventually[4,6](d_adam17(t) > d_c(low)) and eventually[5,5](adam17(t) > c(mid))",,0.436033,,
"We noted an increase in TNF-α converting enzyme/α-disintegrin and metalloproteinase (ADAM)-17 at days 4 to 6 after infection, peaking at an average 3.1-fold increase above baseline at day 5 after infection.",2,raw,"eventually[4,6](d_adam17(t) > d_c(high)) and adam17(t) > c(high)",,0.415563,,
"We noted an increase in TNF-α converting enzyme/α-disintegrin and metalloproteinase (ADAM)-17 at days 4 to 6 after infection, peaking at an average 3.1-fold increase above baseline at day 5 after infection.",2,raw,"eventually[4,6](d_adam17(t) = d_c(high) and adam17(t) = c(high))",,0.425868,,
"We noted an increase in TNF-α converting enzyme/α-disintegrin and metalloproteinase (ADAM)-17 at days 4 to 6 after infection, peaking at an average 3.1-fold increase above baseline at day 5 after infection.",2,raw,"eventually[4,6]globally(d_adam17(t) > 0 and adam17(t) = c(high))",,0.421689,,
"We noted an increase in TNF-α converting enzyme/α-disintegrin and metalloproteinase (ADAM)-17 at days 4 to 6 after infection, peaking at an average 3.1-fold increase above baseline at day 5 after infection.",2,raw,"eventually[4,6](d_adam17(t) > 0) and adam17(t)=c(high)",,0.422358,,
"We noted an increase in TNF-α converting enzyme/α-disintegrin and metalloproteinase (ADAM)-17 at days 4 to 6 after infection, peaking at an average 3.1-fold increase above baseline at day 5 after infection.",2,filtered,"eventually[4,6](d_adam17(t) > d_c(high))",1,0.443865,,
"We noted an increase in TNF-α converting enzyme/α-disintegrin and metalloproteinase (ADAM)-17 at days 4 to 6 after infection, peaking at an average 3.1-fold increase above baseline at day 5 after infection.",2,filtered,"eventually[4,6](adam17(t) > c(mid) and d_adam17(t) > d_c(high))",1,0.439319,,
"We noted an increase in TNF-α converting enzyme/α-disintegrin and metalloproteinase (ADAM)-17 at days 4 to 6 after infection, peaking at an average 3.1-fold increase above baseline at day 5 after infection.",2,filtered,"eventually[4,6](d_adam17(t) > d_c(low)) and eventually[5,5](adam17(t) > c(mid))",1,0.436033,,
"We noted an increase in TNF-α converting enzyme/α-disintegrin and metalloproteinase (ADAM)-17 at days 4 to 6 after infection, peaking at an average 3.1-fold increase above baseline at day 5 after infection.",2,consolidated,"eventually[4,6](d_adam17(t) > d_c(low))",1,0.448397,,
"We noted an increase in TNF-α converting enzyme/α-disintegrin and metalloproteinase (ADAM)-17 at days 4 to 6 after infection, peaking at an average 3.1-fold increase above baseline at day 5 after infection.",2,consolidated,"eventually[4,6](adam17(t) > c(mid) and d_adam17(t) > d_c(high))",1,0.439319,,
"We noted an increase in TNF-α converting enzyme/α-disintegrin and metalloproteinase (ADAM)-17 at days 4 to 6 after infection, peaking at an average 3.1-fold increase above baseline at day 5 after infection.",2,consolidated,"eventually[5,5](adam17(t) > c(mid))",1,0.418093,,
"IL-1β, which was highly induced at later stages of infection (Figure 2), was initially repressed on the first day after infection.",1,raw,"globally[0,1](il1β(t) < c(low))",,0.657833,,
"IL-1β, which was highly induced at later stages of infection (Figure 2), was initially repressed on the first day after infection.",1,raw,"globally[1,1](d_il1β(t) < 0) and eventually[2,inf](il1β(t) > c(high))",,0.679578,,
"IL-1β, which was highly induced at later stages of infection (Figure 2), was initially repressed on the first day after infection.",1,raw,"globally[1,1](il1β(t)<c(low)) and eventually[2,inf](il1β(t)>c(high))",,0.673667,,
"IL-1β, which was highly induced at later stages of infection (Figure 2), was initially repressed on the first day after infection.",1,raw,"globally[0,1](d_il1β(t) < 0) and eventually[2,inf](il1β(t) > c(high))",,0.676516,,
"IL-1β, which was highly induced at later stages of infection (Figure 2), was initially repressed on the first day after infection.",1,raw,"globally[0,1](il1β(t) < c(low)) and eventually[1,inf](il1β(t) > c(high))",,0.66731,,
"IL-1β, which was highly induced at later stages of infection (Figure 2), was initially repressed on the first day after infection.",1,raw,"globally[0,1](il1β(t) < c(low)) and eventually[1,inf](il1β(t) > c(high))",,0.66731,,
"IL-1β, which was highly induced at later stages of infection (Figure 2), was initially repressed on the first day after infection.",1,raw,"globally[0,1](il1β(t) < c(low)) and eventually[1,inf](il1β(t) = c(high))",,0.653053,,
"IL-1β, which was highly induced at later stages of infection (Figure 2), was initially repressed on the first day after infection.",1,raw,"globally[1,1](il1β(t) < c(low)) and eventually[2,inf](il1β(t) > c(high))",,0.673667,,
"IL-1β, which was highly induced at later stages of infection (Figure 2), was initially repressed on the first day after infection.",1,raw,"globally[0,1](d_il1β(t) < 0) and eventually[2,inf](il1β(t) = c(high))",,0.669039,,
"IL-1β, which was highly induced at later stages of infection (Figure 2), was initially repressed on the first day after infection.",1,raw,"il1β(t) = c(low) and eventually[2,inf](il1β(t) = c(high))",,0.702421,,
"IL-1β, which was highly induced at later stages of infection (Figure 2), was initially repressed on the first day after infection.",1,raw,"globally[0,1](il1β(t) < c(mid)) and eventually[2,inf](il1β(t) = c(high))",,0.66923,,
"IL-1β, which was highly induced at later stages of infection (Figure 2), was initially repressed on the first day after infection.",1,raw,"il1β(t) < c(low) and eventually[2,inf](il1β(t) > c(high))",,0.737456,,
"IL-1β, which was highly induced at later stages of infection (Figure 2), was initially repressed on the first day after infection.",1,raw,"globally[0,1](il1β(t) < c(mid)) and eventually[1,inf](il1β(t) > c(high))",,0.683243,,
"IL-1β, which was highly induced at later stages of infection (Figure 2), was initially repressed on the first day after infection.",1,raw,"globally[0,1](il1β(t) < c(low)) and eventually[2,inf](il1β(t) > c(high))",,0.667127,,
"IL-1β, which was highly induced at later stages of infection (Figure 2), was initially repressed on the first day after infection.",1,raw,"globally[0,1](il1β(t) < c(low)) and eventually[1,inf](il1β(t) > c(high))",,0.66731,,
"IL-1β, which was highly induced at later stages of infection (Figure 2), was initially repressed on the first day after infection.",1,raw,"globally[0,1](d_il1β(t) < 0) and eventually[1,inf](il1β(t) > c(high))",,0.67598,,
"IL-1β, which was highly induced at later stages of infection (Figure 2), was initially repressed on the first day after infection.",1,raw,"d_il1β(t) < 0 and eventually[1,inf](il1β(t) > c(high))",,0.700866,,
"IL-1β, which was highly induced at later stages of infection (Figure 2), was initially repressed on the first day after infection.",1,raw,"globally[0,1](il1β(t) < c(low)) and eventually[1,inf]globally(il1β(t) = c(high))",,0.644263,,
"IL-1β, which was highly induced at later stages of infection (Figure 2), was initially repressed on the first day after infection.",1,filtered,"il1β(t) = c(low) and eventually[2,inf](il1β(t) = c(high))",0,0.702421,,
"IL-1β, which was highly induced at later stages of infection (Figure 2), was initially repressed on the first day after infection.",1,filtered,"il1β(t) < c(low) and eventually[2,inf](il1β(t) > c(high))",0,0.737456,,
"IL-1β, which was highly induced at later stages of infection (Figure 2), was initially repressed on the first day after infection.",1,filtered,"globally[0,1](il1β(t) < c(mid)) and eventually[1,inf](il1β(t) > c(high))",1,0.683243,,
"IL-1β, which was highly induced at later stages of infection (Figure 2), was initially repressed on the first day after infection.",1,filtered,"d_il1β(t) < 0 and eventually[1,inf](il1β(t) > c(high))",0,0.700866,,
"IL-1β, which was highly induced at later stages of infection (Figure 2), was initially repressed on the first day after infection.",1,consolidated,"eventually[2,inf](il1β(t) = c(high))",1,0.702567,,
"IL-1β, which was highly induced at later stages of infection (Figure 2), was initially repressed on the first day after infection.",1,consolidated,"globally[0,1](il1β(t) < c(mid))",1,0.66973,,
"IL-1β, which was highly induced at later stages of infection (Figure 2), was initially repressed on the first day after infection.",1,consolidated,"eventually[1,inf](il1β(t) > c(high))",1,0.721926,,
"IL-1β, which was highly induced at later stages of infection (Figure 2), was initially repressed on the first day after infection.",1,consolidated,d_il1β(t) < 0,0,0.687042,,
"A significant increase in cytokine and chemokine transcripts was observed at days 4 to 6 after infection (Figure 2a). Transcripts encoding the proinflammatory cytokines IL-1β, IL-6, IL-8, and tumor necrosis factor (TNF)-α were markedly increased in late-stage animals (average fold increase at day 5 after infection: IL-1β, 3.9; IL-6, 4.3; IL-8, 11.3; and TNF-α, 5.2; Figure 2b).",1,raw,"eventually[4,6](d_il1β(t) > d_c(high) and d_il6(t) > d_c(high))",,0.525648,,
"A significant increase in cytokine and chemokine transcripts was observed at days 4 to 6 after infection (Figure 2a). Transcripts encoding the proinflammatory cytokines IL-1β, IL-6, IL-8, and tumor necrosis factor (TNF)-α were markedly increased in late-stage animals (average fold increase at day 5 after infection: IL-1β, 3.9; IL-6, 4.3; IL-8, 11.3; and TNF-α, 5.2; Figure 2b).",1,raw,"eventually[4,6](d_il1β(t) > d_c(high) and d_il6(t) > d_c(high))",,0.525648,,
"A significant increase in cytokine and chemokine transcripts was observed at days 4 to 6 after infection (Figure 2a). Transcripts encoding the proinflammatory cytokines IL-1β, IL-6, IL-8, and tumor necrosis factor (TNF)-α were markedly increased in late-stage animals (average fold increase at day 5 after infection: IL-1β, 3.9; IL-6, 4.3; IL-8, 11.3; and TNF-α, 5.2; Figure 2b).",1,raw,"eventually[4,6](d_il1β(t) > d_c(low) and d_il6(t) > d_c(low))",,0.524602,,
"A significant increase in cytokine and chemokine transcripts was observed at days 4 to 6 after infection (Figure 2a). Transcripts encoding the proinflammatory cytokines IL-1β, IL-6, IL-8, and tumor necrosis factor (TNF)-α were markedly increased in late-stage animals (average fold increase at day 5 after infection: IL-1β, 3.9; IL-6, 4.3; IL-8, 11.3; and TNF-α, 5.2; Figure 2b).",1,raw,"globally[4,6](d_il1β(t) > d_c(high) and d_il6(t) > d_c(high))",,0.502283,,
"A significant increase in cytokine and chemokine transcripts was observed at days 4 to 6 after infection (Figure 2a). Transcripts encoding the proinflammatory cytokines IL-1β, IL-6, IL-8, and tumor necrosis factor (TNF)-α were markedly increased in late-stage animals (average fold increase at day 5 after infection: IL-1β, 3.9; IL-6, 4.3; IL-8, 11.3; and TNF-α, 5.2; Figure 2b).",1,raw,"eventually[4,6](d_il1β(t) = d_c(high) and d_il6(t) = d_c(high))",,0.511058,,
"A significant increase in cytokine and chemokine transcripts was observed at days 4 to 6 after infection (Figure 2a). Transcripts encoding the proinflammatory cytokines IL-1β, IL-6, IL-8, and tumor necrosis factor (TNF)-α were markedly increased in late-stage animals (average fold increase at day 5 after infection: IL-1β, 3.9; IL-6, 4.3; IL-8, 11.3; and TNF-α, 5.2; Figure 2b).",1,raw,"eventually[4,6]globally(d_il1β(t) > d_c(high) and d_il6(t) > d_c(high))",,0.514494,,
"A significant increase in cytokine and chemokine transcripts was observed at days 4 to 6 after infection (Figure 2a). Transcripts encoding the proinflammatory cytokines IL-1β, IL-6, IL-8, and tumor necrosis factor (TNF)-α were markedly increased in late-stage animals (average fold increase at day 5 after infection: IL-1β, 3.9; IL-6, 4.3; IL-8, 11.3; and TNF-α, 5.2; Figure 2b).",1,raw,"eventually[4,6](d_il1β(t) > d_c(high) and d_il6(t) > d_c(high))",,0.525648,,
"A significant increase in cytokine and chemokine transcripts was observed at days 4 to 6 after infection (Figure 2a). Transcripts encoding the proinflammatory cytokines IL-1β, IL-6, IL-8, and tumor necrosis factor (TNF)-α were markedly increased in late-stage animals (average fold increase at day 5 after infection: IL-1β, 3.9; IL-6, 4.3; IL-8, 11.3; and TNF-α, 5.2; Figure 2b).",1,raw,"eventually[4,6](d_il1β(t) > d_c(high) and d_il6(t) > d_c(high))",,0.525648,,
"A significant increase in cytokine and chemokine transcripts was observed at days 4 to 6 after infection (Figure 2a). Transcripts encoding the proinflammatory cytokines IL-1β, IL-6, IL-8, and tumor necrosis factor (TNF)-α were markedly increased in late-stage animals (average fold increase at day 5 after infection: IL-1β, 3.9; IL-6, 4.3; IL-8, 11.3; and TNF-α, 5.2; Figure 2b).",1,filtered,"eventually[4,6](d_il1β(t) > d_c(high) and d_il6(t) > d_c(high))",1,0.525648,,
"A significant increase in cytokine and chemokine transcripts was observed at days 4 to 6 after infection (Figure 2a). Transcripts encoding the proinflammatory cytokines IL-1β, IL-6, IL-8, and tumor necrosis factor (TNF)-α were markedly increased in late-stage animals (average fold increase at day 5 after infection: IL-1β, 3.9; IL-6, 4.3; IL-8, 11.3; and TNF-α, 5.2; Figure 2b).",1,filtered,"eventually[4,6](d_il1β(t) > d_c(high) and d_il6(t) > d_c(high))",1,0.525648,,
"A significant increase in cytokine and chemokine transcripts was observed at days 4 to 6 after infection (Figure 2a). Transcripts encoding the proinflammatory cytokines IL-1β, IL-6, IL-8, and tumor necrosis factor (TNF)-α were markedly increased in late-stage animals (average fold increase at day 5 after infection: IL-1β, 3.9; IL-6, 4.3; IL-8, 11.3; and TNF-α, 5.2; Figure 2b).",1,filtered,"eventually[4,6](d_il1β(t) > d_c(high) and d_il6(t) > d_c(high))",1,0.525648,,
"A significant increase in cytokine and chemokine transcripts was observed at days 4 to 6 after infection (Figure 2a). Transcripts encoding the proinflammatory cytokines IL-1β, IL-6, IL-8, and tumor necrosis factor (TNF)-α were markedly increased in late-stage animals (average fold increase at day 5 after infection: IL-1β, 3.9; IL-6, 4.3; IL-8, 11.3; and TNF-α, 5.2; Figure 2b).",1,filtered,"eventually[4,6](d_il1β(t) > d_c(high) and d_il6(t) > d_c(high))",1,0.525648,,
"A significant increase in cytokine and chemokine transcripts was observed at days 4 to 6 after infection (Figure 2a). Transcripts encoding the proinflammatory cytokines IL-1β, IL-6, IL-8, and tumor necrosis factor (TNF)-α were markedly increased in late-stage animals (average fold increase at day 5 after infection: IL-1β, 3.9; IL-6, 4.3; IL-8, 11.3; and TNF-α, 5.2; Figure 2b).",1,consolidated,"eventually[4,6](d_il1β(t) > d_c(high) and d_il6(t) > d_c(high))",1,0.525648,,
"Transcripts for several other cytokines (IL-2, IL-4, IL-10, and IL-12) were detected on the array, but their levels did not change significantly during the course of infection.",2,raw,"globally[0,inf](d_il2(t) = 0 and d_il4(t) = 0)",,0.37254,,
"Transcripts for several other cytokines (IL-2, IL-4, IL-10, and IL-12) were detected on the array, but their levels did not change significantly during the course of infection.",2,raw,"globally[0,inf](d_il2(t) = 0 and d_il4(t) = 0)",,0.37254,,
"Transcripts for several other cytokines (IL-2, IL-4, IL-10, and IL-12) were detected on the array, but their levels did not change significantly during the course of infection.",2,raw,"globally[0,inf](d_il2(t)=0 and d_il4(t)=0)",,0.37254,,
"Transcripts for several other cytokines (IL-2, IL-4, IL-10, and IL-12) were detected on the array, but their levels did not change significantly during the course of infection.",2,raw,"globally[0,inf](d_il2(t) = 0 and d_il4(t) = 0)",,0.37254,,
"Transcripts for several other cytokines (IL-2, IL-4, IL-10, and IL-12) were detected on the array, but their levels did not change significantly during the course of infection.",2,raw,"globally[0,inf](d_il2(t) = 0 and d_il4(t) = 0)",,0.37254,,
"Transcripts for several other cytokines (IL-2, IL-4, IL-10, and IL-12) were detected on the array, but their levels did not change significantly during the course of infection.",2,raw,d_il2(t) = 0 and d_il4(t) = 0 and d_il10(t) = 0 and d_il12(t) = 0,,0.423748,,
"Transcripts for several other cytokines (IL-2, IL-4, IL-10, and IL-12) were detected on the array, but their levels did not change significantly during the course of infection.",2,raw,"globally[0,inf](d_il2(t) = 0 and d_il4(t) = 0)",,0.37254,,
"Transcripts for several other cytokines (IL-2, IL-4, IL-10, and IL-12) were detected on the array, but their levels did not change significantly during the course of infection.",2,filtered,"globally[0,inf](d_il2(t) = 0 and d_il4(t) = 0)",1,0.37254,,
"Transcripts for several other cytokines (IL-2, IL-4, IL-10, and IL-12) were detected on the array, but their levels did not change significantly during the course of infection.",2,filtered,"globally[0,inf](d_il2(t) = 0 and d_il4(t) = 0)",1,0.37254,,
"Transcripts for several other cytokines (IL-2, IL-4, IL-10, and IL-12) were detected on the array, but their levels did not change significantly during the course of infection.",2,filtered,"globally[0,inf](d_il2(t)=0 and d_il4(t)=0)",1,0.37254,,
"Transcripts for several other cytokines (IL-2, IL-4, IL-10, and IL-12) were detected on the array, but their levels did not change significantly during the course of infection.",2,filtered,"globally[0,inf](d_il2(t) = 0 and d_il4(t) = 0)",1,0.37254,,
"Transcripts for several other cytokines (IL-2, IL-4, IL-10, and IL-12) were detected on the array, but their levels did not change significantly during the course of infection.",2,filtered,"globally[0,inf](d_il2(t) = 0 and d_il4(t) = 0)",1,0.37254,,
"Transcripts for several other cytokines (IL-2, IL-4, IL-10, and IL-12) were detected on the array, but their levels did not change significantly during the course of infection.",2,filtered,d_il2(t) = 0 and d_il4(t) = 0 and d_il10(t) = 0 and d_il12(t) = 0,1,0.423748,,
"Transcripts for several other cytokines (IL-2, IL-4, IL-10, and IL-12) were detected on the array, but their levels did not change significantly during the course of infection.",2,filtered,"globally[0,inf](d_il2(t) = 0 and d_il4(t) = 0)",1,0.37254,,
"Transcripts for several other cytokines (IL-2, IL-4, IL-10, and IL-12) were detected on the array, but their levels did not change significantly during the course of infection.",2,consolidated,"globally[0,inf](d_il2(t)=0 and d_il4(t)=0)",1,0.37254,,
"Transcripts for several other cytokines (IL-2, IL-4, IL-10, and IL-12) were detected on the array, but their levels did not change significantly during the course of infection.",2,consolidated,d_il2(t) = 0,1,0.377661,,
"Transcripts for several other cytokines (IL-2, IL-4, IL-10, and IL-12) were detected on the array, but their levels did not change significantly during the course of infection.",2,consolidated,d_il4(t) = 0,1,0.395099,,
"Transcripts for several other cytokines (IL-2, IL-4, IL-10, and IL-12) were detected on the array, but their levels did not change significantly during the course of infection.",2,consolidated,d_il10(t) = 0,1,0.363542,,
"Transcripts for several other cytokines (IL-2, IL-4, IL-10, and IL-12) were detected on the array, but their levels did not change significantly during the course of infection.",2,consolidated,d_il12(t) = 0,1,0.384543,,
"We first examined the relative cytokine and chemokine levels in serum samples collected 6 days following EBOV challenge by using a multiplex-based bead assay. Quantitative analysis revealed that multiple Th1 cytokines, including gamma interferon (IFN-γ), interleukin-2 (IL-2), and tumor necrosis factor alpha (TNF-α), were significantly reduced in Tim-1/ mice compared to EBOV-infected wild-type mice (Fig. 2A to C), while IL-12p40 was increased (Fig. 2B).",0,raw,"globally[6,6](ifnγ(t) < c(mid) and il2(t) < c(mid))",,0.410936,,
"We first examined the relative cytokine and chemokine levels in serum samples collected 6 days following EBOV challenge by using a multiplex-based bead assay. Quantitative analysis revealed that multiple Th1 cytokines, including gamma interferon (IFN-γ), interleukin-2 (IL-2), and tumor necrosis factor alpha (TNF-α), were significantly reduced in Tim-1/ mice compared to EBOV-infected wild-type mice (Fig. 2A to C), while IL-12p40 was increased (Fig. 2B).",0,raw,"globally[6,6](ifnγ(t) < c(mid) and il2(t) < c(mid))",,0.410936,,
"We first examined the relative cytokine and chemokine levels in serum samples collected 6 days following EBOV challenge by using a multiplex-based bead assay. Quantitative analysis revealed that multiple Th1 cytokines, including gamma interferon (IFN-γ), interleukin-2 (IL-2), and tumor necrosis factor alpha (TNF-α), were significantly reduced in Tim-1/ mice compared to EBOV-infected wild-type mice (Fig. 2A to C), while IL-12p40 was increased (Fig. 2B).",0,raw,ifnγ(t) < c(mid) and il2(t) < c(mid) and tnfα(t) < c(mid) and il12(t) > c(mid),,0.536208,,
"We first examined the relative cytokine and chemokine levels in serum samples collected 6 days following EBOV challenge by using a multiplex-based bead assay. Quantitative analysis revealed that multiple Th1 cytokines, including gamma interferon (IFN-γ), interleukin-2 (IL-2), and tumor necrosis factor alpha (TNF-α), were significantly reduced in Tim-1/ mice compared to EBOV-infected wild-type mice (Fig. 2A to C), while IL-12p40 was increased (Fig. 2B).",0,raw,"globally[6,6](ifnγ(t) < c(mid) and il2(t) < c(mid))",,0.410936,,
"We first examined the relative cytokine and chemokine levels in serum samples collected 6 days following EBOV challenge by using a multiplex-based bead assay. Quantitative analysis revealed that multiple Th1 cytokines, including gamma interferon (IFN-γ), interleukin-2 (IL-2), and tumor necrosis factor alpha (TNF-α), were significantly reduced in Tim-1/ mice compared to EBOV-infected wild-type mice (Fig. 2A to C), while IL-12p40 was increased (Fig. 2B).",0,raw,"globally[6,6](ifnγ(t) < c(mid) and il2(t) < c(mid))",,0.410936,,
"We first examined the relative cytokine and chemokine levels in serum samples collected 6 days following EBOV challenge by using a multiplex-based bead assay. Quantitative analysis revealed that multiple Th1 cytokines, including gamma interferon (IFN-γ), interleukin-2 (IL-2), and tumor necrosis factor alpha (TNF-α), were significantly reduced in Tim-1/ mice compared to EBOV-infected wild-type mice (Fig. 2A to C), while IL-12p40 was increased (Fig. 2B).",0,raw,"globally[6,6](ifnγ(t) < c(mid) and il2(t) < c(low)) and il12(t) > c(mid)",,0.434145,,
"We first examined the relative cytokine and chemokine levels in serum samples collected 6 days following EBOV challenge by using a multiplex-based bead assay. Quantitative analysis revealed that multiple Th1 cytokines, including gamma interferon (IFN-γ), interleukin-2 (IL-2), and tumor necrosis factor alpha (TNF-α), were significantly reduced in Tim-1/ mice compared to EBOV-infected wild-type mice (Fig. 2A to C), while IL-12p40 was increased (Fig. 2B).",0,raw,"globally[6,6](ifnγ(t) < c(mid) and il2(t) < c(mid))",,0.410936,,
"We first examined the relative cytokine and chemokine levels in serum samples collected 6 days following EBOV challenge by using a multiplex-based bead assay. Quantitative analysis revealed that multiple Th1 cytokines, including gamma interferon (IFN-γ), interleukin-2 (IL-2), and tumor necrosis factor alpha (TNF-α), were significantly reduced in Tim-1/ mice compared to EBOV-infected wild-type mice (Fig. 2A to C), while IL-12p40 was increased (Fig. 2B).",0,raw,"globally[6,6](ifnγ(t) < c(mid) and il2(t) < c(mid))",,0.410936,,
"We first examined the relative cytokine and chemokine levels in serum samples collected 6 days following EBOV challenge by using a multiplex-based bead assay. Quantitative analysis revealed that multiple Th1 cytokines, including gamma interferon (IFN-γ), interleukin-2 (IL-2), and tumor necrosis factor alpha (TNF-α), were significantly reduced in Tim-1/ mice compared to EBOV-infected wild-type mice (Fig. 2A to C), while IL-12p40 was increased (Fig. 2B).",0,raw,"globally[6,6](ifnγ(t) < c(low) and il2(t) < c(mid))",,0.402138,,
"We first examined the relative cytokine and chemokine levels in serum samples collected 6 days following EBOV challenge by using a multiplex-based bead assay. Quantitative analysis revealed that multiple Th1 cytokines, including gamma interferon (IFN-γ), interleukin-2 (IL-2), and tumor necrosis factor alpha (TNF-α), were significantly reduced in Tim-1/ mice compared to EBOV-infected wild-type mice (Fig. 2A to C), while IL-12p40 was increased (Fig. 2B).",0,raw,"globally[6,inf](ifnγ(t) < c(mid) and il2(t) < c(mid))",,0.39553,,
"We first examined the relative cytokine and chemokine levels in serum samples collected 6 days following EBOV challenge by using a multiplex-based bead assay. Quantitative analysis revealed that multiple Th1 cytokines, including gamma interferon (IFN-γ), interleukin-2 (IL-2), and tumor necrosis factor alpha (TNF-α), were significantly reduced in Tim-1/ mice compared to EBOV-infected wild-type mice (Fig. 2A to C), while IL-12p40 was increased (Fig. 2B).",0,raw,"globally[6,6](ifnγ(t) < c(low) and il2(t) < c(low))",,0.383839,,
"We first examined the relative cytokine and chemokine levels in serum samples collected 6 days following EBOV challenge by using a multiplex-based bead assay. Quantitative analysis revealed that multiple Th1 cytokines, including gamma interferon (IFN-γ), interleukin-2 (IL-2), and tumor necrosis factor alpha (TNF-α), were significantly reduced in Tim-1/ mice compared to EBOV-infected wild-type mice (Fig. 2A to C), while IL-12p40 was increased (Fig. 2B).",0,raw,"globally[6,inf](ifnγ(t) < c(mid) and il2(t) < c(mid))",,0.39553,,
"We first examined the relative cytokine and chemokine levels in serum samples collected 6 days following EBOV challenge by using a multiplex-based bead assay. Quantitative analysis revealed that multiple Th1 cytokines, including gamma interferon (IFN-γ), interleukin-2 (IL-2), and tumor necrosis factor alpha (TNF-α), were significantly reduced in Tim-1/ mice compared to EBOV-infected wild-type mice (Fig. 2A to C), while IL-12p40 was increased (Fig. 2B).",0,raw,"eventually[6,6](ifnγ(t) < c(mid) and il2(t) < c(mid))",,0.405171,,
"We first examined the relative cytokine and chemokine levels in serum samples collected 6 days following EBOV challenge by using a multiplex-based bead assay. Quantitative analysis revealed that multiple Th1 cytokines, including gamma interferon (IFN-γ), interleukin-2 (IL-2), and tumor necrosis factor alpha (TNF-α), were significantly reduced in Tim-1/ mice compared to EBOV-infected wild-type mice (Fig. 2A to C), while IL-12p40 was increased (Fig. 2B).",0,raw,"globally[6,6](ifnγ(t) < c(mid) and il2(t) < c(mid))",,0.410936,,
"We first examined the relative cytokine and chemokine levels in serum samples collected 6 days following EBOV challenge by using a multiplex-based bead assay. Quantitative analysis revealed that multiple Th1 cytokines, including gamma interferon (IFN-γ), interleukin-2 (IL-2), and tumor necrosis factor alpha (TNF-α), were significantly reduced in Tim-1/ mice compared to EBOV-infected wild-type mice (Fig. 2A to C), while IL-12p40 was increased (Fig. 2B).",0,raw,"globally[6,6](ifnγ(t) < c(mid) and il2(t) < c(mid))",,0.410936,,
"We first examined the relative cytokine and chemokine levels in serum samples collected 6 days following EBOV challenge by using a multiplex-based bead assay. Quantitative analysis revealed that multiple Th1 cytokines, including gamma interferon (IFN-γ), interleukin-2 (IL-2), and tumor necrosis factor alpha (TNF-α), were significantly reduced in Tim-1/ mice compared to EBOV-infected wild-type mice (Fig. 2A to C), while IL-12p40 was increased (Fig. 2B).",0,filtered,"globally[6,6](ifnγ(t) < c(mid) and il2(t) < c(mid))",1,0.410936,,
"We first examined the relative cytokine and chemokine levels in serum samples collected 6 days following EBOV challenge by using a multiplex-based bead assay. Quantitative analysis revealed that multiple Th1 cytokines, including gamma interferon (IFN-γ), interleukin-2 (IL-2), and tumor necrosis factor alpha (TNF-α), were significantly reduced in Tim-1/ mice compared to EBOV-infected wild-type mice (Fig. 2A to C), while IL-12p40 was increased (Fig. 2B).",0,filtered,"globally[6,6](ifnγ(t) < c(mid) and il2(t) < c(mid))",1,0.410936,,
"We first examined the relative cytokine and chemokine levels in serum samples collected 6 days following EBOV challenge by using a multiplex-based bead assay. Quantitative analysis revealed that multiple Th1 cytokines, including gamma interferon (IFN-γ), interleukin-2 (IL-2), and tumor necrosis factor alpha (TNF-α), were significantly reduced in Tim-1/ mice compared to EBOV-infected wild-type mice (Fig. 2A to C), while IL-12p40 was increased (Fig. 2B).",0,filtered,ifnγ(t) < c(mid) and il2(t) < c(mid) and tnfα(t) < c(mid) and il12(t) > c(mid),0,0.536208,,
"We first examined the relative cytokine and chemokine levels in serum samples collected 6 days following EBOV challenge by using a multiplex-based bead assay. Quantitative analysis revealed that multiple Th1 cytokines, including gamma interferon (IFN-γ), interleukin-2 (IL-2), and tumor necrosis factor alpha (TNF-α), were significantly reduced in Tim-1/ mice compared to EBOV-infected wild-type mice (Fig. 2A to C), while IL-12p40 was increased (Fig. 2B).",0,filtered,"globally[6,6](ifnγ(t) < c(mid) and il2(t) < c(mid))",1,0.410936,,
"We first examined the relative cytokine and chemokine levels in serum samples collected 6 days following EBOV challenge by using a multiplex-based bead assay. Quantitative analysis revealed that multiple Th1 cytokines, including gamma interferon (IFN-γ), interleukin-2 (IL-2), and tumor necrosis factor alpha (TNF-α), were significantly reduced in Tim-1/ mice compared to EBOV-infected wild-type mice (Fig. 2A to C), while IL-12p40 was increased (Fig. 2B).",0,filtered,"globally[6,6](ifnγ(t) < c(mid) and il2(t) < c(mid))",1,0.410936,,
"We first examined the relative cytokine and chemokine levels in serum samples collected 6 days following EBOV challenge by using a multiplex-based bead assay. Quantitative analysis revealed that multiple Th1 cytokines, including gamma interferon (IFN-γ), interleukin-2 (IL-2), and tumor necrosis factor alpha (TNF-α), were significantly reduced in Tim-1/ mice compared to EBOV-infected wild-type mice (Fig. 2A to C), while IL-12p40 was increased (Fig. 2B).",0,filtered,"globally[6,6](ifnγ(t) < c(mid) and il2(t) < c(low)) and il12(t) > c(mid)",0,0.434145,,
"We first examined the relative cytokine and chemokine levels in serum samples collected 6 days following EBOV challenge by using a multiplex-based bead assay. Quantitative analysis revealed that multiple Th1 cytokines, including gamma interferon (IFN-γ), interleukin-2 (IL-2), and tumor necrosis factor alpha (TNF-α), were significantly reduced in Tim-1/ mice compared to EBOV-infected wild-type mice (Fig. 2A to C), while IL-12p40 was increased (Fig. 2B).",0,filtered,"globally[6,6](ifnγ(t) < c(mid) and il2(t) < c(mid))",1,0.410936,,
"We first examined the relative cytokine and chemokine levels in serum samples collected 6 days following EBOV challenge by using a multiplex-based bead assay. Quantitative analysis revealed that multiple Th1 cytokines, including gamma interferon (IFN-γ), interleukin-2 (IL-2), and tumor necrosis factor alpha (TNF-α), were significantly reduced in Tim-1/ mice compared to EBOV-infected wild-type mice (Fig. 2A to C), while IL-12p40 was increased (Fig. 2B).",0,filtered,"globally[6,6](ifnγ(t) < c(mid) and il2(t) < c(mid))",1,0.410936,,
"We first examined the relative cytokine and chemokine levels in serum samples collected 6 days following EBOV challenge by using a multiplex-based bead assay. Quantitative analysis revealed that multiple Th1 cytokines, including gamma interferon (IFN-γ), interleukin-2 (IL-2), and tumor necrosis factor alpha (TNF-α), were significantly reduced in Tim-1/ mice compared to EBOV-infected wild-type mice (Fig. 2A to C), while IL-12p40 was increased (Fig. 2B).",0,filtered,"globally[6,6](ifnγ(t) < c(mid) and il2(t) < c(mid))",1,0.410936,,
"We first examined the relative cytokine and chemokine levels in serum samples collected 6 days following EBOV challenge by using a multiplex-based bead assay. Quantitative analysis revealed that multiple Th1 cytokines, including gamma interferon (IFN-γ), interleukin-2 (IL-2), and tumor necrosis factor alpha (TNF-α), were significantly reduced in Tim-1/ mice compared to EBOV-infected wild-type mice (Fig. 2A to C), while IL-12p40 was increased (Fig. 2B).",0,filtered,"globally[6,6](ifnγ(t) < c(mid) and il2(t) < c(mid))",1,0.410936,,
"We first examined the relative cytokine and chemokine levels in serum samples collected 6 days following EBOV challenge by using a multiplex-based bead assay. Quantitative analysis revealed that multiple Th1 cytokines, including gamma interferon (IFN-γ), interleukin-2 (IL-2), and tumor necrosis factor alpha (TNF-α), were significantly reduced in Tim-1/ mice compared to EBOV-infected wild-type mice (Fig. 2A to C), while IL-12p40 was increased (Fig. 2B).",0,consolidated,"globally[6,6](ifnγ(t) < c(mid) and il2(t) < c(mid))",1,0.410936,,
"We first examined the relative cytokine and chemokine levels in serum samples collected 6 days following EBOV challenge by using a multiplex-based bead assay. Quantitative analysis revealed that multiple Th1 cytokines, including gamma interferon (IFN-γ), interleukin-2 (IL-2), and tumor necrosis factor alpha (TNF-α), were significantly reduced in Tim-1/ mice compared to EBOV-infected wild-type mice (Fig. 2A to C), while IL-12p40 was increased (Fig. 2B).",0,consolidated,ifnγ(t) < c(mid),0,0.271794,,
"We first examined the relative cytokine and chemokine levels in serum samples collected 6 days following EBOV challenge by using a multiplex-based bead assay. Quantitative analysis revealed that multiple Th1 cytokines, including gamma interferon (IFN-γ), interleukin-2 (IL-2), and tumor necrosis factor alpha (TNF-α), were significantly reduced in Tim-1/ mice compared to EBOV-infected wild-type mice (Fig. 2A to C), while IL-12p40 was increased (Fig. 2B).",0,consolidated,il2(t) < c(mid),0,0.282008,,
"We first examined the relative cytokine and chemokine levels in serum samples collected 6 days following EBOV challenge by using a multiplex-based bead assay. Quantitative analysis revealed that multiple Th1 cytokines, including gamma interferon (IFN-γ), interleukin-2 (IL-2), and tumor necrosis factor alpha (TNF-α), were significantly reduced in Tim-1/ mice compared to EBOV-infected wild-type mice (Fig. 2A to C), while IL-12p40 was increased (Fig. 2B).",0,consolidated,tnfα(t) < c(mid),0,0.408522,,
"We first examined the relative cytokine and chemokine levels in serum samples collected 6 days following EBOV challenge by using a multiplex-based bead assay. Quantitative analysis revealed that multiple Th1 cytokines, including gamma interferon (IFN-γ), interleukin-2 (IL-2), and tumor necrosis factor alpha (TNF-α), were significantly reduced in Tim-1/ mice compared to EBOV-infected wild-type mice (Fig. 2A to C), while IL-12p40 was increased (Fig. 2B).",0,consolidated,il12(t) > c(mid),0,0.27836,,
"Flow cytometry analysis demonstrated that at day 6, gated CD4 T cells from Tim-1/ mice appeared to produce elevated levels of IL-2, IFN-γ, and TNF-α compared to wild-type, EBOV-infected mice (Fig. 2D).",0,raw,il2(t) > c(high) and ifnγ(t) > c(high) and tnfα(t) > c(high),,0.522327,,
"Flow cytometry analysis demonstrated that at day 6, gated CD4 T cells from Tim-1/ mice appeared to produce elevated levels of IL-2, IFN-γ, and TNF-α compared to wild-type, EBOV-infected mice (Fig. 2D).",0,raw,il2(t) > c(mid) and ifnγ(t) > c(mid) and tnfα(t) > c(mid),,0.52768,,
"Flow cytometry analysis demonstrated that at day 6, gated CD4 T cells from Tim-1/ mice appeared to produce elevated levels of IL-2, IFN-γ, and TNF-α compared to wild-type, EBOV-infected mice (Fig. 2D).",0,raw,il2(t) > c(high) and ifnγ(t) > c(high) and tnfα(t) > c(high),,0.522327,,
"Flow cytometry analysis demonstrated that at day 6, gated CD4 T cells from Tim-1/ mice appeared to produce elevated levels of IL-2, IFN-γ, and TNF-α compared to wild-type, EBOV-infected mice (Fig. 2D).",0,raw,il2(t) > c(high) and ifnγ(t) > c(high) and tnfα(t) > c(high),,0.522327,,
"Flow cytometry analysis demonstrated that at day 6, gated CD4 T cells from Tim-1/ mice appeared to produce elevated levels of IL-2, IFN-γ, and TNF-α compared to wild-type, EBOV-infected mice (Fig. 2D).",0,raw,il2(t) > c(mid) and ifnγ(t) > c(mid) and tnfα(t) > c(mid),,0.52768,,
"Flow cytometry analysis demonstrated that at day 6, gated CD4 T cells from Tim-1/ mice appeared to produce elevated levels of IL-2, IFN-γ, and TNF-α compared to wild-type, EBOV-infected mice (Fig. 2D).",0,raw,il2(t) > c(mid) and ifnγ(t) > c(mid) and tnfα(t) > c(mid),,0.52768,,
"Flow cytometry analysis demonstrated that at day 6, gated CD4 T cells from Tim-1/ mice appeared to produce elevated levels of IL-2, IFN-γ, and TNF-α compared to wild-type, EBOV-infected mice (Fig. 2D).",0,filtered,il2(t) > c(mid) and ifnγ(t) > c(mid) and tnfα(t) > c(mid),0,0.52768,,
"Flow cytometry analysis demonstrated that at day 6, gated CD4 T cells from Tim-1/ mice appeared to produce elevated levels of IL-2, IFN-γ, and TNF-α compared to wild-type, EBOV-infected mice (Fig. 2D).",0,filtered,il2(t) > c(mid) and ifnγ(t) > c(mid) and tnfα(t) > c(mid),0,0.52768,,
"Flow cytometry analysis demonstrated that at day 6, gated CD4 T cells from Tim-1/ mice appeared to produce elevated levels of IL-2, IFN-γ, and TNF-α compared to wild-type, EBOV-infected mice (Fig. 2D).",0,filtered,il2(t) > c(mid) and ifnγ(t) > c(mid) and tnfα(t) > c(mid),0,0.52768,,
"Flow cytometry analysis demonstrated that at day 6, gated CD4 T cells from Tim-1/ mice appeared to produce elevated levels of IL-2, IFN-γ, and TNF-α compared to wild-type, EBOV-infected mice (Fig. 2D).",0,consolidated,il2(t) > c(mid),0,0.292981,,
"Flow cytometry analysis demonstrated that at day 6, gated CD4 T cells from Tim-1/ mice appeared to produce elevated levels of IL-2, IFN-γ, and TNF-α compared to wild-type, EBOV-infected mice (Fig. 2D).",0,consolidated,ifnγ(t) > c(mid),0,0.259896,,
"Flow cytometry analysis demonstrated that at day 6, gated CD4 T cells from Tim-1/ mice appeared to produce elevated levels of IL-2, IFN-γ, and TNF-α compared to wild-type, EBOV-infected mice (Fig. 2D).",0,consolidated,tnfα(t) > c(mid),0,0.363964,,
The initial innate immune response is restricted due to inhibition of the interferon (IFN) response and allows extensive virus replication and spread during a clinically silent latent period of 10–14 days.,0,raw,"globally[0,10](ifn(t) < c(low)) implies eventually[0,14]globally(virus(t) > c(high))",,0.468971,,
The initial innate immune response is restricted due to inhibition of the interferon (IFN) response and allows extensive virus replication and spread during a clinically silent latent period of 10–14 days.,0,raw,"globally[0,14](ifn(t) < c(low) and d_virus(t) > d_c(high))",,0.454511,,
The initial innate immune response is restricted due to inhibition of the interferon (IFN) response and allows extensive virus replication and spread during a clinically silent latent period of 10–14 days.,0,raw,"globally[10,14](ifn(t) < c(low) and virus(t) > c(high))",,0.483541,,
The initial innate immune response is restricted due to inhibition of the interferon (IFN) response and allows extensive virus replication and spread during a clinically silent latent period of 10–14 days.,0,raw,"globally[10,14](ifn(t) < c(low) and virus(t) > c(high))",,0.483541,,
The initial innate immune response is restricted due to inhibition of the interferon (IFN) response and allows extensive virus replication and spread during a clinically silent latent period of 10–14 days.,0,raw,"globally[0,10](ifnα(t) < c(low) and ifnβ(t) < c(low)) implies eventually[0,10](d_sarscov2(t) > d_c(high))",,0.264757,,
The initial innate immune response is restricted due to inhibition of the interferon (IFN) response and allows extensive virus replication and spread during a clinically silent latent period of 10–14 days.,0,raw,"globally[10,14](ifn(t) < c(low) and virus(t) > c(high))",,0.483541,,
The initial innate immune response is restricted due to inhibition of the interferon (IFN) response and allows extensive virus replication and spread during a clinically silent latent period of 10–14 days.,0,raw,"ifn(t) < c(low) and eventually[10,14](virus(t) > c(high))",,0.524509,,
The initial innate immune response is restricted due to inhibition of the interferon (IFN) response and allows extensive virus replication and spread during a clinically silent latent period of 10–14 days.,0,raw,"globally[0,14](ifn(t) < c(low) and virus(t) > c(high))",,0.471304,,
The initial innate immune response is restricted due to inhibition of the interferon (IFN) response and allows extensive virus replication and spread during a clinically silent latent period of 10–14 days.,0,raw,"globally[10,14](ifn(t) < c(low) and virus(t) > c(high))",,0.483541,,
The initial innate immune response is restricted due to inhibition of the interferon (IFN) response and allows extensive virus replication and spread during a clinically silent latent period of 10–14 days.,0,raw,"globally[10,14](ifnα(t) < c(low) and sarscov2(t) > c(high))",,0.397348,,
The initial innate immune response is restricted due to inhibition of the interferon (IFN) response and allows extensive virus replication and spread during a clinically silent latent period of 10–14 days.,0,raw,"globally[10,14](ifn(t) < c(low) and virus(t) > c(high))",,0.483541,,
The initial innate immune response is restricted due to inhibition of the interferon (IFN) response and allows extensive virus replication and spread during a clinically silent latent period of 10–14 days.,0,raw,"globally[0,14](ifn(t) < c(low) and virus(t) > c(high))",,0.471304,,
The initial innate immune response is restricted due to inhibition of the interferon (IFN) response and allows extensive virus replication and spread during a clinically silent latent period of 10–14 days.,0,raw,"globally[0,14](ifn(t) < c(low) and virus(t) > c(high))",,0.471304,,
The initial innate immune response is restricted due to inhibition of the interferon (IFN) response and allows extensive virus replication and spread during a clinically silent latent period of 10–14 days.,0,raw,"globally[0,10](ifn(t) < c(low)) and eventually[0,14](d_virus(t) > d_c(high))",,0.429592,,
The initial innate immune response is restricted due to inhibition of the interferon (IFN) response and allows extensive virus replication and spread during a clinically silent latent period of 10–14 days.,0,raw,"ifn(t) < c(low) and eventually[10,14]globally(virus(t) > c(high))",,0.526323,,
The initial innate immune response is restricted due to inhibition of the interferon (IFN) response and allows extensive virus replication and spread during a clinically silent latent period of 10–14 days.,0,raw,"globally[0,14](ifn(t) < c(low) and virus(t) > c(high))",,0.471304,,
The initial innate immune response is restricted due to inhibition of the interferon (IFN) response and allows extensive virus replication and spread during a clinically silent latent period of 10–14 days.,0,raw,"globally[0,14](ifn(t) < c(mid) and virus(t) > c(mid))",,0.494327,,
The initial innate immune response is restricted due to inhibition of the interferon (IFN) response and allows extensive virus replication and spread during a clinically silent latent period of 10–14 days.,0,raw,"globally[0,14](ifn(t) < c(low) and d_virus(t) > d_c(high))",,0.454511,,
The initial innate immune response is restricted due to inhibition of the interferon (IFN) response and allows extensive virus replication and spread during a clinically silent latent period of 10–14 days.,0,raw,"globally[0,14](ifn(t) < c(low) and virus(t) > c(high))",,0.471304,,
The initial innate immune response is restricted due to inhibition of the interferon (IFN) response and allows extensive virus replication and spread during a clinically silent latent period of 10–14 days.,0,raw,"globally[10,14](ifn(t) < c(low) and virus(t) > c(high))",,0.483541,,
The initial innate immune response is restricted due to inhibition of the interferon (IFN) response and allows extensive virus replication and spread during a clinically silent latent period of 10–14 days.,0,raw,"globally[0,10](ifnα(t) < c(low) and ifnβ(t) < c(low)) implies eventually[0,14](sarscov2(t) > c(high))",,0.338711,,
The initial innate immune response is restricted due to inhibition of the interferon (IFN) response and allows extensive virus replication and spread during a clinically silent latent period of 10–14 days.,0,filtered,"globally[10,14](ifn(t) < c(low) and virus(t) > c(high))",1,0.483541,,
The initial innate immune response is restricted due to inhibition of the interferon (IFN) response and allows extensive virus replication and spread during a clinically silent latent period of 10–14 days.,0,filtered,"globally[10,14](ifn(t) < c(low) and virus(t) > c(high))",1,0.483541,,
The initial innate immune response is restricted due to inhibition of the interferon (IFN) response and allows extensive virus replication and spread during a clinically silent latent period of 10–14 days.,0,filtered,"globally[10,14](ifn(t) < c(low) and virus(t) > c(high))",1,0.483541,,
The initial innate immune response is restricted due to inhibition of the interferon (IFN) response and allows extensive virus replication and spread during a clinically silent latent period of 10–14 days.,0,filtered,"ifn(t) < c(low) and eventually[10,14](virus(t) > c(high))",0,0.524509,,
The initial innate immune response is restricted due to inhibition of the interferon (IFN) response and allows extensive virus replication and spread during a clinically silent latent period of 10–14 days.,0,filtered,"globally[10,14](ifn(t) < c(low) and virus(t) > c(high))",1,0.483541,,
The initial innate immune response is restricted due to inhibition of the interferon (IFN) response and allows extensive virus replication and spread during a clinically silent latent period of 10–14 days.,0,filtered,"globally[10,14](ifn(t) < c(low) and virus(t) > c(high))",1,0.483541,,
The initial innate immune response is restricted due to inhibition of the interferon (IFN) response and allows extensive virus replication and spread during a clinically silent latent period of 10–14 days.,0,filtered,"ifn(t) < c(low) and eventually[10,14]globally(virus(t) > c(high))",0,0.526323,,
The initial innate immune response is restricted due to inhibition of the interferon (IFN) response and allows extensive virus replication and spread during a clinically silent latent period of 10–14 days.,0,filtered,"globally[0,14](ifn(t) < c(mid) and virus(t) > c(mid))",1,0.494327,,
The initial innate immune response is restricted due to inhibition of the interferon (IFN) response and allows extensive virus replication and spread during a clinically silent latent period of 10–14 days.,0,filtered,"globally[10,14](ifn(t) < c(low) and virus(t) > c(high))",1,0.483541,,
The initial innate immune response is restricted due to inhibition of the interferon (IFN) response and allows extensive virus replication and spread during a clinically silent latent period of 10–14 days.,0,consolidated,"globally[10,14](ifn(t) < c(low) and virus(t) > c(high))",1,0.483541,,
The initial innate immune response is restricted due to inhibition of the interferon (IFN) response and allows extensive virus replication and spread during a clinically silent latent period of 10–14 days.,0,consolidated,"globally[0,14](ifn(t) < c(mid) and virus(t) > c(mid))",1,0.494327,,
The initial innate immune response is restricted due to inhibition of the interferon (IFN) response and allows extensive virus replication and spread during a clinically silent latent period of 10–14 days.,0,consolidated,ifn(t) < c(low),0,0.270175,,
The initial innate immune response is restricted due to inhibition of the interferon (IFN) response and allows extensive virus replication and spread during a clinically silent latent period of 10–14 days.,0,consolidated,"eventually[10,14](virus(t) > c(high))",1,0.44971,,
"After an initial peak at 7–10 days (during the viremia when infectious virus can be recovered), there is a period of rapid decline coincident with clearance of infectious virus (10–14 days), followed by a rebound with up to a 10-fold increase in RNA levels (14–24 days) and then a slow decline (24–60 days) to an undetectable level.",0,raw,"eventually[7,10]globally(virus(t) > c(high)) and globally[10,14](d_virus(t) < -d_c(high)) and globally[14,24](d_virus(t) > d_c(high)) and globally[24,60](d_virus(t) < -d_c(low))",,0.67819,,
"After an initial peak at 7–10 days (during the viremia when infectious virus can be recovered), there is a period of rapid decline coincident with clearance of infectious virus (10–14 days), followed by a rebound with up to a 10-fold increase in RNA levels (14–24 days) and then a slow decline (24–60 days) to an undetectable level.",0,raw,"eventually[7,10](virus(t)=c(high)) and globally[10,14](d_virus(t)<-d_c(high)) and eventually[14,24](d_virus(t)=d_c(high)) and globally[24,60](d_virus(t)=-d_c(low)) and eventually[60,inf](virus(t)=c(low))",,0.700771,,
"After an initial peak at 7–10 days (during the viremia when infectious virus can be recovered), there is a period of rapid decline coincident with clearance of infectious virus (10–14 days), followed by a rebound with up to a 10-fold increase in RNA levels (14–24 days) and then a slow decline (24–60 days) to an undetectable level.",0,raw,"eventually[7,10](sarscov2(t) = c(high)) and globally[10,14](d_sarscov2(t) = -d_c(high)) and eventually[14,24](sarscov2(t) > c(high)) and globally[24,60](d_sarscov2(t) = -d_c(low))",,0.424336,,
"After an initial peak at 7–10 days (during the viremia when infectious virus can be recovered), there is a period of rapid decline coincident with clearance of infectious virus (10–14 days), followed by a rebound with up to a 10-fold increase in RNA levels (14–24 days) and then a slow decline (24–60 days) to an undetectable level.",0,raw,"globally[7,10](virus(t) > c(high)) and globally[10,14](d_virus(t) < -d_c(high)) and eventually[14,24](virus(t) > c(high)) and globally[24,60](d_virus(t) < -d_c(low))",,0.695327,,
"After an initial peak at 7–10 days (during the viremia when infectious virus can be recovered), there is a period of rapid decline coincident with clearance of infectious virus (10–14 days), followed by a rebound with up to a 10-fold increase in RNA levels (14–24 days) and then a slow decline (24–60 days) to an undetectable level.",0,raw,"eventually[7,10](virus(t) > c(mid)) and globally[10,14](d_virus(t) < -d_c(high)) and eventually[14,24](virus(t) > c(high)) and globally[24,60](d_virus(t) < -d_c(low))",,0.720296,,
"After an initial peak at 7–10 days (during the viremia when infectious virus can be recovered), there is a period of rapid decline coincident with clearance of infectious virus (10–14 days), followed by a rebound with up to a 10-fold increase in RNA levels (14–24 days) and then a slow decline (24–60 days) to an undetectable level.",0,raw,"eventually[7,10](virus(t) = c(high)) and globally[10,14](d_virus(t) < -d_c(high)) and eventually[14,24](sarscov2(t) > c(high)) and globally[24,60](d_sarscov2(t) < -d_c(low)) and eventually[60,inf](sarscov2(t) < c(low))",,0.614544,,
"After an initial peak at 7–10 days (during the viremia when infectious virus can be recovered), there is a period of rapid decline coincident with clearance of infectious virus (10–14 days), followed by a rebound with up to a 10-fold increase in RNA levels (14–24 days) and then a slow decline (24–60 days) to an undetectable level.",0,raw,"eventually[7,10](virus(t) > c(mid)) and globally[10,14](d_virus(t) < -d_c(high)) and eventually[14,24](virus(t) > c(high)) and globally[24,60](d_virus(t) < -d_c(low)) and eventually[60,inf](virus(t) = c(low))",,0.718077,,
"After an initial peak at 7–10 days (during the viremia when infectious virus can be recovered), there is a period of rapid decline coincident with clearance of infectious virus (10–14 days), followed by a rebound with up to a 10-fold increase in RNA levels (14–24 days) and then a slow decline (24–60 days) to an undetectable level.",0,raw,"eventually[7,10](virus(t) = c(high)) and globally[10,14](d_virus(t) < -d_c(high)) and eventually[14,24](virus(t) > c(high)) and globally[24,60](d_virus(t) < -d_c(low))",,0.709096,,
"After an initial peak at 7–10 days (during the viremia when infectious virus can be recovered), there is a period of rapid decline coincident with clearance of infectious virus (10–14 days), followed by a rebound with up to a 10-fold increase in RNA levels (14–24 days) and then a slow decline (24–60 days) to an undetectable level.",0,raw,"eventually[7,10](sarscov2(t) = c(high)) and globally[10,14](d_sarscov2(t) < -d_c(high)) and eventually[14,24](sarscov(t) > c(high)) and globally[24,60](d_sarscov(t) < -d_c(low))",,0.434943,,
"After an initial peak at 7–10 days (during the viremia when infectious virus can be recovered), there is a period of rapid decline coincident with clearance of infectious virus (10–14 days), followed by a rebound with up to a 10-fold increase in RNA levels (14–24 days) and then a slow decline (24–60 days) to an undetectable level.",0,raw,"eventually[7,10](d_virus(t) > d_c(high)) and eventually[10,14](d_virus(t) < -d_c(high)) and eventually[14,24](d_virus(t) > d_c(high)) and globally[24,60](d_virus(t) < -d_c(low))",,0.646225,,
"After an initial peak at 7–10 days (during the viremia when infectious virus can be recovered), there is a period of rapid decline coincident with clearance of infectious virus (10–14 days), followed by a rebound with up to a 10-fold increase in RNA levels (14–24 days) and then a slow decline (24–60 days) to an undetectable level.",0,raw,"eventually[7,10](virus(t) = c(high)) and globally[10,14](d_virus(t) < -d_c(high)) and eventually[14,24](d_virus(t) > d_c(high)) and globally[24,60](d_virus(t) < -d_c(low) and virus(t) = c(low))",,0.685313,,
"After an initial peak at 7–10 days (during the viremia when infectious virus can be recovered), there is a period of rapid decline coincident with clearance of infectious virus (10–14 days), followed by a rebound with up to a 10-fold increase in RNA levels (14–24 days) and then a slow decline (24–60 days) to an undetectable level.",0,raw,"eventually[7,10](virus(t) = c(high)) and globally[10,14](d_virus(t) < -d_c(high)) and eventually[14,24](d_virus(t) > d_c(high)) and globally[24,60](d_virus(t) < -d_c(low))",,0.686202,,
"After an initial peak at 7–10 days (during the viremia when infectious virus can be recovered), there is a period of rapid decline coincident with clearance of infectious virus (10–14 days), followed by a rebound with up to a 10-fold increase in RNA levels (14–24 days) and then a slow decline (24–60 days) to an undetectable level.",0,raw,"globally[7,10](virus(t) = c(high)) and globally[10,14](d_virus(t) < -d_c(high)) and globally[14,24](d_virus(t) > d_c(high)) and globally[24,60](d_virus(t) < -d_c(low))",,0.663083,,
"After an initial peak at 7–10 days (during the viremia when infectious virus can be recovered), there is a period of rapid decline coincident with clearance of infectious virus (10–14 days), followed by a rebound with up to a 10-fold increase in RNA levels (14–24 days) and then a slow decline (24–60 days) to an undetectable level.",0,raw,"eventually[7,10](virus(t) = c(high)) and globally[10,14](d_virus(t) < -d_c(high)) and eventually[14,24](d_virus(t) > d_c(high)) and globally[24,60](d_virus(t) < -d_c(low))",,0.686202,,
"After an initial peak at 7–10 days (during the viremia when infectious virus can be recovered), there is a period of rapid decline coincident with clearance of infectious virus (10–14 days), followed by a rebound with up to a 10-fold increase in RNA levels (14–24 days) and then a slow decline (24–60 days) to an undetectable level.",0,raw,"eventually[7,10](virus(t) > c(high)) and globally[10,14](d_virus(t) < -d_c(high)) and eventually[14,24](virus(t) > c(mid)) and globally[24,60](d_virus(t) < -d_c(low))",,0.717991,,
"After an initial peak at 7–10 days (during the viremia when infectious virus can be recovered), there is a period of rapid decline coincident with clearance of infectious virus (10–14 days), followed by a rebound with up to a 10-fold increase in RNA levels (14–24 days) and then a slow decline (24–60 days) to an undetectable level.",0,raw,"globally[7,10](sarscov2(t) > c(mid)) and globally[10,14](d_sarscov2(t) < -d_c(high)) and globally[14,24](d_sarscov2(t) > d_c(high)) and globally[24,60](d_sarscov2(t) < -d_c(low))",,0.406156,,
"After an initial peak at 7–10 days (during the viremia when infectious virus can be recovered), there is a period of rapid decline coincident with clearance of infectious virus (10–14 days), followed by a rebound with up to a 10-fold increase in RNA levels (14–24 days) and then a slow decline (24–60 days) to an undetectable level.",0,raw,"eventually[7,10]globally(virus(t) = c(high)) and eventually[10,14]globally(d_virus(t) < -d_c(high)) and eventually[14,24]globally(d_virus(t) > d_c(high)) and eventually[24,60]globally(d_virus(t) < -d_c(low))",,0.688764,,
"After an initial peak at 7–10 days (during the viremia when infectious virus can be recovered), there is a period of rapid decline coincident with clearance of infectious virus (10–14 days), followed by a rebound with up to a 10-fold increase in RNA levels (14–24 days) and then a slow decline (24–60 days) to an undetectable level.",0,raw,"globally[7,10](virus(t) > c(high)) and globally[10,14](d_virus(t) < -d_c(high)) and globally[14,24](d_virus(t) > d_c(high)) and globally[24,60](d_virus(t) < -d_c(low))",,0.663205,,
"After an initial peak at 7–10 days (during the viremia when infectious virus can be recovered), there is a period of rapid decline coincident with clearance of infectious virus (10–14 days), followed by a rebound with up to a 10-fold increase in RNA levels (14–24 days) and then a slow decline (24–60 days) to an undetectable level.",0,filtered,"eventually[7,10](virus(t) > c(mid)) and globally[10,14](d_virus(t) < -d_c(high)) and eventually[14,24](virus(t) > c(high)) and globally[24,60](d_virus(t) < -d_c(low))",1,0.720296,,
"After an initial peak at 7–10 days (during the viremia when infectious virus can be recovered), there is a period of rapid decline coincident with clearance of infectious virus (10–14 days), followed by a rebound with up to a 10-fold increase in RNA levels (14–24 days) and then a slow decline (24–60 days) to an undetectable level.",0,filtered,"eventually[7,10](virus(t) > c(mid)) and globally[10,14](d_virus(t) < -d_c(high)) and eventually[14,24](virus(t) > c(high)) and globally[24,60](d_virus(t) < -d_c(low)) and eventually[60,inf](virus(t) = c(low))",1,0.718077,,
"After an initial peak at 7–10 days (during the viremia when infectious virus can be recovered), there is a period of rapid decline coincident with clearance of infectious virus (10–14 days), followed by a rebound with up to a 10-fold increase in RNA levels (14–24 days) and then a slow decline (24–60 days) to an undetectable level.",0,filtered,"eventually[7,10](virus(t) = c(high)) and globally[10,14](d_virus(t) < -d_c(high)) and eventually[14,24](virus(t) > c(high)) and globally[24,60](d_virus(t) < -d_c(low))",1,0.709096,,
"After an initial peak at 7–10 days (during the viremia when infectious virus can be recovered), there is a period of rapid decline coincident with clearance of infectious virus (10–14 days), followed by a rebound with up to a 10-fold increase in RNA levels (14–24 days) and then a slow decline (24–60 days) to an undetectable level.",0,filtered,"eventually[7,10](virus(t) > c(high)) and globally[10,14](d_virus(t) < -d_c(high)) and eventually[14,24](virus(t) > c(mid)) and globally[24,60](d_virus(t) < -d_c(low))",1,0.717991,,
"After an initial peak at 7–10 days (during the viremia when infectious virus can be recovered), there is a period of rapid decline coincident with clearance of infectious virus (10–14 days), followed by a rebound with up to a 10-fold increase in RNA levels (14–24 days) and then a slow decline (24–60 days) to an undetectable level.",0,consolidated,"eventually[7,10](virus(t) > c(mid))",1,0.689897,,
"After an initial peak at 7–10 days (during the viremia when infectious virus can be recovered), there is a period of rapid decline coincident with clearance of infectious virus (10–14 days), followed by a rebound with up to a 10-fold increase in RNA levels (14–24 days) and then a slow decline (24–60 days) to an undetectable level.",0,consolidated,"eventually[14,24](virus(t) > c(mid))",1,0.680879,,
"After an initial peak at 7–10 days (during the viremia when infectious virus can be recovered), there is a period of rapid decline coincident with clearance of infectious virus (10–14 days), followed by a rebound with up to a 10-fold increase in RNA levels (14–24 days) and then a slow decline (24–60 days) to an undetectable level.",0,consolidated,"globally[10,14](d_virus(t) < -d_c(high))",1,0.663812,,
"After an initial peak at 7–10 days (during the viremia when infectious virus can be recovered), there is a period of rapid decline coincident with clearance of infectious virus (10–14 days), followed by a rebound with up to a 10-fold increase in RNA levels (14–24 days) and then a slow decline (24–60 days) to an undetectable level.",0,consolidated,"globally[24,60](d_virus(t) < -d_c(low))",1,0.673167,,
We have previously shown that EBOV-specific IgG starts to emerge 3±4 weeks after initial exposure and reaches moderate titres 1 month later.,2,raw,"eventually[21,28](d_igg(t) > d_c(low)) and eventually[30,30](igg(t) = c(mid))",,0.517887,,
We have previously shown that EBOV-specific IgG starts to emerge 3±4 weeks after initial exposure and reaches moderate titres 1 month later.,2,raw,"eventually[21,28](d_il1rn(t) > d_c(low)) and eventually[51,58](il1rn(t) = c(mid))",,0.310614,,
We have previously shown that EBOV-specific IgG starts to emerge 3±4 weeks after initial exposure and reaches moderate titres 1 month later.,2,raw,"eventually[21,28](d_igg(t)=d_c(low)) and eventually[51,58](igg(t)=c(mid))",,0.518186,,
We have previously shown that EBOV-specific IgG starts to emerge 3±4 weeks after initial exposure and reaches moderate titres 1 month later.,2,raw,"eventually[21,28](d_sarscov2(t) > d_c(low)) and eventually[30,inf](sarscov2(t) = c(mid))",,0.25476,,
We have previously shown that EBOV-specific IgG starts to emerge 3±4 weeks after initial exposure and reaches moderate titres 1 month later.,2,raw,"eventually[21,28](d_igg(t) > d_c(low)) and eventually[51,58](igg(t) = c(mid))",,0.504678,,
We have previously shown that EBOV-specific IgG starts to emerge 3±4 weeks after initial exposure and reaches moderate titres 1 month later.,2,raw,"eventually[21,28](d_igg(t) > 0) and eventually[30,30](igg(t) = c(mid))",,0.546674,,
We have previously shown that EBOV-specific IgG starts to emerge 3±4 weeks after initial exposure and reaches moderate titres 1 month later.,2,raw,"eventually[21,28](d_igg(t) > d_c(low)) and eventually[51,61](igg(t) = c(mid))",,0.500099,,
We have previously shown that EBOV-specific IgG starts to emerge 3±4 weeks after initial exposure and reaches moderate titres 1 month later.,2,raw,"eventually[21,28](d_igg(t) > d_c(low)) and eventually[30,30](igg(t) = c(mid))",,0.517887,,
We have previously shown that EBOV-specific IgG starts to emerge 3±4 weeks after initial exposure and reaches moderate titres 1 month later.,2,raw,"eventually[21,28](d_igg(t) > d_c(low)) and eventually[51,58](igg(t) = c(mid))",,0.504678,,
We have previously shown that EBOV-specific IgG starts to emerge 3±4 weeks after initial exposure and reaches moderate titres 1 month later.,2,raw,"eventually[21,28](d_igg(t) > d_c(low)) and eventually[51,61](igg(t) = c(mid))",,0.500099,,
We have previously shown that EBOV-specific IgG starts to emerge 3±4 weeks after initial exposure and reaches moderate titres 1 month later.,2,raw,"eventually[21,28](d_igg(t) > d_c(low)) and eventually[30,31](igg(t) = c(mid))",,0.523557,,
We have previously shown that EBOV-specific IgG starts to emerge 3±4 weeks after initial exposure and reaches moderate titres 1 month later.,2,raw,"eventually[17,31](d_igg(t)=d_c(low)) and eventually[47,61](igg(t)=c(mid))",,0.533193,,
We have previously shown that EBOV-specific IgG starts to emerge 3±4 weeks after initial exposure and reaches moderate titres 1 month later.,2,raw,"eventually[21,28](d_igg(t) > d_c(low)) and eventually[49,inf](igg(t) = c(mid))",,0.511468,,
We have previously shown that EBOV-specific IgG starts to emerge 3±4 weeks after initial exposure and reaches moderate titres 1 month later.,2,raw,"eventually[21,28](d_igg(t) > d_c(low)) and globally[51,inf](igg(t) = c(mid))",,0.49538,,
We have previously shown that EBOV-specific IgG starts to emerge 3±4 weeks after initial exposure and reaches moderate titres 1 month later.,2,raw,"eventually[21,28](d_igg(t) > d_c(low)) and globally[51,58](igg(t) = c(mid))",,0.500363,,
We have previously shown that EBOV-specific IgG starts to emerge 3±4 weeks after initial exposure and reaches moderate titres 1 month later.,2,raw,"eventually[21,28](igg(t) > c(low)) and globally[28,58](igg(t) = c(mid))",,0.537702,,
We have previously shown that EBOV-specific IgG starts to emerge 3±4 weeks after initial exposure and reaches moderate titres 1 month later.,2,raw,"eventually[21,28](d_igg(t) > d_c(low)) and eventually[51,58](igg(t) = c(mid))",,0.504678,,
We have previously shown that EBOV-specific IgG starts to emerge 3±4 weeks after initial exposure and reaches moderate titres 1 month later.,2,raw,"eventually[21,28](d_igg(t) > d_c(low)) and eventually[51,58](igg(t) = c(mid))",,0.504678,,
We have previously shown that EBOV-specific IgG starts to emerge 3±4 weeks after initial exposure and reaches moderate titres 1 month later.,2,raw,"eventually[21,28](igg(t) > c(low)) and globally[60,60](igg(t) = c(mid))",,0.540825,,
We have previously shown that EBOV-specific IgG starts to emerge 3±4 weeks after initial exposure and reaches moderate titres 1 month later.,2,raw,"eventually[21,28](d_igg(t) > d_c(low)) and eventually[51,58](igg(t) = c(mid))",,0.504678,,
We have previously shown that EBOV-specific IgG starts to emerge 3±4 weeks after initial exposure and reaches moderate titres 1 month later.,2,raw,"eventually[21,28]globally(d_igg(t) > d_c(low)) and eventually[51,58]globally(igg(t) = c(mid))",,0.504707,,
We have previously shown that EBOV-specific IgG starts to emerge 3±4 weeks after initial exposure and reaches moderate titres 1 month later.,2,raw,"eventually[21,28](d_igg(t) > d_c(low)) and eventually[51,58](igg(t) = c(mid))",,0.504678,,
We have previously shown that EBOV-specific IgG starts to emerge 3±4 weeks after initial exposure and reaches moderate titres 1 month later.,2,filtered,"eventually[21,28](d_igg(t) > 0) and eventually[30,30](igg(t) = c(mid))",1,0.546674,,
We have previously shown that EBOV-specific IgG starts to emerge 3±4 weeks after initial exposure and reaches moderate titres 1 month later.,2,filtered,"eventually[21,28](d_igg(t) > d_c(low)) and eventually[30,31](igg(t) = c(mid))",1,0.523557,,
We have previously shown that EBOV-specific IgG starts to emerge 3±4 weeks after initial exposure and reaches moderate titres 1 month later.,2,filtered,"eventually[17,31](d_igg(t)=d_c(low)) and eventually[47,61](igg(t)=c(mid))",0,0.533193,,
We have previously shown that EBOV-specific IgG starts to emerge 3±4 weeks after initial exposure and reaches moderate titres 1 month later.,2,filtered,"eventually[21,28](igg(t) > c(low)) and globally[28,58](igg(t) = c(mid))",0,0.537702,,
We have previously shown that EBOV-specific IgG starts to emerge 3±4 weeks after initial exposure and reaches moderate titres 1 month later.,2,filtered,"eventually[21,28](igg(t) > c(low)) and globally[60,60](igg(t) = c(mid))",1,0.540825,,
We have previously shown that EBOV-specific IgG starts to emerge 3±4 weeks after initial exposure and reaches moderate titres 1 month later.,2,consolidated,"eventually[21,28](d_igg(t) > 0)",1,0.553764,,
We have previously shown that EBOV-specific IgG starts to emerge 3±4 weeks after initial exposure and reaches moderate titres 1 month later.,2,consolidated,"eventually[17,31](d_igg(t)=d_c(low))",0,0.543336,,
We have previously shown that EBOV-specific IgG starts to emerge 3±4 weeks after initial exposure and reaches moderate titres 1 month later.,2,consolidated,"eventually[30,31](igg(t) = c(mid))",1,0.529308,,
We have previously shown that EBOV-specific IgG starts to emerge 3±4 weeks after initial exposure and reaches moderate titres 1 month later.,2,consolidated,"eventually[47,61](igg(t)=c(mid))",0,0.489504,,
We have previously shown that EBOV-specific IgG starts to emerge 3±4 weeks after initial exposure and reaches moderate titres 1 month later.,2,consolidated,"eventually[21,28](igg(t) > c(low))",1,0.529303,,
"The IL-1 receptor antagonist (IL-1RA) and the two soluble TNF receptors (sTNFRI and sTNFRII) were found at moderate to high concentrations (3±7 ng/ml IL-1RA versus 1¥6 ng/ml in 10 endemic controls; 1¥3±2¥6 ng/ml sTNFRI versus 1¥8 ng/ml; 3¥5± 7 ng/ml sTNFRII versus 5 ng/ml) 7 days after initial exposure. Values fell two days later to normal endemic control levels, simultaneously with the fall in pro-inflammatory cytokines.",0,raw,"globally[7,9](il1ra(t) > c(mid) and stnfri(t) > c(mid)) and eventually[9,11](d_il1ra(t) = -d_c(high) and d_stnfri(t) = -d_c(high))",,0.554075,,
"The IL-1 receptor antagonist (IL-1RA) and the two soluble TNF receptors (sTNFRI and sTNFRII) were found at moderate to high concentrations (3±7 ng/ml IL-1RA versus 1¥6 ng/ml in 10 endemic controls; 1¥3±2¥6 ng/ml sTNFRI versus 1¥8 ng/ml; 3¥5± 7 ng/ml sTNFRII versus 5 ng/ml) 7 days after initial exposure. Values fell two days later to normal endemic control levels, simultaneously with the fall in pro-inflammatory cytokines.",0,raw,"globally[7,9](il1ra(t) > c(mid) and stnfri(t) > c(mid)) and eventually[9,11](d_il1ra(t) < -d_c(low) and d_stnfri(t) < -d_c(low))",,0.544375,,
"The IL-1 receptor antagonist (IL-1RA) and the two soluble TNF receptors (sTNFRI and sTNFRII) were found at moderate to high concentrations (3±7 ng/ml IL-1RA versus 1¥6 ng/ml in 10 endemic controls; 1¥3±2¥6 ng/ml sTNFRI versus 1¥8 ng/ml; 3¥5± 7 ng/ml sTNFRII versus 5 ng/ml) 7 days after initial exposure. Values fell two days later to normal endemic control levels, simultaneously with the fall in pro-inflammatory cytokines.",0,raw,"globally[7,7](il1ra(t) > c(mid) and stnfri(t) > c(mid)) and eventually[9,9](d_il1ra(t) = -d_c(low) and d_stnfri(t) = -d_c(low))",,0.563566,,
"The IL-1 receptor antagonist (IL-1RA) and the two soluble TNF receptors (sTNFRI and sTNFRII) were found at moderate to high concentrations (3±7 ng/ml IL-1RA versus 1¥6 ng/ml in 10 endemic controls; 1¥3±2¥6 ng/ml sTNFRI versus 1¥8 ng/ml; 3¥5± 7 ng/ml sTNFRII versus 5 ng/ml) 7 days after initial exposure. Values fell two days later to normal endemic control levels, simultaneously with the fall in pro-inflammatory cytokines.",0,raw,"globally[7,9](il1ra(t) > c(mid) and stnfri(t) > c(mid)) and eventually[9,inf]globally(il1ra(t) < c(mid) and stnfri(t) < c(mid))",,0.598498,,
"The IL-1 receptor antagonist (IL-1RA) and the two soluble TNF receptors (sTNFRI and sTNFRII) were found at moderate to high concentrations (3±7 ng/ml IL-1RA versus 1¥6 ng/ml in 10 endemic controls; 1¥3±2¥6 ng/ml sTNFRI versus 1¥8 ng/ml; 3¥5± 7 ng/ml sTNFRII versus 5 ng/ml) 7 days after initial exposure. Values fell two days later to normal endemic control levels, simultaneously with the fall in pro-inflammatory cytokines.",0,raw,"globally[7,7](il1ra(t) > c(mid) and stnfri(t) > c(mid)) and eventually[7,9](d_il1ra(t) < 0 and d_stnfri(t) < 0)",,0.56852,,
"The IL-1 receptor antagonist (IL-1RA) and the two soluble TNF receptors (sTNFRI and sTNFRII) were found at moderate to high concentrations (3±7 ng/ml IL-1RA versus 1¥6 ng/ml in 10 endemic controls; 1¥3±2¥6 ng/ml sTNFRI versus 1¥8 ng/ml; 3¥5± 7 ng/ml sTNFRII versus 5 ng/ml) 7 days after initial exposure. Values fell two days later to normal endemic control levels, simultaneously with the fall in pro-inflammatory cytokines.",0,raw,"globally[7,7](il1ra(t) > c(mid) and stnfri(t) > c(mid)) and eventually[9,9](il1ra(t) = c(low) and stnfri(t) = c(low))",,0.608621,,
"The IL-1 receptor antagonist (IL-1RA) and the two soluble TNF receptors (sTNFRI and sTNFRII) were found at moderate to high concentrations (3±7 ng/ml IL-1RA versus 1¥6 ng/ml in 10 endemic controls; 1¥3±2¥6 ng/ml sTNFRI versus 1¥8 ng/ml; 3¥5± 7 ng/ml sTNFRII versus 5 ng/ml) 7 days after initial exposure. Values fell two days later to normal endemic control levels, simultaneously with the fall in pro-inflammatory cytokines.",0,raw,"globally[7,7](il1ra(t) > c(mid) and stnfri(t) > c(high)) and globally[9,9](d_il1ra(t) < 0 and d_stnfri(t) < 0)",,0.561304,,
"The IL-1 receptor antagonist (IL-1RA) and the two soluble TNF receptors (sTNFRI and sTNFRII) were found at moderate to high concentrations (3±7 ng/ml IL-1RA versus 1¥6 ng/ml in 10 endemic controls; 1¥3±2¥6 ng/ml sTNFRI versus 1¥8 ng/ml; 3¥5± 7 ng/ml sTNFRII versus 5 ng/ml) 7 days after initial exposure. Values fell two days later to normal endemic control levels, simultaneously with the fall in pro-inflammatory cytokines.",0,raw,"globally[7,7](il1ra(t) > c(mid) and stnfrii(t) > c(mid)) and eventually[7,9]globally(d_il1ra(t) = -d_c(low) and d_stnfrii(t) = -d_c(low))",,0.573282,,
"The IL-1 receptor antagonist (IL-1RA) and the two soluble TNF receptors (sTNFRI and sTNFRII) were found at moderate to high concentrations (3±7 ng/ml IL-1RA versus 1¥6 ng/ml in 10 endemic controls; 1¥3±2¥6 ng/ml sTNFRI versus 1¥8 ng/ml; 3¥5± 7 ng/ml sTNFRII versus 5 ng/ml) 7 days after initial exposure. Values fell two days later to normal endemic control levels, simultaneously with the fall in pro-inflammatory cytokines.",0,raw,"globally[7,7](il1ra(t) > c(mid) and stnfri(t) > c(mid)) and eventually[9,9](il1ra(t) = c(low) and stnfri(t) = c(low)) and eventually[9,9](d_il1ra(t) < 0 and d_stnfri(t) < 0)",,0.584357,,
"The IL-1 receptor antagonist (IL-1RA) and the two soluble TNF receptors (sTNFRI and sTNFRII) were found at moderate to high concentrations (3±7 ng/ml IL-1RA versus 1¥6 ng/ml in 10 endemic controls; 1¥3±2¥6 ng/ml sTNFRI versus 1¥8 ng/ml; 3¥5± 7 ng/ml sTNFRII versus 5 ng/ml) 7 days after initial exposure. Values fell two days later to normal endemic control levels, simultaneously with the fall in pro-inflammatory cytokines.",0,raw,"globally[7,7](il1ra(t) = c(mid) and stnfri(t) = c(mid)) and eventually[7,9](d_il1ra(t) = -d_c(low) and d_stnfri(t) = -d_c(low))",,0.565585,,
"The IL-1 receptor antagonist (IL-1RA) and the two soluble TNF receptors (sTNFRI and sTNFRII) were found at moderate to high concentrations (3±7 ng/ml IL-1RA versus 1¥6 ng/ml in 10 endemic controls; 1¥3±2¥6 ng/ml sTNFRI versus 1¥8 ng/ml; 3¥5± 7 ng/ml sTNFRII versus 5 ng/ml) 7 days after initial exposure. Values fell two days later to normal endemic control levels, simultaneously with the fall in pro-inflammatory cytokines.",0,raw,"globally[7,8](il1ra(t) > c(mid) and stnfri(t) > c(mid)) and eventually[9,9](d_il1ra(t) < -d_c(low) and d_stnfri(t) < -d_c(low))",,0.559408,,
"The IL-1 receptor antagonist (IL-1RA) and the two soluble TNF receptors (sTNFRI and sTNFRII) were found at moderate to high concentrations (3±7 ng/ml IL-1RA versus 1¥6 ng/ml in 10 endemic controls; 1¥3±2¥6 ng/ml sTNFRI versus 1¥8 ng/ml; 3¥5± 7 ng/ml sTNFRII versus 5 ng/ml) 7 days after initial exposure. Values fell two days later to normal endemic control levels, simultaneously with the fall in pro-inflammatory cytokines.",0,filtered,"globally[7,9](il1ra(t) > c(mid) and stnfri(t) > c(mid)) and eventually[9,inf]globally(il1ra(t) < c(mid) and stnfri(t) < c(mid))",1,0.598498,,
"The IL-1 receptor antagonist (IL-1RA) and the two soluble TNF receptors (sTNFRI and sTNFRII) were found at moderate to high concentrations (3±7 ng/ml IL-1RA versus 1¥6 ng/ml in 10 endemic controls; 1¥3±2¥6 ng/ml sTNFRI versus 1¥8 ng/ml; 3¥5± 7 ng/ml sTNFRII versus 5 ng/ml) 7 days after initial exposure. Values fell two days later to normal endemic control levels, simultaneously with the fall in pro-inflammatory cytokines.",0,filtered,"globally[7,7](il1ra(t) > c(mid) and stnfri(t) > c(mid)) and eventually[9,9](il1ra(t) = c(low) and stnfri(t) = c(low))",1,0.608621,,
"The IL-1 receptor antagonist (IL-1RA) and the two soluble TNF receptors (sTNFRI and sTNFRII) were found at moderate to high concentrations (3±7 ng/ml IL-1RA versus 1¥6 ng/ml in 10 endemic controls; 1¥3±2¥6 ng/ml sTNFRI versus 1¥8 ng/ml; 3¥5± 7 ng/ml sTNFRII versus 5 ng/ml) 7 days after initial exposure. Values fell two days later to normal endemic control levels, simultaneously with the fall in pro-inflammatory cytokines.",0,filtered,"globally[7,7](il1ra(t) > c(mid) and stnfri(t) > c(mid)) and eventually[9,9](il1ra(t) = c(low) and stnfri(t) = c(low)) and eventually[9,9](d_il1ra(t) < 0 and d_stnfri(t) < 0)",1,0.584357,,
"The IL-1 receptor antagonist (IL-1RA) and the two soluble TNF receptors (sTNFRI and sTNFRII) were found at moderate to high concentrations (3±7 ng/ml IL-1RA versus 1¥6 ng/ml in 10 endemic controls; 1¥3±2¥6 ng/ml sTNFRI versus 1¥8 ng/ml; 3¥5± 7 ng/ml sTNFRII versus 5 ng/ml) 7 days after initial exposure. Values fell two days later to normal endemic control levels, simultaneously with the fall in pro-inflammatory cytokines.",0,consolidated,"eventually[9,inf]globally(il1ra(t) < c(mid) and stnfri(t) < c(mid))",1,0.581144,,
"The IL-1 receptor antagonist (IL-1RA) and the two soluble TNF receptors (sTNFRI and sTNFRII) were found at moderate to high concentrations (3±7 ng/ml IL-1RA versus 1¥6 ng/ml in 10 endemic controls; 1¥3±2¥6 ng/ml sTNFRI versus 1¥8 ng/ml; 3¥5± 7 ng/ml sTNFRII versus 5 ng/ml) 7 days after initial exposure. Values fell two days later to normal endemic control levels, simultaneously with the fall in pro-inflammatory cytokines.",0,consolidated,"globally[7,7](il1ra(t) > c(mid) and stnfri(t) > c(mid))",1,0.591979,,
"The IL-1 receptor antagonist (IL-1RA) and the two soluble TNF receptors (sTNFRI and sTNFRII) were found at moderate to high concentrations (3±7 ng/ml IL-1RA versus 1¥6 ng/ml in 10 endemic controls; 1¥3±2¥6 ng/ml sTNFRI versus 1¥8 ng/ml; 3¥5± 7 ng/ml sTNFRII versus 5 ng/ml) 7 days after initial exposure. Values fell two days later to normal endemic control levels, simultaneously with the fall in pro-inflammatory cytokines.",0,consolidated,"eventually[9,9](il1ra(t) = c(low) and stnfri(t) = c(low))",1,0.562448,,
"The IL-1 receptor antagonist (IL-1RA) and the two soluble TNF receptors (sTNFRI and sTNFRII) were found at moderate to high concentrations (3±7 ng/ml IL-1RA versus 1¥6 ng/ml in 10 endemic controls; 1¥3±2¥6 ng/ml sTNFRI versus 1¥8 ng/ml; 3¥5± 7 ng/ml sTNFRII versus 5 ng/ml) 7 days after initial exposure. Values fell two days later to normal endemic control levels, simultaneously with the fall in pro-inflammatory cytokines.",0,consolidated,"eventually[9,9](d_il1ra(t) < 0 and d_stnfri(t) < 0)",1,0.519498,,
"Expression of IFNγ mRNA increased at the same time as the other cytokines (i.e. 9 days after initial exposure), but only declined in the final samples (more than 3 weeks after initial exposure) (Fig. 4a).",2,raw,"eventually[9,9](d_ifnγ(t) > d_c(low)) and globally[21,inf](d_ifnγ(t) < 0)",,0.521507,,
"Expression of IFNγ mRNA increased at the same time as the other cytokines (i.e. 9 days after initial exposure), but only declined in the final samples (more than 3 weeks after initial exposure) (Fig. 4a).",2,raw,"eventually[9,21](d_ifnγ(t) > d_c(low)) and eventually[21,inf](d_ifnγ(t) < -d_c(low))",,0.53341,,
"Expression of IFNγ mRNA increased at the same time as the other cytokines (i.e. 9 days after initial exposure), but only declined in the final samples (more than 3 weeks after initial exposure) (Fig. 4a).",2,raw,"globally[9,21](d_ifnγ(t)=d_c(high)) and globally[21,inf](d_ifnγ(t)<0)",,0.497404,,
"Expression of IFNγ mRNA increased at the same time as the other cytokines (i.e. 9 days after initial exposure), but only declined in the final samples (more than 3 weeks after initial exposure) (Fig. 4a).",2,raw,"eventually[9,21](d_ifnγ(t) > d_c(low)) and eventually[21,inf](d_ifnγ(t) < -d_c(low))",,0.53341,,
"Expression of IFNγ mRNA increased at the same time as the other cytokines (i.e. 9 days after initial exposure), but only declined in the final samples (more than 3 weeks after initial exposure) (Fig. 4a).",2,raw,"eventually[9,10](d_ifnγ(t) > d_c(low)) and eventually[21,inf](d_ifnγ(t) < -d_c(low))",,0.535511,,
"Expression of IFNγ mRNA increased at the same time as the other cytokines (i.e. 9 days after initial exposure), but only declined in the final samples (more than 3 weeks after initial exposure) (Fig. 4a).",2,raw,"eventually[9,21](d_ifnγ(t) > d_c(low)) and eventually[21,inf](d_ifnγ(t) < -d_c(low))",,0.53341,,
"Expression of IFNγ mRNA increased at the same time as the other cytokines (i.e. 9 days after initial exposure), but only declined in the final samples (more than 3 weeks after initial exposure) (Fig. 4a).",2,raw,"eventually[9,9](d_ifnγ(t) > d_c(low)) and eventually[21,inf](d_ifnγ(t) < -d_c(low))",,0.532477,,
"Expression of IFNγ mRNA increased at the same time as the other cytokines (i.e. 9 days after initial exposure), but only declined in the final samples (more than 3 weeks after initial exposure) (Fig. 4a).",2,raw,"eventually[9,21](d_ifnγ(t) > d_c(low)) and eventually[21,inf](d_ifnγ(t) < -d_c(low))",,0.53341,,
"Expression of IFNγ mRNA increased at the same time as the other cytokines (i.e. 9 days after initial exposure), but only declined in the final samples (more than 3 weeks after initial exposure) (Fig. 4a).",2,raw,"eventually[9,9](d_ifnγ(t) = d_c(high)) and eventually[21,inf](d_ifnγ(t) = -d_c(low))",,0.509965,,
"Expression of IFNγ mRNA increased at the same time as the other cytokines (i.e. 9 days after initial exposure), but only declined in the final samples (more than 3 weeks after initial exposure) (Fig. 4a).",2,raw,"eventually[9,9](d_ifnγ(t) = d_c(high)) and eventually[21,inf](d_ifnγ(t) = -d_c(high))",,0.516247,,
"Expression of IFNγ mRNA increased at the same time as the other cytokines (i.e. 9 days after initial exposure), but only declined in the final samples (more than 3 weeks after initial exposure) (Fig. 4a).",2,raw,"eventually[9,21](d_ifnγ(t) > d_c(low)) and eventually[21,inf](d_ifnγ(t) < -d_c(low))",,0.53341,,
"Expression of IFNγ mRNA increased at the same time as the other cytokines (i.e. 9 days after initial exposure), but only declined in the final samples (more than 3 weeks after initial exposure) (Fig. 4a).",2,raw,"eventually[9,9](d_ifnγ(t) > 0) and eventually[21,inf](d_ifnγ(t) < 0)",,0.516402,,
"Expression of IFNγ mRNA increased at the same time as the other cytokines (i.e. 9 days after initial exposure), but only declined in the final samples (more than 3 weeks after initial exposure) (Fig. 4a).",2,raw,"globally[9,21](d_ifnγ(t) > d_c(low)) and eventually[21,inf](d_ifnγ(t) < -d_c(low))",,0.52258,,
"Expression of IFNγ mRNA increased at the same time as the other cytokines (i.e. 9 days after initial exposure), but only declined in the final samples (more than 3 weeks after initial exposure) (Fig. 4a).",2,raw,"eventually[9,21](d_ifnγ(t) = d_c(high)) and eventually[21,inf](d_ifnγ(t) < 0)",,0.519885,,
"Expression of IFNγ mRNA increased at the same time as the other cytokines (i.e. 9 days after initial exposure), but only declined in the final samples (more than 3 weeks after initial exposure) (Fig. 4a).",2,raw,"eventually[9,21](d_ifnγ(t) = d_c(high)) and eventually[21,inf](d_ifnγ(t) = -d_c(low))",,0.510712,,
"Expression of IFNγ mRNA increased at the same time as the other cytokines (i.e. 9 days after initial exposure), but only declined in the final samples (more than 3 weeks after initial exposure) (Fig. 4a).",2,raw,"eventually[9,21](d_ifnγ(t) = d_c(high)) and eventually[22,inf](d_ifnγ(t) < 0)",,0.520811,,
"Expression of IFNγ mRNA increased at the same time as the other cytokines (i.e. 9 days after initial exposure), but only declined in the final samples (more than 3 weeks after initial exposure) (Fig. 4a).",2,raw,"eventually[9,21](d_ifnγ(t) > d_c(low)) and eventually[21,inf](d_ifnγ(t) < -d_c(low))",,0.53341,,
"Expression of IFNγ mRNA increased at the same time as the other cytokines (i.e. 9 days after initial exposure), but only declined in the final samples (more than 3 weeks after initial exposure) (Fig. 4a).",2,filtered,"eventually[9,21](d_ifnγ(t) > d_c(low)) and eventually[21,inf](d_ifnγ(t) < -d_c(low))",0,0.53341,,
"Expression of IFNγ mRNA increased at the same time as the other cytokines (i.e. 9 days after initial exposure), but only declined in the final samples (more than 3 weeks after initial exposure) (Fig. 4a).",2,filtered,"eventually[9,21](d_ifnγ(t) > d_c(low)) and eventually[21,inf](d_ifnγ(t) < -d_c(low))",0,0.53341,,
"Expression of IFNγ mRNA increased at the same time as the other cytokines (i.e. 9 days after initial exposure), but only declined in the final samples (more than 3 weeks after initial exposure) (Fig. 4a).",2,filtered,"eventually[9,10](d_ifnγ(t) > d_c(low)) and eventually[21,inf](d_ifnγ(t) < -d_c(low))",1,0.535511,,
"Expression of IFNγ mRNA increased at the same time as the other cytokines (i.e. 9 days after initial exposure), but only declined in the final samples (more than 3 weeks after initial exposure) (Fig. 4a).",2,filtered,"eventually[9,21](d_ifnγ(t) > d_c(low)) and eventually[21,inf](d_ifnγ(t) < -d_c(low))",0,0.53341,,
"Expression of IFNγ mRNA increased at the same time as the other cytokines (i.e. 9 days after initial exposure), but only declined in the final samples (more than 3 weeks after initial exposure) (Fig. 4a).",2,filtered,"eventually[9,21](d_ifnγ(t) > d_c(low)) and eventually[21,inf](d_ifnγ(t) < -d_c(low))",0,0.53341,,
"Expression of IFNγ mRNA increased at the same time as the other cytokines (i.e. 9 days after initial exposure), but only declined in the final samples (more than 3 weeks after initial exposure) (Fig. 4a).",2,filtered,"eventually[9,21](d_ifnγ(t) > d_c(low)) and eventually[21,inf](d_ifnγ(t) < -d_c(low))",0,0.53341,,
"Expression of IFNγ mRNA increased at the same time as the other cytokines (i.e. 9 days after initial exposure), but only declined in the final samples (more than 3 weeks after initial exposure) (Fig. 4a).",2,filtered,"eventually[9,21](d_ifnγ(t) > d_c(low)) and eventually[21,inf](d_ifnγ(t) < -d_c(low))",0,0.53341,,
"Expression of IFNγ mRNA increased at the same time as the other cytokines (i.e. 9 days after initial exposure), but only declined in the final samples (more than 3 weeks after initial exposure) (Fig. 4a).",2,consolidated,"eventually[9,21](d_ifnγ(t) > d_c(low))",0,0.566652,,
"Expression of IFNγ mRNA increased at the same time as the other cytokines (i.e. 9 days after initial exposure), but only declined in the final samples (more than 3 weeks after initial exposure) (Fig. 4a).",2,consolidated,"eventually[21,inf](d_ifnγ(t) < -d_c(low))",1,0.549512,,
"We therefore first investigated B-cell dynamics via staining CD19, CD24 and CD38 (Fig. 4a) and observed a peak in the number of plasmablasts (CD19+ CD24− CD38+) at day 7 (Fig. 4b).",0,raw,"eventually[0,7](d_cd19(t) > d_c(high) and d_cd24(t) < -d_c(high))",,0.334564,,
"We therefore first investigated B-cell dynamics via staining CD19, CD24 and CD38 (Fig. 4a) and observed a peak in the number of plasmablasts (CD19+ CD24− CD38+) at day 7 (Fig. 4b).",0,raw,"globally[7,7](cd19(t)=c(high) and cd24(t) < c(high))",,0.381094,,
"We therefore first investigated B-cell dynamics via staining CD19, CD24 and CD38 (Fig. 4a) and observed a peak in the number of plasmablasts (CD19+ CD24− CD38+) at day 7 (Fig. 4b).",0,raw,"cd19(t)=c(high) and cd24(t)=c(low) and cd38(t)=c(high) and eventually[7,7](bcells(t)=c(high))",,0.624882,,
"We therefore first investigated B-cell dynamics via staining CD19, CD24 and CD38 (Fig. 4a) and observed a peak in the number of plasmablasts (CD19+ CD24− CD38+) at day 7 (Fig. 4b).",0,raw,"eventually[0,7](bcells(t) = c(high))",,0.559692,,
"We therefore first investigated B-cell dynamics via staining CD19, CD24 and CD38 (Fig. 4a) and observed a peak in the number of plasmablasts (CD19+ CD24− CD38+) at day 7 (Fig. 4b).",0,raw,"eventually[0,7](sarscov2(t) = c(high))",,0.196179,,
"We therefore first investigated B-cell dynamics via staining CD19, CD24 and CD38 (Fig. 4a) and observed a peak in the number of plasmablasts (CD19+ CD24− CD38+) at day 7 (Fig. 4b).",0,raw,"eventually[0,7](bcells(t) = c(high))",,0.559692,,
"We therefore first investigated B-cell dynamics via staining CD19, CD24 and CD38 (Fig. 4a) and observed a peak in the number of plasmablasts (CD19+ CD24− CD38+) at day 7 (Fig. 4b).",0,raw,"eventually[7,7](cd19(t) > c(mid) and cd24(t) < c(mid))",,0.376238,,
"We therefore first investigated B-cell dynamics via staining CD19, CD24 and CD38 (Fig. 4a) and observed a peak in the number of plasmablasts (CD19+ CD24− CD38+) at day 7 (Fig. 4b).",0,raw,"eventually[0,7](bcells(t) > c(high))",,0.562649,,
"We therefore first investigated B-cell dynamics via staining CD19, CD24 and CD38 (Fig. 4a) and observed a peak in the number of plasmablasts (CD19+ CD24− CD38+) at day 7 (Fig. 4b).",0,raw,"eventually[7,7](cd19(t) > c(high) and cd24(t) < c(low))",,0.377655,,
"We therefore first investigated B-cell dynamics via staining CD19, CD24 and CD38 (Fig. 4a) and observed a peak in the number of plasmablasts (CD19+ CD24− CD38+) at day 7 (Fig. 4b).",0,raw,"eventually[7,7](cd19(t) > c(high) and cd24(t) < c(high))",,0.382698,,
"We therefore first investigated B-cell dynamics via staining CD19, CD24 and CD38 (Fig. 4a) and observed a peak in the number of plasmablasts (CD19+ CD24− CD38+) at day 7 (Fig. 4b).",0,raw,"eventually[0,7](d_cd19(t) > d_c(low) and d_cd24(t) < -d_c(low)) and cd19(t) > c(mid) and cd24(t) < c(mid) and cd38(t) > c(mid)",,0.381515,,
"We therefore first investigated B-cell dynamics via staining CD19, CD24 and CD38 (Fig. 4a) and observed a peak in the number of plasmablasts (CD19+ CD24− CD38+) at day 7 (Fig. 4b).",0,raw,"globally[7,7](cd19(t) = c(high) and cd24(t) < c(high))",,0.381094,,
"We therefore first investigated B-cell dynamics via staining CD19, CD24 and CD38 (Fig. 4a) and observed a peak in the number of plasmablasts (CD19+ CD24− CD38+) at day 7 (Fig. 4b).",0,raw,"eventually[7,7](cd19(t) > c(mid) and cd24(t) < c(mid))",,0.376238,,
"We therefore first investigated B-cell dynamics via staining CD19, CD24 and CD38 (Fig. 4a) and observed a peak in the number of plasmablasts (CD19+ CD24− CD38+) at day 7 (Fig. 4b).",0,raw,cd19(t) > c(low) and cd24(t) < c(low) and cd38(t) > c(low),,0.341365,,
"We therefore first investigated B-cell dynamics via staining CD19, CD24 and CD38 (Fig. 4a) and observed a peak in the number of plasmablasts (CD19+ CD24− CD38+) at day 7 (Fig. 4b).",0,raw,"eventually[7,7](bcells(t) = c(high))",,0.559218,,
"We therefore first investigated B-cell dynamics via staining CD19, CD24 and CD38 (Fig. 4a) and observed a peak in the number of plasmablasts (CD19+ CD24− CD38+) at day 7 (Fig. 4b).",0,raw,"eventually[0,7](d_cd19(t) > d_c(high) and d_cd24(t) < -d_c(high)) and cd19(t) = c(high) and cd24(t) = c(low) and cd38(t) = c(high)",,0.379978,,
"We therefore first investigated B-cell dynamics via staining CD19, CD24 and CD38 (Fig. 4a) and observed a peak in the number of plasmablasts (CD19+ CD24− CD38+) at day 7 (Fig. 4b).",0,raw,"eventually[7,7](bcells(t) = c(high))",,0.559218,,
"We therefore first investigated B-cell dynamics via staining CD19, CD24 and CD38 (Fig. 4a) and observed a peak in the number of plasmablasts (CD19+ CD24− CD38+) at day 7 (Fig. 4b).",0,filtered,"cd19(t)=c(high) and cd24(t)=c(low) and cd38(t)=c(high) and eventually[7,7](bcells(t)=c(high))",0,0.624882,,
"We therefore first investigated B-cell dynamics via staining CD19, CD24 and CD38 (Fig. 4a) and observed a peak in the number of plasmablasts (CD19+ CD24− CD38+) at day 7 (Fig. 4b).",0,filtered,"eventually[0,7](bcells(t) = c(high))",0,0.559692,,
"We therefore first investigated B-cell dynamics via staining CD19, CD24 and CD38 (Fig. 4a) and observed a peak in the number of plasmablasts (CD19+ CD24− CD38+) at day 7 (Fig. 4b).",0,filtered,"eventually[0,7](bcells(t) = c(high))",0,0.559692,,
"We therefore first investigated B-cell dynamics via staining CD19, CD24 and CD38 (Fig. 4a) and observed a peak in the number of plasmablasts (CD19+ CD24− CD38+) at day 7 (Fig. 4b).",0,filtered,"eventually[0,7](bcells(t) > c(high))",0,0.562649,,
"We therefore first investigated B-cell dynamics via staining CD19, CD24 and CD38 (Fig. 4a) and observed a peak in the number of plasmablasts (CD19+ CD24− CD38+) at day 7 (Fig. 4b).",0,consolidated,cd19(t)=c(high),0,0.277345,,
"We therefore first investigated B-cell dynamics via staining CD19, CD24 and CD38 (Fig. 4a) and observed a peak in the number of plasmablasts (CD19+ CD24− CD38+) at day 7 (Fig. 4b).",0,consolidated,cd24(t)=c(low),0,0.294749,,
"We therefore first investigated B-cell dynamics via staining CD19, CD24 and CD38 (Fig. 4a) and observed a peak in the number of plasmablasts (CD19+ CD24− CD38+) at day 7 (Fig. 4b).",0,consolidated,cd38(t)=c(high),0,0.255828,,
"We therefore first investigated B-cell dynamics via staining CD19, CD24 and CD38 (Fig. 4a) and observed a peak in the number of plasmablasts (CD19+ CD24− CD38+) at day 7 (Fig. 4b).",0,consolidated,"eventually[0,7](bcells(t) = c(high))",0,0.559692,,
"We therefore first investigated B-cell dynamics via staining CD19, CD24 and CD38 (Fig. 4a) and observed a peak in the number of plasmablasts (CD19+ CD24− CD38+) at day 7 (Fig. 4b).",0,consolidated,"eventually[0,7](bcells(t) > c(high))",0,0.562649,,
"In line with the cytokine responses, expression of CD107a by CD8+ T cells was increased at day 56 post vaccination in the highest dose cohort following stimulation with Ebola GP OLP-pools (Fig. 6a).",0,raw,"eventually[56,56](cd107a(t) > c(high))",,0.344389,,
"In line with the cytokine responses, expression of CD107a by CD8+ T cells was increased at day 56 post vaccination in the highest dose cohort following stimulation with Ebola GP OLP-pools (Fig. 6a).",0,raw,"eventually[56,56]globally(d_cd107a(t) > 0)",,0.39908,,
"In line with the cytokine responses, expression of CD107a by CD8+ T cells was increased at day 56 post vaccination in the highest dose cohort following stimulation with Ebola GP OLP-pools (Fig. 6a).",0,raw,"eventually[56,56](cd107a(t) > c(high))",,0.344389,,
"In line with the cytokine responses, expression of CD107a by CD8+ T cells was increased at day 56 post vaccination in the highest dose cohort following stimulation with Ebola GP OLP-pools (Fig. 6a).",0,raw,"eventually[56,56](d_cd107a(t) = d_c(high))",,0.385058,,
"In line with the cytokine responses, expression of CD107a by CD8+ T cells was increased at day 56 post vaccination in the highest dose cohort following stimulation with Ebola GP OLP-pools (Fig. 6a).",0,raw,"eventually[56,56](d_cd107a(t) = d_c(high))",,0.385058,,
"In line with the cytokine responses, expression of CD107a by CD8+ T cells was increased at day 56 post vaccination in the highest dose cohort following stimulation with Ebola GP OLP-pools (Fig. 6a).",0,raw,"eventually[56,inf](d_cd107a(t) > d_c(low))",,0.389858,,
"In line with the cytokine responses, expression of CD107a by CD8+ T cells was increased at day 56 post vaccination in the highest dose cohort following stimulation with Ebola GP OLP-pools (Fig. 6a).",0,raw,"eventually[56,inf](cd107a(t) > c(high))",,0.357459,,
"In line with the cytokine responses, expression of CD107a by CD8+ T cells was increased at day 56 post vaccination in the highest dose cohort following stimulation with Ebola GP OLP-pools (Fig. 6a).",0,raw,"eventually[56,56](d_cd107a(t) = d_c(high))",,0.385058,,
"In line with the cytokine responses, expression of CD107a by CD8+ T cells was increased at day 56 post vaccination in the highest dose cohort following stimulation with Ebola GP OLP-pools (Fig. 6a).",0,raw,"eventually[56,56](d_cd107a(t) = d_c(high))",,0.385058,,
"In line with the cytokine responses, expression of CD107a by CD8+ T cells was increased at day 56 post vaccination in the highest dose cohort following stimulation with Ebola GP OLP-pools (Fig. 6a).",0,raw,"eventually[0,56](d_cd107a(t) > d_c(low)) and globally[56,inf](cd107a(t) > c(mid))",,0.347791,,
"In line with the cytokine responses, expression of CD107a by CD8+ T cells was increased at day 56 post vaccination in the highest dose cohort following stimulation with Ebola GP OLP-pools (Fig. 6a).",0,raw,"eventually[56,56](d_cd107a(t) > d_c(high))",,0.386775,,
"In line with the cytokine responses, expression of CD107a by CD8+ T cells was increased at day 56 post vaccination in the highest dose cohort following stimulation with Ebola GP OLP-pools (Fig. 6a).",0,raw,"eventually[56,56](d_cd107a(t) = d_c(high))",,0.385058,,
"In line with the cytokine responses, expression of CD107a by CD8+ T cells was increased at day 56 post vaccination in the highest dose cohort following stimulation with Ebola GP OLP-pools (Fig. 6a).",0,raw,"globally[56,56](cd107a(t) > c(high))",,0.346985,,
"In line with the cytokine responses, expression of CD107a by CD8+ T cells was increased at day 56 post vaccination in the highest dose cohort following stimulation with Ebola GP OLP-pools (Fig. 6a).",0,raw,"eventually[0,56](d_cd107a(t) > d_c(low)) and cd107a(t) > c(high)",,0.378627,,
"In line with the cytokine responses, expression of CD107a by CD8+ T cells was increased at day 56 post vaccination in the highest dose cohort following stimulation with Ebola GP OLP-pools (Fig. 6a).",0,raw,"eventually[56,56](d_cd107a(t) > 0)",,0.415039,,
"In line with the cytokine responses, expression of CD107a by CD8+ T cells was increased at day 56 post vaccination in the highest dose cohort following stimulation with Ebola GP OLP-pools (Fig. 6a).",0,raw,"eventually[56,56](d_cd107a(t) > d_c(low))",,0.377311,,
"In line with the cytokine responses, expression of CD107a by CD8+ T cells was increased at day 56 post vaccination in the highest dose cohort following stimulation with Ebola GP OLP-pools (Fig. 6a).",0,raw,"eventually[56,56](d_cd107a(t) > d_c(low))",,0.377311,,
"In line with the cytokine responses, expression of CD107a by CD8+ T cells was increased at day 56 post vaccination in the highest dose cohort following stimulation with Ebola GP OLP-pools (Fig. 6a).",0,raw,"eventually[56,56](d_cd107a(t) > d_c(low))",,0.377311,,
"In line with the cytokine responses, expression of CD107a by CD8+ T cells was increased at day 56 post vaccination in the highest dose cohort following stimulation with Ebola GP OLP-pools (Fig. 6a).",0,raw,"eventually[56,inf]globally(cd107a(t) = c(high))",,0.347542,,
"In line with the cytokine responses, expression of CD107a by CD8+ T cells was increased at day 56 post vaccination in the highest dose cohort following stimulation with Ebola GP OLP-pools (Fig. 6a).",0,raw,"eventually[56,56](d_cd107a(t) = d_c(high))",,0.385058,,
"In line with the cytokine responses, expression of CD107a by CD8+ T cells was increased at day 56 post vaccination in the highest dose cohort following stimulation with Ebola GP OLP-pools (Fig. 6a).",0,raw,cd107a(t) > c(high),,0.346476,,
"In line with the cytokine responses, expression of CD107a by CD8+ T cells was increased at day 56 post vaccination in the highest dose cohort following stimulation with Ebola GP OLP-pools (Fig. 6a).",0,raw,"eventually[56,56](d_cd107a(t) > d_c(low))",,0.377311,,
"In line with the cytokine responses, expression of CD107a by CD8+ T cells was increased at day 56 post vaccination in the highest dose cohort following stimulation with Ebola GP OLP-pools (Fig. 6a).",0,raw,"eventually[56,56](d_cd107a(t) > 0)",,0.415039,,
"In line with the cytokine responses, expression of CD107a by CD8+ T cells was increased at day 56 post vaccination in the highest dose cohort following stimulation with Ebola GP OLP-pools (Fig. 6a).",0,raw,d_cd107a(t) > 0,,0.412524,,
"In line with the cytokine responses, expression of CD107a by CD8+ T cells was increased at day 56 post vaccination in the highest dose cohort following stimulation with Ebola GP OLP-pools (Fig. 6a).",0,raw,"eventually[56,56](d_cd107a(t) > d_c(low))",,0.377311,,
"In line with the cytokine responses, expression of CD107a by CD8+ T cells was increased at day 56 post vaccination in the highest dose cohort following stimulation with Ebola GP OLP-pools (Fig. 6a).",0,raw,"eventually[0,56](d_cd107a(t) > d_c(low))",,0.380169,,
"In line with the cytokine responses, expression of CD107a by CD8+ T cells was increased at day 56 post vaccination in the highest dose cohort following stimulation with Ebola GP OLP-pools (Fig. 6a).",0,raw,"eventually[56,56](cd107a(t) > c(high))",,0.344389,,
"In line with the cytokine responses, expression of CD107a by CD8+ T cells was increased at day 56 post vaccination in the highest dose cohort following stimulation with Ebola GP OLP-pools (Fig. 6a).",0,filtered,"eventually[56,56]globally(d_cd107a(t) > 0)",1,0.39908,,
"In line with the cytokine responses, expression of CD107a by CD8+ T cells was increased at day 56 post vaccination in the highest dose cohort following stimulation with Ebola GP OLP-pools (Fig. 6a).",0,filtered,"eventually[56,inf](d_cd107a(t) > d_c(low))",0,0.389858,,
"In line with the cytokine responses, expression of CD107a by CD8+ T cells was increased at day 56 post vaccination in the highest dose cohort following stimulation with Ebola GP OLP-pools (Fig. 6a).",0,filtered,"eventually[56,56](d_cd107a(t) > d_c(high))",1,0.386775,,
"In line with the cytokine responses, expression of CD107a by CD8+ T cells was increased at day 56 post vaccination in the highest dose cohort following stimulation with Ebola GP OLP-pools (Fig. 6a).",0,filtered,"eventually[56,56](d_cd107a(t) > 0)",1,0.415039,,
"In line with the cytokine responses, expression of CD107a by CD8+ T cells was increased at day 56 post vaccination in the highest dose cohort following stimulation with Ebola GP OLP-pools (Fig. 6a).",0,filtered,"eventually[56,56](d_cd107a(t) > 0)",1,0.415039,,
"In line with the cytokine responses, expression of CD107a by CD8+ T cells was increased at day 56 post vaccination in the highest dose cohort following stimulation with Ebola GP OLP-pools (Fig. 6a).",0,filtered,d_cd107a(t) > 0,0,0.412524,,
"In line with the cytokine responses, expression of CD107a by CD8+ T cells was increased at day 56 post vaccination in the highest dose cohort following stimulation with Ebola GP OLP-pools (Fig. 6a).",0,consolidated,"eventually[56,56](d_cd107a(t) > 0)",1,0.415039,,
"In line with the cytokine responses, expression of CD107a by CD8+ T cells was increased at day 56 post vaccination in the highest dose cohort following stimulation with Ebola GP OLP-pools (Fig. 6a).",0,consolidated,d_cd107a(t) > 0,0,0.412524,,
"In following up of viremia, there was no viral RNA detected in the plasma of group A and group B animals on day 2, while on day 3 viral RNA loads were measurable in almost all assayed animals and increased thereafter.",1,raw,"virus(t) < c(low) and eventually[3,inf](virus(t) > c(low) and d_virus(t) > 0)",,0.57473,,
"In following up of viremia, there was no viral RNA detected in the plasma of group A and group B animals on day 2, while on day 3 viral RNA loads were measurable in almost all assayed animals and increased thereafter.",1,raw,"globally[2,2](virus(t) < c(low)) and globally[3,inf](virus(t) > c(low) and d_virus(t) > 0)",,0.571303,,
"In following up of viremia, there was no viral RNA detected in the plasma of group A and group B animals on day 2, while on day 3 viral RNA loads were measurable in almost all assayed animals and increased thereafter.",1,raw,"globally[2,2](virus(t) < c(low)) and eventually[3,3](virus(t) > c(low)) and globally[3,inf](d_virus(t) > 0)",,0.566678,,
"In following up of viremia, there was no viral RNA detected in the plasma of group A and group B animals on day 2, while on day 3 viral RNA loads were measurable in almost all assayed animals and increased thereafter.",1,raw,"globally[2,2](virus(t) < c(low)) and globally[3,3](virus(t) > c(low)) and globally[3,inf](d_virus(t) > d_c(low))",,0.555569,,
"In following up of viremia, there was no viral RNA detected in the plasma of group A and group B animals on day 2, while on day 3 viral RNA loads were measurable in almost all assayed animals and increased thereafter.",1,raw,"globally[2,2](virus(t) < c(low)) and eventually[3,inf](virus(t) > c(mid))",,0.600178,,
"In following up of viremia, there was no viral RNA detected in the plasma of group A and group B animals on day 2, while on day 3 viral RNA loads were measurable in almost all assayed animals and increased thereafter.",1,raw,"globally[2,3](virus(t) < c(low)) and eventually[3,inf]globally(virus(t) > c(low) and d_virus(t) > 0)",,0.569583,,
"In following up of viremia, there was no viral RNA detected in the plasma of group A and group B animals on day 2, while on day 3 viral RNA loads were measurable in almost all assayed animals and increased thereafter.",1,raw,"globally[2,2](virus(t) < c(low)) and eventually[3,inf](virus(t) > c(low) and d_virus(t) = d_c(high))",,0.572056,,
"In following up of viremia, there was no viral RNA detected in the plasma of group A and group B animals on day 2, while on day 3 viral RNA loads were measurable in almost all assayed animals and increased thereafter.",1,raw,"globally[2,2](virus(t) < c(low)) and eventually[3,3](virus(t) > c(low)) and globally[3,inf](d_virus(t) > 0)",,0.566678,,
"In following up of viremia, there was no viral RNA detected in the plasma of group A and group B animals on day 2, while on day 3 viral RNA loads were measurable in almost all assayed animals and increased thereafter.",1,raw,"globally[2,2](virus(t) < c(low)) and eventually[3,3](virus(t) > c(low)) and globally[3,inf](d_virus(t) > 0)",,0.566678,,
"In following up of viremia, there was no viral RNA detected in the plasma of group A and group B animals on day 2, while on day 3 viral RNA loads were measurable in almost all assayed animals and increased thereafter.",1,raw,"globally[2,2](virus(t) < c(low)) and eventually[3,inf](virus(t) > c(low) and d_virus(t) > 0)",,0.578206,,
"In following up of viremia, there was no viral RNA detected in the plasma of group A and group B animals on day 2, while on day 3 viral RNA loads were measurable in almost all assayed animals and increased thereafter.",1,raw,"globally[2,2](virus(t) < c(low)) and eventually[3,inf](virus(t) > c(low) and d_virus(t) > 0)",,0.578206,,
"In following up of viremia, there was no viral RNA detected in the plasma of group A and group B animals on day 2, while on day 3 viral RNA loads were measurable in almost all assayed animals and increased thereafter.",1,raw,"virus(t) = c(low) and eventually[3,inf](virus(t) > c(low) and d_virus(t) > d_c(low))",,0.558856,,
"In following up of viremia, there was no viral RNA detected in the plasma of group A and group B animals on day 2, while on day 3 viral RNA loads were measurable in almost all assayed animals and increased thereafter.",1,raw,"globally[2,3](virus(t) < c(low)) and eventually[3,inf](virus(t) > c(low) and d_virus(t) > 0)",,0.577234,,
"In following up of viremia, there was no viral RNA detected in the plasma of group A and group B animals on day 2, while on day 3 viral RNA loads were measurable in almost all assayed animals and increased thereafter.",1,raw,"globally[2,2](virus(t) < c(low)) and eventually[3,inf](virus(t) > c(low) and d_virus(t) > d_c(low))",,0.57078,,
"In following up of viremia, there was no viral RNA detected in the plasma of group A and group B animals on day 2, while on day 3 viral RNA loads were measurable in almost all assayed animals and increased thereafter.",1,filtered,"globally[2,2](virus(t) < c(low)) and eventually[3,inf](virus(t) > c(mid))",1,0.600178,,
"In following up of viremia, there was no viral RNA detected in the plasma of group A and group B animals on day 2, while on day 3 viral RNA loads were measurable in almost all assayed animals and increased thereafter.",1,filtered,"globally[2,2](virus(t) < c(low)) and eventually[3,inf](virus(t) > c(low) and d_virus(t) > 0)",1,0.578206,,
"In following up of viremia, there was no viral RNA detected in the plasma of group A and group B animals on day 2, while on day 3 viral RNA loads were measurable in almost all assayed animals and increased thereafter.",1,filtered,"globally[2,2](virus(t) < c(low)) and eventually[3,inf](virus(t) > c(low) and d_virus(t) > 0)",1,0.578206,,
"In following up of viremia, there was no viral RNA detected in the plasma of group A and group B animals on day 2, while on day 3 viral RNA loads were measurable in almost all assayed animals and increased thereafter.",1,consolidated,"globally[2,2](virus(t) < c(low))",1,0.594333,,
"In following up of viremia, there was no viral RNA detected in the plasma of group A and group B animals on day 2, while on day 3 viral RNA loads were measurable in almost all assayed animals and increased thereafter.",1,consolidated,"eventually[3,inf](virus(t) > c(mid))",1,0.586698,,
"In following up of viremia, there was no viral RNA detected in the plasma of group A and group B animals on day 2, while on day 3 viral RNA loads were measurable in almost all assayed animals and increased thereafter.",1,consolidated,"eventually[3,inf](virus(t) > c(low) and d_virus(t) > 0)",1,0.58186,,
"In group A that underwent CSF sampling, on the other hand, viral RNA was detected in the CSF by days 4 and 5 postinfection with dramatic increases seen in some animals by day 7.",1,raw,"eventually[4,5](virus(t) > c(low)) and eventually[7,7](d_virus(t) > d_c(high))",,0.600902,,
"In group A that underwent CSF sampling, on the other hand, viral RNA was detected in the CSF by days 4 and 5 postinfection with dramatic increases seen in some animals by day 7.",1,raw,"eventually[4,5](virus(t) > c(low)) and eventually[5,7](d_virus(t) > d_c(high))",,0.599174,,
"In group A that underwent CSF sampling, on the other hand, viral RNA was detected in the CSF by days 4 and 5 postinfection with dramatic increases seen in some animals by day 7.",1,raw,"eventually[4,5](virus(t) > c(low)) and eventually[5,7](d_virus(t) > d_c(high))",,0.599174,,
"In group A that underwent CSF sampling, on the other hand, viral RNA was detected in the CSF by days 4 and 5 postinfection with dramatic increases seen in some animals by day 7.",1,raw,"eventually[4,5](sarscov2(t) > c(low)) and eventually[7,7](d_sarscov2(t) > d_c(high))",,0.376916,,
"In group A that underwent CSF sampling, on the other hand, viral RNA was detected in the CSF by days 4 and 5 postinfection with dramatic increases seen in some animals by day 7.",1,raw,"eventually[4,5](virus(t) > c(low)) and eventually[7,7](d_virus(t) > d_c(high))",,0.600902,,
"In group A that underwent CSF sampling, on the other hand, viral RNA was detected in the CSF by days 4 and 5 postinfection with dramatic increases seen in some animals by day 7.",1,raw,"eventually[4,5](sarscov2(t) > c(low)) and eventually[5,7](d_sarscov2(t) > d_c(high))",,0.375742,,
"In group A that underwent CSF sampling, on the other hand, viral RNA was detected in the CSF by days 4 and 5 postinfection with dramatic increases seen in some animals by day 7.",1,raw,"eventually[4,5](virus(t) > c(low)) and eventually[7,7](d_virus(t) > d_c(high))",,0.600902,,
"In group A that underwent CSF sampling, on the other hand, viral RNA was detected in the CSF by days 4 and 5 postinfection with dramatic increases seen in some animals by day 7.",1,raw,"eventually[4,5](virus(t) > c(low)) and eventually[7,7](d_virus(t) > d_c(high))",,0.600902,,
"In group A that underwent CSF sampling, on the other hand, viral RNA was detected in the CSF by days 4 and 5 postinfection with dramatic increases seen in some animals by day 7.",1,raw,"eventually[4,5](sarscov2(t) > c(low)) and eventually[7,7](d_sarscov2(t) > d_c(high))",,0.376916,,
"In group A that underwent CSF sampling, on the other hand, viral RNA was detected in the CSF by days 4 and 5 postinfection with dramatic increases seen in some animals by day 7.",1,raw,"eventually[4,5](virus(t) > c(low)) and eventually[7,7](d_virus(t) > d_c(high))",,0.600902,,
"In group A that underwent CSF sampling, on the other hand, viral RNA was detected in the CSF by days 4 and 5 postinfection with dramatic increases seen in some animals by day 7.",1,raw,"eventually[4,5](virus(t) > c(low)) and eventually[7,7](d_virus(t) = d_c(high))",,0.603549,,
"In group A that underwent CSF sampling, on the other hand, viral RNA was detected in the CSF by days 4 and 5 postinfection with dramatic increases seen in some animals by day 7.",1,raw,"eventually[4,5](virus(t) > c(low)) and eventually[7,7](d_virus(t) > d_c(high))",,0.600902,,
"In group A that underwent CSF sampling, on the other hand, viral RNA was detected in the CSF by days 4 and 5 postinfection with dramatic increases seen in some animals by day 7.",1,raw,"eventually[4,5](virus(t) > c(low)) and eventually[7,7](d_virus(t) > d_c(high))",,0.600902,,
"In group A that underwent CSF sampling, on the other hand, viral RNA was detected in the CSF by days 4 and 5 postinfection with dramatic increases seen in some animals by day 7.",1,raw,"eventually[4,5](virus(t) > c(low)) and eventually[4,7](d_virus(t) > d_c(high))",,0.602382,,
"In group A that underwent CSF sampling, on the other hand, viral RNA was detected in the CSF by days 4 and 5 postinfection with dramatic increases seen in some animals by day 7.",1,raw,"eventually[4,5](virus(t) > c(low)) and eventually[4,7](d_virus(t) > d_c(high))",,0.602382,,
"In group A that underwent CSF sampling, on the other hand, viral RNA was detected in the CSF by days 4 and 5 postinfection with dramatic increases seen in some animals by day 7.",1,raw,"eventually[4,5](virus(t) > c(low)) and eventually[6,7](d_virus(t) = d_c(high))",,0.603925,,
"In group A that underwent CSF sampling, on the other hand, viral RNA was detected in the CSF by days 4 and 5 postinfection with dramatic increases seen in some animals by day 7.",1,raw,"eventually[4,5](sarscov2(t) > c(low)) and eventually[7,7](d_sarscov2(t) > d_c(high))",,0.376916,,
"In group A that underwent CSF sampling, on the other hand, viral RNA was detected in the CSF by days 4 and 5 postinfection with dramatic increases seen in some animals by day 7.",1,raw,"globally[4,5](sarscov2(t) > c(low)) and eventually[7,7](d_sarscov2(t) > d_c(high))",,0.363352,,
"In group A that underwent CSF sampling, on the other hand, viral RNA was detected in the CSF by days 4 and 5 postinfection with dramatic increases seen in some animals by day 7.",1,raw,"eventually[4,5](virus(t) > c(low)) and eventually[7,7](d_virus(t) > d_c(high))",,0.600902,,
"In group A that underwent CSF sampling, on the other hand, viral RNA was detected in the CSF by days 4 and 5 postinfection with dramatic increases seen in some animals by day 7.",1,raw,"eventually[4,5](virus(t) > c(low)) and eventually[7,7](d_virus(t) > d_c(high))",,0.600902,,
"In group A that underwent CSF sampling, on the other hand, viral RNA was detected in the CSF by days 4 and 5 postinfection with dramatic increases seen in some animals by day 7.",1,raw,"eventually[4,5](virus(t) > c(low)) and eventually[7,7](d_virus(t) > d_c(high))",,0.600902,,
"In group A that underwent CSF sampling, on the other hand, viral RNA was detected in the CSF by days 4 and 5 postinfection with dramatic increases seen in some animals by day 7.",1,raw,"eventually[4,5](sarscov2(t) > c(low)) and eventually[7,7](d_sarscov2(t) > d_c(high))",,0.376916,,
"In group A that underwent CSF sampling, on the other hand, viral RNA was detected in the CSF by days 4 and 5 postinfection with dramatic increases seen in some animals by day 7.",1,filtered,"eventually[4,5](virus(t) > c(low)) and eventually[7,7](d_virus(t) > d_c(high))",1,0.600902,,
"In group A that underwent CSF sampling, on the other hand, viral RNA was detected in the CSF by days 4 and 5 postinfection with dramatic increases seen in some animals by day 7.",1,filtered,"eventually[4,5](virus(t) > c(low)) and eventually[7,7](d_virus(t) > d_c(high))",1,0.600902,,
"In group A that underwent CSF sampling, on the other hand, viral RNA was detected in the CSF by days 4 and 5 postinfection with dramatic increases seen in some animals by day 7.",1,filtered,"eventually[4,5](virus(t) > c(low)) and eventually[7,7](d_virus(t) > d_c(high))",1,0.600902,,
"In group A that underwent CSF sampling, on the other hand, viral RNA was detected in the CSF by days 4 and 5 postinfection with dramatic increases seen in some animals by day 7.",1,filtered,"eventually[4,5](virus(t) > c(low)) and eventually[7,7](d_virus(t) > d_c(high))",1,0.600902,,
"In group A that underwent CSF sampling, on the other hand, viral RNA was detected in the CSF by days 4 and 5 postinfection with dramatic increases seen in some animals by day 7.",1,filtered,"eventually[4,5](virus(t) > c(low)) and eventually[7,7](d_virus(t) > d_c(high))",1,0.600902,,
"In group A that underwent CSF sampling, on the other hand, viral RNA was detected in the CSF by days 4 and 5 postinfection with dramatic increases seen in some animals by day 7.",1,filtered,"eventually[4,5](virus(t) > c(low)) and eventually[7,7](d_virus(t) = d_c(high))",1,0.603549,,
"In group A that underwent CSF sampling, on the other hand, viral RNA was detected in the CSF by days 4 and 5 postinfection with dramatic increases seen in some animals by day 7.",1,filtered,"eventually[4,5](virus(t) > c(low)) and eventually[7,7](d_virus(t) > d_c(high))",1,0.600902,,
"In group A that underwent CSF sampling, on the other hand, viral RNA was detected in the CSF by days 4 and 5 postinfection with dramatic increases seen in some animals by day 7.",1,filtered,"eventually[4,5](virus(t) > c(low)) and eventually[7,7](d_virus(t) > d_c(high))",1,0.600902,,
"In group A that underwent CSF sampling, on the other hand, viral RNA was detected in the CSF by days 4 and 5 postinfection with dramatic increases seen in some animals by day 7.",1,filtered,"eventually[4,5](virus(t) > c(low)) and eventually[4,7](d_virus(t) > d_c(high))",1,0.602382,,
"In group A that underwent CSF sampling, on the other hand, viral RNA was detected in the CSF by days 4 and 5 postinfection with dramatic increases seen in some animals by day 7.",1,filtered,"eventually[4,5](virus(t) > c(low)) and eventually[4,7](d_virus(t) > d_c(high))",1,0.602382,,
"In group A that underwent CSF sampling, on the other hand, viral RNA was detected in the CSF by days 4 and 5 postinfection with dramatic increases seen in some animals by day 7.",1,filtered,"eventually[4,5](virus(t) > c(low)) and eventually[6,7](d_virus(t) = d_c(high))",1,0.603925,,
"In group A that underwent CSF sampling, on the other hand, viral RNA was detected in the CSF by days 4 and 5 postinfection with dramatic increases seen in some animals by day 7.",1,filtered,"eventually[4,5](virus(t) > c(low)) and eventually[7,7](d_virus(t) > d_c(high))",1,0.600902,,
"In group A that underwent CSF sampling, on the other hand, viral RNA was detected in the CSF by days 4 and 5 postinfection with dramatic increases seen in some animals by day 7.",1,filtered,"eventually[4,5](virus(t) > c(low)) and eventually[7,7](d_virus(t) > d_c(high))",1,0.600902,,
"In group A that underwent CSF sampling, on the other hand, viral RNA was detected in the CSF by days 4 and 5 postinfection with dramatic increases seen in some animals by day 7.",1,filtered,"eventually[4,5](virus(t) > c(low)) and eventually[7,7](d_virus(t) > d_c(high))",1,0.600902,,
"In group A that underwent CSF sampling, on the other hand, viral RNA was detected in the CSF by days 4 and 5 postinfection with dramatic increases seen in some animals by day 7.",1,consolidated,"eventually[4,5](virus(t) > c(low))",1,0.571235,,
"In group A that underwent CSF sampling, on the other hand, viral RNA was detected in the CSF by days 4 and 5 postinfection with dramatic increases seen in some animals by day 7.",1,consolidated,"eventually[4,7](d_virus(t) > d_c(high))",1,0.582029,,
"In group A that underwent CSF sampling, on the other hand, viral RNA was detected in the CSF by days 4 and 5 postinfection with dramatic increases seen in some animals by day 7.",1,consolidated,"eventually[6,7](d_virus(t) = d_c(high))",1,0.580846,,
"Plasma cytokines levels, reflecting both pro-inflammatory as well as anti-inflammatory systemic responses to the infection, increased gradually, with interleukin (IL)-10 and IL-6 beginning to increase on day 4.",0,raw,"eventually[4,inf](d_il10(t) > d_c(low) and d_il6(t) > d_c(low))",,0.572568,,
"Plasma cytokines levels, reflecting both pro-inflammatory as well as anti-inflammatory systemic responses to the infection, increased gradually, with interleukin (IL)-10 and IL-6 beginning to increase on day 4.",0,raw,"globally[0,inf](d_il10(t) > d_c(low) and d_il6(t) > d_c(low)) and eventually[4,inf](d_il10(t) > 0 and d_il6(t) > 0)",,0.564098,,
"Plasma cytokines levels, reflecting both pro-inflammatory as well as anti-inflammatory systemic responses to the infection, increased gradually, with interleukin (IL)-10 and IL-6 beginning to increase on day 4.",0,raw,"eventually[4,inf](d_il10(t) > d_c(low) and d_il6(t) > d_c(low))",,0.572568,,
"Plasma cytokines levels, reflecting both pro-inflammatory as well as anti-inflammatory systemic responses to the infection, increased gradually, with interleukin (IL)-10 and IL-6 beginning to increase on day 4.",0,raw,"d_il10(t) > d_c(low) and d_il6(t) > d_c(low) and eventually[4,inf](d_il10(t) > 0 and d_il6(t) > 0)",,0.545301,,
"Plasma cytokines levels, reflecting both pro-inflammatory as well as anti-inflammatory systemic responses to the infection, increased gradually, with interleukin (IL)-10 and IL-6 beginning to increase on day 4.",0,raw,"eventually[4,inf](d_il10(t) > 0 and d_il6(t) > 0)",,0.61893,,
"Plasma cytokines levels, reflecting both pro-inflammatory as well as anti-inflammatory systemic responses to the infection, increased gradually, with interleukin (IL)-10 and IL-6 beginning to increase on day 4.",0,raw,"globally[0,inf](d_il10(t) > 0 and d_il6(t) > 0) and eventually[4,inf](d_il10(t) > d_c(low) and d_il6(t) > d_c(low))",,0.556968,,
"Plasma cytokines levels, reflecting both pro-inflammatory as well as anti-inflammatory systemic responses to the infection, increased gradually, with interleukin (IL)-10 and IL-6 beginning to increase on day 4.",0,raw,"globally[0,inf](d_il10(t) > d_c(low) and d_il6(t) > d_c(low)) and eventually[4,inf](d_il10(t) > 0 and d_il6(t) > 0)",,0.564098,,
"Plasma cytokines levels, reflecting both pro-inflammatory as well as anti-inflammatory systemic responses to the infection, increased gradually, with interleukin (IL)-10 and IL-6 beginning to increase on day 4.",0,raw,"eventually[4,inf](d_il10(t) > d_c(low) and d_il6(t) > d_c(low))",,0.572568,,
"Plasma cytokines levels, reflecting both pro-inflammatory as well as anti-inflammatory systemic responses to the infection, increased gradually, with interleukin (IL)-10 and IL-6 beginning to increase on day 4.",0,raw,"globally[0,inf](d_il10(t) > d_c(low) and d_il6(t) > d_c(low)) and eventually[4,inf](d_il10(t) > 0 and d_il6(t) > 0)",,0.564098,,
"Plasma cytokines levels, reflecting both pro-inflammatory as well as anti-inflammatory systemic responses to the infection, increased gradually, with interleukin (IL)-10 and IL-6 beginning to increase on day 4.",0,raw,"globally[4,inf](d_il10(t) > 0 and d_il6(t) > 0)",,0.60376,,
"Plasma cytokines levels, reflecting both pro-inflammatory as well as anti-inflammatory systemic responses to the infection, increased gradually, with interleukin (IL)-10 and IL-6 beginning to increase on day 4.",0,raw,"globally[4,inf](d_il10(t) > d_c(low) and d_il6(t) > d_c(low))",,0.557915,,
"Plasma cytokines levels, reflecting both pro-inflammatory as well as anti-inflammatory systemic responses to the infection, increased gradually, with interleukin (IL)-10 and IL-6 beginning to increase on day 4.",0,raw,"eventually[4,inf]globally(d_il10(t) > d_c(low) and d_il6(t) > d_c(low))",,0.56448,,
"Plasma cytokines levels, reflecting both pro-inflammatory as well as anti-inflammatory systemic responses to the infection, increased gradually, with interleukin (IL)-10 and IL-6 beginning to increase on day 4.",0,raw,"eventually[4,inf](d_il10(t) > 0 and d_il6(t) > 0)",,0.61893,,
"Plasma cytokines levels, reflecting both pro-inflammatory as well as anti-inflammatory systemic responses to the infection, increased gradually, with interleukin (IL)-10 and IL-6 beginning to increase on day 4.",0,raw,"globally[4,inf](d_il10(t) > 0 and d_il6(t) > 0)",,0.60376,,
"Plasma cytokines levels, reflecting both pro-inflammatory as well as anti-inflammatory systemic responses to the infection, increased gradually, with interleukin (IL)-10 and IL-6 beginning to increase on day 4.",0,raw,"globally[0,inf](d_il10(t) > 0 and d_il6(t) > 0) and eventually[4,inf](d_il10(t) > d_c(low) and d_il6(t) > d_c(low))",,0.556968,,
"Plasma cytokines levels, reflecting both pro-inflammatory as well as anti-inflammatory systemic responses to the infection, increased gradually, with interleukin (IL)-10 and IL-6 beginning to increase on day 4.",0,filtered,"eventually[4,inf](d_il10(t) > 0 and d_il6(t) > 0)",1,0.61893,,
"Plasma cytokines levels, reflecting both pro-inflammatory as well as anti-inflammatory systemic responses to the infection, increased gradually, with interleukin (IL)-10 and IL-6 beginning to increase on day 4.",0,filtered,"globally[4,inf](d_il10(t) > 0 and d_il6(t) > 0)",1,0.60376,,
"Plasma cytokines levels, reflecting both pro-inflammatory as well as anti-inflammatory systemic responses to the infection, increased gradually, with interleukin (IL)-10 and IL-6 beginning to increase on day 4.",0,filtered,"eventually[4,inf](d_il10(t) > 0 and d_il6(t) > 0)",1,0.61893,,
"Plasma cytokines levels, reflecting both pro-inflammatory as well as anti-inflammatory systemic responses to the infection, increased gradually, with interleukin (IL)-10 and IL-6 beginning to increase on day 4.",0,filtered,"globally[4,inf](d_il10(t) > 0 and d_il6(t) > 0)",1,0.60376,,
"Plasma cytokines levels, reflecting both pro-inflammatory as well as anti-inflammatory systemic responses to the infection, increased gradually, with interleukin (IL)-10 and IL-6 beginning to increase on day 4.",0,consolidated,"eventually[4,inf](d_il10(t) > 0 and d_il6(t) > 0)",1,0.61893,,
"IL-8 and tumor necrosis factor alpha (TNF-α), on the other hand, began increasing on day 6, while GM-CSF and IL-2 began increasing on day 7.",1,raw,"eventually[6,inf](d_il8(t) > 0 and d_tnfα(t) > 0) and eventually[7,inf](d_gmcsf(t) > 0 and d_il2(t) > 0)",,0.843673,,
"IL-8 and tumor necrosis factor alpha (TNF-α), on the other hand, began increasing on day 6, while GM-CSF and IL-2 began increasing on day 7.",1,raw,"eventually[6,inf](d_il8(t) > d_c(low) and d_tnfα(t) > d_c(low)) and eventually[7,inf](d_gmcsf(t) > d_c(low) and d_il2(t) > d_c(low))",,0.813458,,
"IL-8 and tumor necrosis factor alpha (TNF-α), on the other hand, began increasing on day 6, while GM-CSF and IL-2 began increasing on day 7.",1,raw,"eventually[6,inf](d_il8(t) > d_c(low) and d_tnfα(t) > d_c(low)) and eventually[7,inf](d_gmcsf(t) > d_c(low) and d_il2(t) > d_c(low))",,0.813458,,
"IL-8 and tumor necrosis factor alpha (TNF-α), on the other hand, began increasing on day 6, while GM-CSF and IL-2 began increasing on day 7.",1,raw,"eventually[6,inf](d_il8(t) > 0 and d_tnfα(t) > 0) and eventually[7,inf](d_gmcsf(t) > 0 and d_il2(t) > 0)",,0.843673,,
"IL-8 and tumor necrosis factor alpha (TNF-α), on the other hand, began increasing on day 6, while GM-CSF and IL-2 began increasing on day 7.",1,raw,"eventually[6,inf]globally(d_il8(t) > 0 and d_tnfα(t) > 0) and eventually[7,inf]globally(d_gmcsf(t) > 0 and d_il2(t) > 0)",,0.844316,,
"IL-8 and tumor necrosis factor alpha (TNF-α), on the other hand, began increasing on day 6, while GM-CSF and IL-2 began increasing on day 7.",1,raw,"eventually[6,inf](d_il8(t) > d_c(low) and d_tnfα(t) > d_c(low)) and eventually[7,inf](d_gmcsf(t) > d_c(low) and d_il2(t) > d_c(low))",,0.813458,,
"IL-8 and tumor necrosis factor alpha (TNF-α), on the other hand, began increasing on day 6, while GM-CSF and IL-2 began increasing on day 7.",1,raw,"eventually[6,6](d_il8(t) > d_c(low) and d_tnfα(t) > d_c(low)) and eventually[7,7](d_gmcsf(t) > d_c(low) and d_il2(t) > d_c(low))",,0.812678,,
"IL-8 and tumor necrosis factor alpha (TNF-α), on the other hand, began increasing on day 6, while GM-CSF and IL-2 began increasing on day 7.",1,raw,"eventually[6,inf]globally(d_il8(t) > d_c(low) and d_tnfα(t) > d_c(low)) and eventually[7,inf]globally(d_gmcsf(t) > d_c(low) and d_il2(t) > d_c(low))",,0.800285,,
"IL-8 and tumor necrosis factor alpha (TNF-α), on the other hand, began increasing on day 6, while GM-CSF and IL-2 began increasing on day 7.",1,raw,"globally[6,inf](d_il8(t) > 0 and d_tnfα(t) > 0) and globally[7,inf](d_gmcsf(t) > 0 and d_il2(t) > 0)",,0.834288,,
"IL-8 and tumor necrosis factor alpha (TNF-α), on the other hand, began increasing on day 6, while GM-CSF and IL-2 began increasing on day 7.",1,raw,"eventually[6,6](d_il8(t) = d_c(low) and d_tnfα(t) = d_c(low)) and eventually[7,7](d_gmcsf(t) = d_c(low) and d_il2(t) = d_c(low))",,0.802725,,
"IL-8 and tumor necrosis factor alpha (TNF-α), on the other hand, began increasing on day 6, while GM-CSF and IL-2 began increasing on day 7.",1,raw,"eventually[6,inf](d_il8(t) > 0 and d_tnfα(t) > 0) and eventually[7,inf](d_gmcsf(t) > 0 and d_il2(t) > 0)",,0.843673,,
"IL-8 and tumor necrosis factor alpha (TNF-α), on the other hand, began increasing on day 6, while GM-CSF and IL-2 began increasing on day 7.",1,raw,"eventually[6,inf](d_il8(t) > 0 and d_tnfα(t) > 0) and eventually[7,inf](d_gmcsf(t) > 0 and d_il2(t) > 0)",,0.843673,,
"IL-8 and tumor necrosis factor alpha (TNF-α), on the other hand, began increasing on day 6, while GM-CSF and IL-2 began increasing on day 7.",1,raw,"eventually[6,inf](d_il8(t) > d_c(low) and d_tnfα(t) > d_c(low)) and eventually[7,inf](d_gmcsf(t) > d_c(low) and d_il2(t) > d_c(low))",,0.813458,,
"IL-8 and tumor necrosis factor alpha (TNF-α), on the other hand, began increasing on day 6, while GM-CSF and IL-2 began increasing on day 7.",1,raw,"globally[6,inf](d_il8(t) > d_c(low) and d_tnfα(t) > d_c(low)) and globally[7,inf](d_gmcsf(t) > d_c(low) and d_il2(t) > d_c(low))",,0.795513,,
"IL-8 and tumor necrosis factor alpha (TNF-α), on the other hand, began increasing on day 6, while GM-CSF and IL-2 began increasing on day 7.",1,filtered,"eventually[6,inf](d_il8(t) > 0 and d_tnfα(t) > 0) and eventually[7,inf](d_gmcsf(t) > 0 and d_il2(t) > 0)",1,0.843673,,
"IL-8 and tumor necrosis factor alpha (TNF-α), on the other hand, began increasing on day 6, while GM-CSF and IL-2 began increasing on day 7.",1,filtered,"eventually[6,inf](d_il8(t) > 0 and d_tnfα(t) > 0) and eventually[7,inf](d_gmcsf(t) > 0 and d_il2(t) > 0)",1,0.843673,,
"IL-8 and tumor necrosis factor alpha (TNF-α), on the other hand, began increasing on day 6, while GM-CSF and IL-2 began increasing on day 7.",1,filtered,"eventually[6,inf]globally(d_il8(t) > 0 and d_tnfα(t) > 0) and eventually[7,inf]globally(d_gmcsf(t) > 0 and d_il2(t) > 0)",1,0.844316,,
"IL-8 and tumor necrosis factor alpha (TNF-α), on the other hand, began increasing on day 6, while GM-CSF and IL-2 began increasing on day 7.",1,filtered,"eventually[6,inf](d_il8(t) > 0 and d_tnfα(t) > 0) and eventually[7,inf](d_gmcsf(t) > 0 and d_il2(t) > 0)",1,0.843673,,
"IL-8 and tumor necrosis factor alpha (TNF-α), on the other hand, began increasing on day 6, while GM-CSF and IL-2 began increasing on day 7.",1,filtered,"eventually[6,inf](d_il8(t) > 0 and d_tnfα(t) > 0) and eventually[7,inf](d_gmcsf(t) > 0 and d_il2(t) > 0)",1,0.843673,,
"IL-8 and tumor necrosis factor alpha (TNF-α), on the other hand, began increasing on day 6, while GM-CSF and IL-2 began increasing on day 7.",1,consolidated,"eventually[6,inf](d_il8(t) > 0 and d_tnfα(t) > 0)",1,0.831569,,
"IL-8 and tumor necrosis factor alpha (TNF-α), on the other hand, began increasing on day 6, while GM-CSF and IL-2 began increasing on day 7.",1,consolidated,"eventually[7,inf](d_gmcsf(t) > 0 and d_il2(t) > 0)",1,0.645613,,
"In the CSF, levels of MCP-1, IL1Ra, IL-2, G-CSF, and IL-18 started increasing on day 5 postinfection.",2,raw,"eventually[5,inf]globally(d_mcp1(t) > d_c(low) and d_il1ra(t) > d_c(low))",,0.607692,,
"In the CSF, levels of MCP-1, IL1Ra, IL-2, G-CSF, and IL-18 started increasing on day 5 postinfection.",2,raw,"globally[5,inf](d_mcp1(t) > 0 and d_il1ra(t) > 0)",,0.667466,,
"In the CSF, levels of MCP-1, IL1Ra, IL-2, G-CSF, and IL-18 started increasing on day 5 postinfection.",2,raw,"globally[5,inf](d_mcp1(t) > 0 and d_il1ra(t) > 0)",,0.667466,,
"In the CSF, levels of MCP-1, IL1Ra, IL-2, G-CSF, and IL-18 started increasing on day 5 postinfection.",2,raw,"globally[5,inf](d_mcp1(t) > d_c(low) and d_il1ra(t) > d_c(low))",,0.59476,,
"In the CSF, levels of MCP-1, IL1Ra, IL-2, G-CSF, and IL-18 started increasing on day 5 postinfection.",2,raw,"eventually[5,inf]globally(d_mcp1(t) > d_c(low) and d_il1ra(t) > d_c(low))",,0.607692,,
"In the CSF, levels of MCP-1, IL1Ra, IL-2, G-CSF, and IL-18 started increasing on day 5 postinfection.",2,filtered,"globally[5,inf](d_mcp1(t) > 0 and d_il1ra(t) > 0)",1,0.667466,,
"In the CSF, levels of MCP-1, IL1Ra, IL-2, G-CSF, and IL-18 started increasing on day 5 postinfection.",2,filtered,"globally[5,inf](d_mcp1(t) > 0 and d_il1ra(t) > 0)",1,0.667466,,
"In the CSF, levels of MCP-1, IL1Ra, IL-2, G-CSF, and IL-18 started increasing on day 5 postinfection.",2,consolidated,"globally[5,inf](d_mcp1(t) > 0 and d_il1ra(t) > 0)",1,0.667466,,
"Increases in IL-15, IL-1β, IL-6, and TNF-α levels were slightly more delayed in the CSF, beginning closer to day 6 postinfection.",2,raw,"eventually[6,inf](d_il15(t) > d_c(low) and d_il1β(t) > d_c(low))",,0.69503,,
"Increases in IL-15, IL-1β, IL-6, and TNF-α levels were slightly more delayed in the CSF, beginning closer to day 6 postinfection.",2,raw,"eventually[6,inf](d_il15(t) = d_c(low) and d_il1β(t) = d_c(low))",,0.696943,,
"Increases in IL-15, IL-1β, IL-6, and TNF-α levels were slightly more delayed in the CSF, beginning closer to day 6 postinfection.",2,raw,"eventually[6,inf](d_il15(t) > 0 and d_il1β(t) > 0)",,0.717273,,
"Increases in IL-15, IL-1β, IL-6, and TNF-α levels were slightly more delayed in the CSF, beginning closer to day 6 postinfection.",2,raw,"eventually[6,inf](d_il15(t) > d_c(low) and d_il1β(t) > d_c(low))",,0.69503,,
"Increases in IL-15, IL-1β, IL-6, and TNF-α levels were slightly more delayed in the CSF, beginning closer to day 6 postinfection.",2,raw,"eventually[6,inf](d_il15(t) > d_c(low) and d_il1β(t) > d_c(low))",,0.69503,,
"Increases in IL-15, IL-1β, IL-6, and TNF-α levels were slightly more delayed in the CSF, beginning closer to day 6 postinfection.",2,raw,"eventually[6,inf](d_il15(t) > d_c(low) and d_il1β(t) > d_c(low))",,0.69503,,
"Increases in IL-15, IL-1β, IL-6, and TNF-α levels were slightly more delayed in the CSF, beginning closer to day 6 postinfection.",2,raw,"eventually[6,inf](d_il15(t) > d_c(low) and d_il1β(t) > d_c(low))",,0.69503,,
"Increases in IL-15, IL-1β, IL-6, and TNF-α levels were slightly more delayed in the CSF, beginning closer to day 6 postinfection.",2,raw,"eventually[6,inf](d_il15(t) > d_c(low) and d_il1β(t) > d_c(low))",,0.69503,,
"Increases in IL-15, IL-1β, IL-6, and TNF-α levels were slightly more delayed in the CSF, beginning closer to day 6 postinfection.",2,raw,"eventually[6,inf](il15(t) > c(low) and il1β(t) > c(low))",,0.709354,,
"Increases in IL-15, IL-1β, IL-6, and TNF-α levels were slightly more delayed in the CSF, beginning closer to day 6 postinfection.",2,raw,"eventually[6,inf](d_il15(t) > 0 and d_il1β(t) > 0)",,0.717273,,
"Increases in IL-15, IL-1β, IL-6, and TNF-α levels were slightly more delayed in the CSF, beginning closer to day 6 postinfection.",2,filtered,"eventually[6,inf](d_il15(t) > 0 and d_il1β(t) > 0)",1,0.717273,,
"Increases in IL-15, IL-1β, IL-6, and TNF-α levels were slightly more delayed in the CSF, beginning closer to day 6 postinfection.",2,filtered,"eventually[6,inf](d_il15(t) > 0 and d_il1β(t) > 0)",1,0.717273,,
"Increases in IL-15, IL-1β, IL-6, and TNF-α levels were slightly more delayed in the CSF, beginning closer to day 6 postinfection.",2,consolidated,"eventually[6,inf](d_il15(t) > 0 and d_il1β(t) > 0)",1,0.717273,,
Levels of IFN-γ were not appreciably elevated.,2,raw,ifnγ(t) < c(high),,0.859969,,
Levels of IFN-γ were not appreciably elevated.,2,raw,ifnγ(t) < c(mid),,0.879204,,
Levels of IFN-γ were not appreciably elevated.,2,raw,"globally[0,inf](ifnγ(t) < c(high))",,0.678298,,
Levels of IFN-γ were not appreciably elevated.,2,raw,ifnγ(t) < c(high),,0.859969,,
Levels of IFN-γ were not appreciably elevated.,2,raw,ifnγ(t) < c(high),,0.859969,,
Levels of IFN-γ were not appreciably elevated.,2,raw,ifnγ(t) < c(mid),,0.879204,,
Levels of IFN-γ were not appreciably elevated.,2,raw,ifnγ(t) < c(mid),,0.879204,,
Levels of IFN-γ were not appreciably elevated.,2,raw,ifnγ(t) < c(mid),,0.879204,,
Levels of IFN-γ were not appreciably elevated.,2,raw,ifnγ(t) < c(high),,0.859969,,
Levels of IFN-γ were not appreciably elevated.,2,raw,ifnγ(t) = c(mid),,0.844227,,
Levels of IFN-γ were not appreciably elevated.,2,raw,ifnγ(t) < c(high),,0.859969,,
Levels of IFN-γ were not appreciably elevated.,2,raw,ifnγ(t) < c(high),,0.859969,,
Levels of IFN-γ were not appreciably elevated.,2,raw,ifnγ(t) < c(high),,0.859969,,
Levels of IFN-γ were not appreciably elevated.,2,raw,ifnγ(t) < c(mid),,0.879204,,
Levels of IFN-γ were not appreciably elevated.,2,raw,ifnγ(t) = c(mid),,0.844227,,
Levels of IFN-γ were not appreciably elevated.,2,raw,ifnγ(t) < c(high),,0.859969,,
Levels of IFN-γ were not appreciably elevated.,2,raw,ifnγ(t) < c(high),,0.859969,,
Levels of IFN-γ were not appreciably elevated.,2,raw,ifnγ(t) < c(high),,0.859969,,
Levels of IFN-γ were not appreciably elevated.,2,raw,ifnγ(t) < c(low),,0.864466,,
Levels of IFN-γ were not appreciably elevated.,2,raw,ifnγ(t) = c(mid),,0.844227,,
Levels of IFN-γ were not appreciably elevated.,2,raw,ifnγ(t) = c(mid),,0.844227,,
Levels of IFN-γ were not appreciably elevated.,2,raw,ifnγ(t) < c(high),,0.859969,,
Levels of IFN-γ were not appreciably elevated.,2,raw,ifnγ(t) < c(mid),,0.879204,,
Levels of IFN-γ were not appreciably elevated.,2,raw,ifnγ(t) < c(mid),,0.879204,,
Levels of IFN-γ were not appreciably elevated.,2,filtered,ifnγ(t) < c(mid),1,0.879204,,
Levels of IFN-γ were not appreciably elevated.,2,filtered,ifnγ(t) < c(mid),1,0.879204,,
Levels of IFN-γ were not appreciably elevated.,2,filtered,ifnγ(t) < c(mid),1,0.879204,,
Levels of IFN-γ were not appreciably elevated.,2,filtered,ifnγ(t) < c(mid),1,0.879204,,
Levels of IFN-γ were not appreciably elevated.,2,filtered,ifnγ(t) < c(mid),1,0.879204,,
Levels of IFN-γ were not appreciably elevated.,2,filtered,ifnγ(t) < c(mid),1,0.879204,,
Levels of IFN-γ were not appreciably elevated.,2,filtered,ifnγ(t) < c(mid),1,0.879204,,
Levels of IFN-γ were not appreciably elevated.,2,consolidated,ifnγ(t) < c(mid),1,0.879204,,
"In the infected animals, on the other hand, we identified extravascular albumin staining, which increased between day 4 and day 6/7, both qualitatively (Fig. 4a, b) and quantitatively (Fig. 4c).",1,raw,"eventually[4,7](d_albumin(t) > d_c(low))",,0.453648,,
"In the infected animals, on the other hand, we identified extravascular albumin staining, which increased between day 4 and day 6/7, both qualitatively (Fig. 4a, b) and quantitatively (Fig. 4c).",1,raw,"eventually[4,7](d_albumin(t) > d_c(low))",,0.453648,,
"In the infected animals, on the other hand, we identified extravascular albumin staining, which increased between day 4 and day 6/7, both qualitatively (Fig. 4a, b) and quantitatively (Fig. 4c).",1,raw,"globally[4,6](d_albumin(t) > d_c(low))",,0.435473,,
"In the infected animals, on the other hand, we identified extravascular albumin staining, which increased between day 4 and day 6/7, both qualitatively (Fig. 4a, b) and quantitatively (Fig. 4c).",1,raw,"eventually[4,6](d_albumin(t) > d_c(low))",,0.455855,,
"In the infected animals, on the other hand, we identified extravascular albumin staining, which increased between day 4 and day 6/7, both qualitatively (Fig. 4a, b) and quantitatively (Fig. 4c).",1,raw,"eventually[4,7](d_albumin(t) > 0)",,0.478365,,
"In the infected animals, on the other hand, we identified extravascular albumin staining, which increased between day 4 and day 6/7, both qualitatively (Fig. 4a, b) and quantitatively (Fig. 4c).",1,raw,"eventually[4,7](d_albumin(t) > d_c(low))",,0.453648,,
"In the infected animals, on the other hand, we identified extravascular albumin staining, which increased between day 4 and day 6/7, both qualitatively (Fig. 4a, b) and quantitatively (Fig. 4c).",1,raw,"eventually[4,7](d_albumin(t) > 0)",,0.478365,,
"In the infected animals, on the other hand, we identified extravascular albumin staining, which increased between day 4 and day 6/7, both qualitatively (Fig. 4a, b) and quantitatively (Fig. 4c).",1,raw,"eventually[4,7](d_albumin(t) > d_c(low))",,0.453648,,
"In the infected animals, on the other hand, we identified extravascular albumin staining, which increased between day 4 and day 6/7, both qualitatively (Fig. 4a, b) and quantitatively (Fig. 4c).",1,raw,"eventually[4,7](d_albumin(t) > d_c(low))",,0.453648,,
"In the infected animals, on the other hand, we identified extravascular albumin staining, which increased between day 4 and day 6/7, both qualitatively (Fig. 4a, b) and quantitatively (Fig. 4c).",1,raw,"eventually[4,7](d_albumin(t) > 0)",,0.478365,,
"In the infected animals, on the other hand, we identified extravascular albumin staining, which increased between day 4 and day 6/7, both qualitatively (Fig. 4a, b) and quantitatively (Fig. 4c).",1,raw,"eventually[4,7](d_albumin(t) > d_c(low))",,0.453648,,
"In the infected animals, on the other hand, we identified extravascular albumin staining, which increased between day 4 and day 6/7, both qualitatively (Fig. 4a, b) and quantitatively (Fig. 4c).",1,raw,"eventually[4,7](d_albumin(t) > d_c(low))",,0.453648,,
"In the infected animals, on the other hand, we identified extravascular albumin staining, which increased between day 4 and day 6/7, both qualitatively (Fig. 4a, b) and quantitatively (Fig. 4c).",1,raw,"eventually[4,6](d_albumin(t) > 0)",,0.480234,,
"In the infected animals, on the other hand, we identified extravascular albumin staining, which increased between day 4 and day 6/7, both qualitatively (Fig. 4a, b) and quantitatively (Fig. 4c).",1,raw,"eventually[4,6](d_albumin(t) > d_c(low))",,0.455855,,
"In the infected animals, on the other hand, we identified extravascular albumin staining, which increased between day 4 and day 6/7, both qualitatively (Fig. 4a, b) and quantitatively (Fig. 4c).",1,raw,"eventually[4,7](d_albumin(t) > d_c(low))",,0.453648,,
"In the infected animals, on the other hand, we identified extravascular albumin staining, which increased between day 4 and day 6/7, both qualitatively (Fig. 4a, b) and quantitatively (Fig. 4c).",1,raw,"eventually[4,7](d_albumin(t) > d_c(low))",,0.453648,,
"In the infected animals, on the other hand, we identified extravascular albumin staining, which increased between day 4 and day 6/7, both qualitatively (Fig. 4a, b) and quantitatively (Fig. 4c).",1,raw,"globally[4,7](d_albumin(t) > d_c(low))",,0.439963,,
"In the infected animals, on the other hand, we identified extravascular albumin staining, which increased between day 4 and day 6/7, both qualitatively (Fig. 4a, b) and quantitatively (Fig. 4c).",1,raw,"eventually[4,7](d_albumin(t) > d_c(low))",,0.453648,,
"In the infected animals, on the other hand, we identified extravascular albumin staining, which increased between day 4 and day 6/7, both qualitatively (Fig. 4a, b) and quantitatively (Fig. 4c).",1,raw,"eventually[4,7](d_albumin(t) > 0)",,0.478365,,
"In the infected animals, on the other hand, we identified extravascular albumin staining, which increased between day 4 and day 6/7, both qualitatively (Fig. 4a, b) and quantitatively (Fig. 4c).",1,raw,"globally[4,7](d_albumin(t) > 0)",,0.463956,,
"In the infected animals, on the other hand, we identified extravascular albumin staining, which increased between day 4 and day 6/7, both qualitatively (Fig. 4a, b) and quantitatively (Fig. 4c).",1,filtered,"eventually[4,7](d_albumin(t) > 0)",1,0.478365,,
"In the infected animals, on the other hand, we identified extravascular albumin staining, which increased between day 4 and day 6/7, both qualitatively (Fig. 4a, b) and quantitatively (Fig. 4c).",1,filtered,"eventually[4,7](d_albumin(t) > 0)",1,0.478365,,
"In the infected animals, on the other hand, we identified extravascular albumin staining, which increased between day 4 and day 6/7, both qualitatively (Fig. 4a, b) and quantitatively (Fig. 4c).",1,filtered,"eventually[4,7](d_albumin(t) > 0)",1,0.478365,,
"In the infected animals, on the other hand, we identified extravascular albumin staining, which increased between day 4 and day 6/7, both qualitatively (Fig. 4a, b) and quantitatively (Fig. 4c).",1,filtered,"eventually[4,6](d_albumin(t) > 0)",1,0.480234,,
"In the infected animals, on the other hand, we identified extravascular albumin staining, which increased between day 4 and day 6/7, both qualitatively (Fig. 4a, b) and quantitatively (Fig. 4c).",1,filtered,"eventually[4,7](d_albumin(t) > 0)",1,0.478365,,
"In the infected animals, on the other hand, we identified extravascular albumin staining, which increased between day 4 and day 6/7, both qualitatively (Fig. 4a, b) and quantitatively (Fig. 4c).",1,consolidated,"eventually[4,7](d_albumin(t) > 0)",1,0.478365,,
"Quantitatively, higher staining for VP40 (EBOV antigen) was noted in the infected animals compared to the control animal, in the thalamus and in the midbrain, increasing further on day 6/7 compared to day 4.",0,raw,"globally[0,4](vp40(t) > c(mid)) and eventually[4,7](d_vp40(t) = d_c(high))",,0.429771,,
"Quantitatively, higher staining for VP40 (EBOV antigen) was noted in the infected animals compared to the control animal, in the thalamus and in the midbrain, increasing further on day 6/7 compared to day 4.",0,raw,"globally[4,6](vp40(t) > c(mid)) and eventually[6,7](d_vp40(t) > d_c(low))",,0.442548,,
"Quantitatively, higher staining for VP40 (EBOV antigen) was noted in the infected animals compared to the control animal, in the thalamus and in the midbrain, increasing further on day 6/7 compared to day 4.",0,raw,"vp40(t) > c(high) and eventually[4,6](d_vp40(t) > d_c(low))",,0.448871,,
"Quantitatively, higher staining for VP40 (EBOV antigen) was noted in the infected animals compared to the control animal, in the thalamus and in the midbrain, increasing further on day 6/7 compared to day 4.",0,raw,"vp40(t) > c(low) and eventually[4,7]globally(d_vp40(t) > d_c(low))",,0.443964,,
"Quantitatively, higher staining for VP40 (EBOV antigen) was noted in the infected animals compared to the control animal, in the thalamus and in the midbrain, increasing further on day 6/7 compared to day 4.",0,raw,"eventually[4,7]globally(vp40(t) > c(low)) and d_vp40(t) > d_c(low)",,0.440877,,
"Quantitatively, higher staining for VP40 (EBOV antigen) was noted in the infected animals compared to the control animal, in the thalamus and in the midbrain, increasing further on day 6/7 compared to day 4.",0,raw,"eventually[4,7]globally(vp40(t) > c(low) and d_vp40(t) > d_c(low))",,0.444266,,
"Quantitatively, higher staining for VP40 (EBOV antigen) was noted in the infected animals compared to the control animal, in the thalamus and in the midbrain, increasing further on day 6/7 compared to day 4.",0,raw,"vp40(t) > c(low) and eventually[4,7](d_vp40(t) > d_c(low))",,0.446351,,
"Quantitatively, higher staining for VP40 (EBOV antigen) was noted in the infected animals compared to the control animal, in the thalamus and in the midbrain, increasing further on day 6/7 compared to day 4.",0,filtered,"vp40(t) > c(high) and eventually[4,6](d_vp40(t) > d_c(low))",0,0.448871,,
"Quantitatively, higher staining for VP40 (EBOV antigen) was noted in the infected animals compared to the control animal, in the thalamus and in the midbrain, increasing further on day 6/7 compared to day 4.",0,filtered,"vp40(t) > c(low) and eventually[4,7](d_vp40(t) > d_c(low))",1,0.446351,,
"Quantitatively, higher staining for VP40 (EBOV antigen) was noted in the infected animals compared to the control animal, in the thalamus and in the midbrain, increasing further on day 6/7 compared to day 4.",0,consolidated,vp40(t) > c(low),1,0.421705,,
"Quantitatively, higher staining for VP40 (EBOV antigen) was noted in the infected animals compared to the control animal, in the thalamus and in the midbrain, increasing further on day 6/7 compared to day 4.",0,consolidated,"eventually[4,7](d_vp40(t) > d_c(low))",1,0.433129,,
"At the same time, the expression of GLUT3, a neuronal glucose transporter46, was seen both in the thalamus and in the midbrain, increasing further on day 6/7 compared to day 4 (Fig. 5a, b).",0,raw,"eventually[4,6](d_glut3(t) > d_c(low))",,0.592272,,
"At the same time, the expression of GLUT3, a neuronal glucose transporter46, was seen both in the thalamus and in the midbrain, increasing further on day 6/7 compared to day 4 (Fig. 5a, b).",0,raw,"eventually[4,7](d_glut3(t) > 0)",,0.626349,,
"At the same time, the expression of GLUT3, a neuronal glucose transporter46, was seen both in the thalamus and in the midbrain, increasing further on day 6/7 compared to day 4 (Fig. 5a, b).",0,raw,"eventually[4,7](d_glut3(t) > d_c(low))",,0.593882,,
"At the same time, the expression of GLUT3, a neuronal glucose transporter46, was seen both in the thalamus and in the midbrain, increasing further on day 6/7 compared to day 4 (Fig. 5a, b).",0,raw,"eventually[4,7](d_glut3(t) > 0)",,0.626349,,
"At the same time, the expression of GLUT3, a neuronal glucose transporter46, was seen both in the thalamus and in the midbrain, increasing further on day 6/7 compared to day 4 (Fig. 5a, b).",0,raw,"eventually[4,7](d_glut3(t) > 0)",,0.626349,,
"At the same time, the expression of GLUT3, a neuronal glucose transporter46, was seen both in the thalamus and in the midbrain, increasing further on day 6/7 compared to day 4 (Fig. 5a, b).",0,raw,"eventually[4,7](d_glut3(t) = d_c(high))",,0.60491,,
"At the same time, the expression of GLUT3, a neuronal glucose transporter46, was seen both in the thalamus and in the midbrain, increasing further on day 6/7 compared to day 4 (Fig. 5a, b).",0,raw,"globally[4,6](glut3(t) > c(low)) and eventually[4,7](d_glut3(t) = d_c(high))",,0.606451,,
"At the same time, the expression of GLUT3, a neuronal glucose transporter46, was seen both in the thalamus and in the midbrain, increasing further on day 6/7 compared to day 4 (Fig. 5a, b).",0,raw,"eventually[4,7](d_glut3(t) = d_c(high))",,0.60491,,
"At the same time, the expression of GLUT3, a neuronal glucose transporter46, was seen both in the thalamus and in the midbrain, increasing further on day 6/7 compared to day 4 (Fig. 5a, b).",0,raw,"eventually[4,7](d_glut3(t) > d_c(low))",,0.593882,,
"At the same time, the expression of GLUT3, a neuronal glucose transporter46, was seen both in the thalamus and in the midbrain, increasing further on day 6/7 compared to day 4 (Fig. 5a, b).",0,raw,"eventually[4,7](d_glut3(t) > 0)",,0.626349,,
"At the same time, the expression of GLUT3, a neuronal glucose transporter46, was seen both in the thalamus and in the midbrain, increasing further on day 6/7 compared to day 4 (Fig. 5a, b).",0,raw,"eventually[4,7](d_glut3(t) > d_c(low))",,0.593882,,
"At the same time, the expression of GLUT3, a neuronal glucose transporter46, was seen both in the thalamus and in the midbrain, increasing further on day 6/7 compared to day 4 (Fig. 5a, b).",0,raw,"eventually[4,6](d_glut3(t) = d_c(high))",,0.604096,,
"At the same time, the expression of GLUT3, a neuronal glucose transporter46, was seen both in the thalamus and in the midbrain, increasing further on day 6/7 compared to day 4 (Fig. 5a, b).",0,raw,"eventually[4,7](d_glut3(t) > d_c(low))",,0.593882,,
"At the same time, the expression of GLUT3, a neuronal glucose transporter46, was seen both in the thalamus and in the midbrain, increasing further on day 6/7 compared to day 4 (Fig. 5a, b).",0,raw,"globally[4,6](d_glut3(t) > 0)",,0.615329,,
"At the same time, the expression of GLUT3, a neuronal glucose transporter46, was seen both in the thalamus and in the midbrain, increasing further on day 6/7 compared to day 4 (Fig. 5a, b).",0,raw,"eventually[4,7](d_glut3(t) > d_c(low))",,0.593882,,
"At the same time, the expression of GLUT3, a neuronal glucose transporter46, was seen both in the thalamus and in the midbrain, increasing further on day 6/7 compared to day 4 (Fig. 5a, b).",0,raw,"eventually[6,7](d_glut3(t) > d_c(low))",,0.600577,,
"At the same time, the expression of GLUT3, a neuronal glucose transporter46, was seen both in the thalamus and in the midbrain, increasing further on day 6/7 compared to day 4 (Fig. 5a, b).",0,raw,"eventually[4,7](d_glut3(t) > d_c(low))",,0.593882,,
"At the same time, the expression of GLUT3, a neuronal glucose transporter46, was seen both in the thalamus and in the midbrain, increasing further on day 6/7 compared to day 4 (Fig. 5a, b).",0,raw,"eventually[4,7](d_glut3(t) > 0)",,0.626349,,
"At the same time, the expression of GLUT3, a neuronal glucose transporter46, was seen both in the thalamus and in the midbrain, increasing further on day 6/7 compared to day 4 (Fig. 5a, b).",0,raw,"eventually[4,7]globally(d_glut3(t) > d_c(low))",,0.594402,,
"At the same time, the expression of GLUT3, a neuronal glucose transporter46, was seen both in the thalamus and in the midbrain, increasing further on day 6/7 compared to day 4 (Fig. 5a, b).",0,raw,"eventually[4,7](d_glut3(t) > d_c(low))",,0.593882,,
"At the same time, the expression of GLUT3, a neuronal glucose transporter46, was seen both in the thalamus and in the midbrain, increasing further on day 6/7 compared to day 4 (Fig. 5a, b).",0,filtered,"eventually[4,7](d_glut3(t) > 0)",1,0.626349,,
"At the same time, the expression of GLUT3, a neuronal glucose transporter46, was seen both in the thalamus and in the midbrain, increasing further on day 6/7 compared to day 4 (Fig. 5a, b).",0,filtered,"eventually[4,7](d_glut3(t) > 0)",1,0.626349,,
"At the same time, the expression of GLUT3, a neuronal glucose transporter46, was seen both in the thalamus and in the midbrain, increasing further on day 6/7 compared to day 4 (Fig. 5a, b).",0,filtered,"eventually[4,7](d_glut3(t) > 0)",1,0.626349,,
"At the same time, the expression of GLUT3, a neuronal glucose transporter46, was seen both in the thalamus and in the midbrain, increasing further on day 6/7 compared to day 4 (Fig. 5a, b).",0,filtered,"eventually[4,7](d_glut3(t) > 0)",1,0.626349,,
"At the same time, the expression of GLUT3, a neuronal glucose transporter46, was seen both in the thalamus and in the midbrain, increasing further on day 6/7 compared to day 4 (Fig. 5a, b).",0,filtered,"eventually[4,7](d_glut3(t) > 0)",1,0.626349,,
"At the same time, the expression of GLUT3, a neuronal glucose transporter46, was seen both in the thalamus and in the midbrain, increasing further on day 6/7 compared to day 4 (Fig. 5a, b).",0,consolidated,"eventually[4,7](d_glut3(t) > 0)",1,0.626349,,
"Many of those stained positively for CC3/PARP1, consistent with apoptosis, starting on day 4 post inoculation, and progressing over time (Figs. 5 and 6).",0,raw,"eventually[4,inf](d_cc3(t) = d_c(high))",,0.403674,,
"Many of those stained positively for CC3/PARP1, consistent with apoptosis, starting on day 4 post inoculation, and progressing over time (Figs. 5 and 6).",0,raw,"eventually[4,inf]globally(d_il1β(t) > d_c(low))",,0.277518,,
"Many of those stained positively for CC3/PARP1, consistent with apoptosis, starting on day 4 post inoculation, and progressing over time (Figs. 5 and 6).",0,raw,"eventually[4,inf](cc3(t) > c(low) and d_cc3(t) > d_c(low))",,0.407931,,
"Many of those stained positively for CC3/PARP1, consistent with apoptosis, starting on day 4 post inoculation, and progressing over time (Figs. 5 and 6).",0,raw,"eventually[4,inf]globally(d_cc3(t) > d_c(low))",,0.393629,,
"Many of those stained positively for CC3/PARP1, consistent with apoptosis, starting on day 4 post inoculation, and progressing over time (Figs. 5 and 6).",0,raw,"eventually[4,inf]globally(d_cc3(t) > 0)",,0.411582,,
"Many of those stained positively for CC3/PARP1, consistent with apoptosis, starting on day 4 post inoculation, and progressing over time (Figs. 5 and 6).",0,raw,"eventually[4,inf](d_cc3(t) > d_c(low))",,0.396224,,
"Many of those stained positively for CC3/PARP1, consistent with apoptosis, starting on day 4 post inoculation, and progressing over time (Figs. 5 and 6).",0,raw,"eventually[4,inf](d_cc3(t) > d_c(low))",,0.396224,,
"Many of those stained positively for CC3/PARP1, consistent with apoptosis, starting on day 4 post inoculation, and progressing over time (Figs. 5 and 6).",0,raw,"eventually[4,inf]globally(d_cc3(t) > d_c(low))",,0.393629,,
"Many of those stained positively for CC3/PARP1, consistent with apoptosis, starting on day 4 post inoculation, and progressing over time (Figs. 5 and 6).",0,raw,"eventually[4,inf]globally(cc3(t) > c(mid))",,0.430317,,
"Many of those stained positively for CC3/PARP1, consistent with apoptosis, starting on day 4 post inoculation, and progressing over time (Figs. 5 and 6).",0,raw,"eventually[4,inf]globally(cc3(t) > c(low)) and d_cc3(t) > d_c(low)",,0.427,,
"Many of those stained positively for CC3/PARP1, consistent with apoptosis, starting on day 4 post inoculation, and progressing over time (Figs. 5 and 6).",0,raw,"eventually[4,inf](d_cc3(t) > 0)",,0.4139,,
"Many of those stained positively for CC3/PARP1, consistent with apoptosis, starting on day 4 post inoculation, and progressing over time (Figs. 5 and 6).",0,raw,"eventually[4,inf]globally(d_cc3(t) > d_c(low))",,0.393629,,
"Many of those stained positively for CC3/PARP1, consistent with apoptosis, starting on day 4 post inoculation, and progressing over time (Figs. 5 and 6).",0,raw,"eventually[4,inf]globally(d_cc3(t) > 0)",,0.411582,,
"Many of those stained positively for CC3/PARP1, consistent with apoptosis, starting on day 4 post inoculation, and progressing over time (Figs. 5 and 6).",0,raw,"eventually[4,inf](d_cc3(t) > d_c(low))",,0.396224,,
"Many of those stained positively for CC3/PARP1, consistent with apoptosis, starting on day 4 post inoculation, and progressing over time (Figs. 5 and 6).",0,raw,"eventually[4,inf](d_cc3(t) > d_c(low))",,0.396224,,
"Many of those stained positively for CC3/PARP1, consistent with apoptosis, starting on day 4 post inoculation, and progressing over time (Figs. 5 and 6).",0,raw,"eventually[4,inf](d_sarscov2(t) > d_c(low))",,0.168257,,
"Many of those stained positively for CC3/PARP1, consistent with apoptosis, starting on day 4 post inoculation, and progressing over time (Figs. 5 and 6).",0,raw,"globally[4,inf](d_cc3(t) > d_c(low))",,0.368478,,
"Many of those stained positively for CC3/PARP1, consistent with apoptosis, starting on day 4 post inoculation, and progressing over time (Figs. 5 and 6).",0,raw,"eventually[4,inf](d_cc3(t) > d_c(low))",,0.396224,,
"Many of those stained positively for CC3/PARP1, consistent with apoptosis, starting on day 4 post inoculation, and progressing over time (Figs. 5 and 6).",0,raw,"eventually[4,inf](d_cc3(t)=d_c(high))",,0.403674,,
"Many of those stained positively for CC3/PARP1, consistent with apoptosis, starting on day 4 post inoculation, and progressing over time (Figs. 5 and 6).",0,raw,"eventually[4,inf]globally(d_cc3(t) > d_c(low))",,0.393629,,
"Many of those stained positively for CC3/PARP1, consistent with apoptosis, starting on day 4 post inoculation, and progressing over time (Figs. 5 and 6).",0,raw,"globally[4,inf](d_cc3(t) > 0)",,0.385637,,
"Many of those stained positively for CC3/PARP1, consistent with apoptosis, starting on day 4 post inoculation, and progressing over time (Figs. 5 and 6).",0,filtered,"eventually[4,inf]globally(d_cc3(t) > 0)",1,0.411582,,
"Many of those stained positively for CC3/PARP1, consistent with apoptosis, starting on day 4 post inoculation, and progressing over time (Figs. 5 and 6).",0,filtered,"eventually[4,inf]globally(cc3(t) > c(mid))",1,0.430317,,
"Many of those stained positively for CC3/PARP1, consistent with apoptosis, starting on day 4 post inoculation, and progressing over time (Figs. 5 and 6).",0,filtered,"eventually[4,inf]globally(cc3(t) > c(low)) and d_cc3(t) > d_c(low)",0,0.427,,
"Many of those stained positively for CC3/PARP1, consistent with apoptosis, starting on day 4 post inoculation, and progressing over time (Figs. 5 and 6).",0,filtered,"eventually[4,inf](d_cc3(t) > 0)",1,0.4139,,
"Many of those stained positively for CC3/PARP1, consistent with apoptosis, starting on day 4 post inoculation, and progressing over time (Figs. 5 and 6).",0,filtered,"eventually[4,inf]globally(d_cc3(t) > 0)",1,0.411582,,
"Many of those stained positively for CC3/PARP1, consistent with apoptosis, starting on day 4 post inoculation, and progressing over time (Figs. 5 and 6).",0,consolidated,"eventually[4,inf](d_cc3(t) > 0)",1,0.4139,,
"Many of those stained positively for CC3/PARP1, consistent with apoptosis, starting on day 4 post inoculation, and progressing over time (Figs. 5 and 6).",0,consolidated,"eventually[4,inf]globally(cc3(t) > c(low))",1,0.443961,,
"Therefore, we analyzed control and TIM-1-/- organs following EBOV GPΔO/rVSV infection for the chemokines, CXCL10 (IP-10) and CCL2 (MCP-1). At least one of the two transcripts for these proinflammatory chemokines in all three organs was elevated in the control mice at both day 3 and/or 5 of infection compared to the TIM-1-/- mouse tissues (Fig 4).",0,raw,"eventually[3,5](ip10(t) > c(low))",,0.089778,,
"Therefore, we analyzed control and TIM-1-/- organs following EBOV GPΔO/rVSV infection for the chemokines, CXCL10 (IP-10) and CCL2 (MCP-1). At least one of the two transcripts for these proinflammatory chemokines in all three organs was elevated in the control mice at both day 3 and/or 5 of infection compared to the TIM-1-/- mouse tissues (Fig 4).",0,raw,"globally[3,5](ip10(t) > c(mid))",,0.089086,,
"Therefore, we analyzed control and TIM-1-/- organs following EBOV GPΔO/rVSV infection for the chemokines, CXCL10 (IP-10) and CCL2 (MCP-1). At least one of the two transcripts for these proinflammatory chemokines in all three organs was elevated in the control mice at both day 3 and/or 5 of infection compared to the TIM-1-/- mouse tissues (Fig 4).",0,raw,"globally[3,5](ip10(t) > c(high))",,0.09543,,
"Therefore, we analyzed control and TIM-1-/- organs following EBOV GPΔO/rVSV infection for the chemokines, CXCL10 (IP-10) and CCL2 (MCP-1). At least one of the two transcripts for these proinflammatory chemokines in all three organs was elevated in the control mice at both day 3 and/or 5 of infection compared to the TIM-1-/- mouse tissues (Fig 4).",0,raw,"eventually[3,5](ip10(t) > c(mid) and mcp(t) > c(mid))",,0.184748,,
"Therefore, we analyzed control and TIM-1-/- organs following EBOV GPΔO/rVSV infection for the chemokines, CXCL10 (IP-10) and CCL2 (MCP-1). At least one of the two transcripts for these proinflammatory chemokines in all three organs was elevated in the control mice at both day 3 and/or 5 of infection compared to the TIM-1-/- mouse tissues (Fig 4).",0,filtered,"eventually[3,5](ip10(t) > c(mid) and mcp(t) > c(mid))",1,0.184748,,
"Therefore, we analyzed control and TIM-1-/- organs following EBOV GPΔO/rVSV infection for the chemokines, CXCL10 (IP-10) and CCL2 (MCP-1). At least one of the two transcripts for these proinflammatory chemokines in all three organs was elevated in the control mice at both day 3 and/or 5 of infection compared to the TIM-1-/- mouse tissues (Fig 4).",0,consolidated,"eventually[3,5](ip10(t) > c(mid) and mcp(t) > c(mid))",1,0.184748,,
"However, by day 5 of EBOV GPΔO/rVSV infection, TIM-1-/- mice had a 100-fold reduction in viremia compared to control mice (Fig 2) and a similar trend was observed during infections with full length EBOV GP/rVSV (S3 Fig).",0,raw,"eventually[0,5](virus(t) < c(low))",,0.390528,,
"However, by day 5 of EBOV GPΔO/rVSV infection, TIM-1-/- mice had a 100-fold reduction in viremia compared to control mice (Fig 2) and a similar trend was observed during infections with full length EBOV GP/rVSV (S3 Fig).",0,raw,"globally[5,inf](virus(t) < c(low))",,0.363265,,
"However, by day 5 of EBOV GPΔO/rVSV infection, TIM-1-/- mice had a 100-fold reduction in viremia compared to control mice (Fig 2) and a similar trend was observed during infections with full length EBOV GP/rVSV (S3 Fig).",0,raw,"eventually[0,5](virus(t) < c(low))",,0.390528,,
"However, by day 5 of EBOV GPΔO/rVSV infection, TIM-1-/- mice had a 100-fold reduction in viremia compared to control mice (Fig 2) and a similar trend was observed during infections with full length EBOV GP/rVSV (S3 Fig).",0,raw,"globally[5,inf](virus(t) < c(low))",,0.363265,,
"However, by day 5 of EBOV GPΔO/rVSV infection, TIM-1-/- mice had a 100-fold reduction in viremia compared to control mice (Fig 2) and a similar trend was observed during infections with full length EBOV GP/rVSV (S3 Fig).",0,raw,"globally[5,inf](virus(t) < c(low))",,0.363265,,
"However, by day 5 of EBOV GPΔO/rVSV infection, TIM-1-/- mice had a 100-fold reduction in viremia compared to control mice (Fig 2) and a similar trend was observed during infections with full length EBOV GP/rVSV (S3 Fig).",0,raw,"eventually[5,5](virus(t) < c(low))",,0.39073,,
"However, by day 5 of EBOV GPΔO/rVSV infection, TIM-1-/- mice had a 100-fold reduction in viremia compared to control mice (Fig 2) and a similar trend was observed during infections with full length EBOV GP/rVSV (S3 Fig).",0,raw,"globally[5,inf](virus(t) < c(low))",,0.363265,,
"However, by day 5 of EBOV GPΔO/rVSV infection, TIM-1-/- mice had a 100-fold reduction in viremia compared to control mice (Fig 2) and a similar trend was observed during infections with full length EBOV GP/rVSV (S3 Fig).",0,raw,"eventually[5,5](virus(t) < c(low))",,0.39073,,
"However, by day 5 of EBOV GPΔO/rVSV infection, TIM-1-/- mice had a 100-fold reduction in viremia compared to control mice (Fig 2) and a similar trend was observed during infections with full length EBOV GP/rVSV (S3 Fig).",0,raw,"globally[5,5](virus(t) < c(low))",,0.375299,,
"However, by day 5 of EBOV GPΔO/rVSV infection, TIM-1-/- mice had a 100-fold reduction in viremia compared to control mice (Fig 2) and a similar trend was observed during infections with full length EBOV GP/rVSV (S3 Fig).",0,raw,"globally[0,5](virus(t) < c(low))",,0.377268,,
"However, by day 5 of EBOV GPΔO/rVSV infection, TIM-1-/- mice had a 100-fold reduction in viremia compared to control mice (Fig 2) and a similar trend was observed during infections with full length EBOV GP/rVSV (S3 Fig).",0,raw,"eventually[5,5](virus(t) < c(low))",,0.39073,,
"However, by day 5 of EBOV GPΔO/rVSV infection, TIM-1-/- mice had a 100-fold reduction in viremia compared to control mice (Fig 2) and a similar trend was observed during infections with full length EBOV GP/rVSV (S3 Fig).",0,raw,"eventually[0,5](virus(t) < c(low))",,0.390528,,
"However, by day 5 of EBOV GPΔO/rVSV infection, TIM-1-/- mice had a 100-fold reduction in viremia compared to control mice (Fig 2) and a similar trend was observed during infections with full length EBOV GP/rVSV (S3 Fig).",0,raw,"eventually[0,5](virus(t) < c(low))",,0.390528,,
"However, by day 5 of EBOV GPΔO/rVSV infection, TIM-1-/- mice had a 100-fold reduction in viremia compared to control mice (Fig 2) and a similar trend was observed during infections with full length EBOV GP/rVSV (S3 Fig).",0,raw,"globally[5,5](virus(t) < c(low)) implies globally[5,5](virus(t) < c(low))",,0.342272,,
"However, by day 5 of EBOV GPΔO/rVSV infection, TIM-1-/- mice had a 100-fold reduction in viremia compared to control mice (Fig 2) and a similar trend was observed during infections with full length EBOV GP/rVSV (S3 Fig).",0,raw,"eventually[0,5](virus(t) < c(low))",,0.390528,,
"However, by day 5 of EBOV GPΔO/rVSV infection, TIM-1-/- mice had a 100-fold reduction in viremia compared to control mice (Fig 2) and a similar trend was observed during infections with full length EBOV GP/rVSV (S3 Fig).",0,raw,"globally[5,inf](virus(t) < c(low))",,0.363265,,
"However, by day 5 of EBOV GPΔO/rVSV infection, TIM-1-/- mice had a 100-fold reduction in viremia compared to control mice (Fig 2) and a similar trend was observed during infections with full length EBOV GP/rVSV (S3 Fig).",0,raw,"globally[0,5](virus(t) < c(low))",,0.377268,,
"However, by day 5 of EBOV GPΔO/rVSV infection, TIM-1-/- mice had a 100-fold reduction in viremia compared to control mice (Fig 2) and a similar trend was observed during infections with full length EBOV GP/rVSV (S3 Fig).",0,raw,"eventually[0,5](virus(t) < c(low))",,0.390528,,
"However, by day 5 of EBOV GPΔO/rVSV infection, TIM-1-/- mice had a 100-fold reduction in viremia compared to control mice (Fig 2) and a similar trend was observed during infections with full length EBOV GP/rVSV (S3 Fig).",0,filtered,"eventually[0,5](virus(t) < c(low))",1,0.390528,,
"However, by day 5 of EBOV GPΔO/rVSV infection, TIM-1-/- mice had a 100-fold reduction in viremia compared to control mice (Fig 2) and a similar trend was observed during infections with full length EBOV GP/rVSV (S3 Fig).",0,filtered,"eventually[0,5](virus(t) < c(low))",1,0.390528,,
"However, by day 5 of EBOV GPΔO/rVSV infection, TIM-1-/- mice had a 100-fold reduction in viremia compared to control mice (Fig 2) and a similar trend was observed during infections with full length EBOV GP/rVSV (S3 Fig).",0,filtered,"eventually[5,5](virus(t) < c(low))",1,0.39073,,
"However, by day 5 of EBOV GPΔO/rVSV infection, TIM-1-/- mice had a 100-fold reduction in viremia compared to control mice (Fig 2) and a similar trend was observed during infections with full length EBOV GP/rVSV (S3 Fig).",0,filtered,"eventually[5,5](virus(t) < c(low))",1,0.39073,,
"However, by day 5 of EBOV GPΔO/rVSV infection, TIM-1-/- mice had a 100-fold reduction in viremia compared to control mice (Fig 2) and a similar trend was observed during infections with full length EBOV GP/rVSV (S3 Fig).",0,filtered,"eventually[5,5](virus(t) < c(low))",1,0.39073,,
"However, by day 5 of EBOV GPΔO/rVSV infection, TIM-1-/- mice had a 100-fold reduction in viremia compared to control mice (Fig 2) and a similar trend was observed during infections with full length EBOV GP/rVSV (S3 Fig).",0,filtered,"eventually[0,5](virus(t) < c(low))",1,0.390528,,
"However, by day 5 of EBOV GPΔO/rVSV infection, TIM-1-/- mice had a 100-fold reduction in viremia compared to control mice (Fig 2) and a similar trend was observed during infections with full length EBOV GP/rVSV (S3 Fig).",0,filtered,"eventually[0,5](virus(t) < c(low))",1,0.390528,,
"However, by day 5 of EBOV GPΔO/rVSV infection, TIM-1-/- mice had a 100-fold reduction in viremia compared to control mice (Fig 2) and a similar trend was observed during infections with full length EBOV GP/rVSV (S3 Fig).",0,filtered,"eventually[0,5](virus(t) < c(low))",1,0.390528,,
"However, by day 5 of EBOV GPΔO/rVSV infection, TIM-1-/- mice had a 100-fold reduction in viremia compared to control mice (Fig 2) and a similar trend was observed during infections with full length EBOV GP/rVSV (S3 Fig).",0,filtered,"eventually[0,5](virus(t) < c(low))",1,0.390528,,
"However, by day 5 of EBOV GPΔO/rVSV infection, TIM-1-/- mice had a 100-fold reduction in viremia compared to control mice (Fig 2) and a similar trend was observed during infections with full length EBOV GP/rVSV (S3 Fig).",0,consolidated,"eventually[0,5](virus(t) < c(low))",1,0.390528,,
"Ebola survivors need 158 days to clear the virus, and Ebola fatalities result when the individual cannot clear the virus before death (17).",1,raw,"globally[0,158](d_virus(t) < 0) implies eventually[0,inf](virus(t) < c(low))",,0.384854,,
"Ebola survivors need 158 days to clear the virus, and Ebola fatalities result when the individual cannot clear the virus before death (17).",1,raw,"eventually[0,158](virus(t) = c(low)) implies globally[0,inf](virus(t) > c(low))",,0.442573,,
"Ebola survivors need 158 days to clear the virus, and Ebola fatalities result when the individual cannot clear the virus before death (17).",1,raw,"globally[0,158](d_virus(t) < 0 and virus(t) > c(low)) implies eventually[0,158](d_virus(t) = 0)",,0.404271,,
"Ebola survivors need 158 days to clear the virus, and Ebola fatalities result when the individual cannot clear the virus before death (17).",1,raw,"globally[0,158](virus(t) < c(low)) and globally[0,inf](virus(t) > c(low) implies virus(t) > c(low))",,0.402004,,
"Ebola survivors need 158 days to clear the virus, and Ebola fatalities result when the individual cannot clear the virus before death (17).",1,raw,"eventually[0,158]globally(virus(t) < c(low)) and globally[0,17](virus(t) > c(low))",,0.427036,,
"Ebola survivors need 158 days to clear the virus, and Ebola fatalities result when the individual cannot clear the virus before death (17).",1,raw,"eventually[0,158](virus(t) < c(low)) and globally[0,17](virus(t) > c(high))",,0.425019,,
"Ebola survivors need 158 days to clear the virus, and Ebola fatalities result when the individual cannot clear the virus before death (17).",1,raw,"eventually[0,158](virus(t) < c(low)) and globally[0,17](virus(t) > c(high)) implies globally[0,17](virus(t) > c(high))",,0.421629,,
"Ebola survivors need 158 days to clear the virus, and Ebola fatalities result when the individual cannot clear the virus before death (17).",1,raw,"eventually[0,158](virus(t)=c(low)) and globally[0,17](virus(t)>c(low))",,0.438458,,
"Ebola survivors need 158 days to clear the virus, and Ebola fatalities result when the individual cannot clear the virus before death (17).",1,raw,"eventually[0,158](sarscov2(t) = c(low)) implies globally[0,17](sarscov2(t) > c(low))",,0.309176,,
"Ebola survivors need 158 days to clear the virus, and Ebola fatalities result when the individual cannot clear the virus before death (17).",1,raw,"globally[0,158](virus(t) < c(low)) implies eventually[0,inf](virus(t) > c(high))",,0.426698,,
"Ebola survivors need 158 days to clear the virus, and Ebola fatalities result when the individual cannot clear the virus before death (17).",1,raw,"eventually[0,158](virus(t) = c(low)) and globally[0,inf](virus(t) > c(low))",,0.418317,,
"Ebola survivors need 158 days to clear the virus, and Ebola fatalities result when the individual cannot clear the virus before death (17).",1,raw,"globally[0,158](d_virus(t) < 0 and virus(t) > c(high)) implies eventually[0,158](virus(t) < c(high))",,0.416549,,
"Ebola survivors need 158 days to clear the virus, and Ebola fatalities result when the individual cannot clear the virus before death (17).",1,raw,"globally[0,158](virus(t) > c(low)) and globally[158,inf](virus(t) = c(low))",,0.417253,,
"Ebola survivors need 158 days to clear the virus, and Ebola fatalities result when the individual cannot clear the virus before death (17).",1,raw,"eventually[0,158]globally(d_virus(t) < 0) and globally[0,17](virus(t) > c(high))",,0.401501,,
"Ebola survivors need 158 days to clear the virus, and Ebola fatalities result when the individual cannot clear the virus before death (17).",1,raw,"globally[0,158](virus(t)=c(low)) and globally[0,17](virus(t)>c(high)) implies eventually[0,17](virus(t)=c(low))",,0.436893,,
"Ebola survivors need 158 days to clear the virus, and Ebola fatalities result when the individual cannot clear the virus before death (17).",1,raw,"eventually[0,158](sarscov2(t) = c(low)) implies globally[0,inf](sarscov2(t) > c(low))",,0.283213,,
"Ebola survivors need 158 days to clear the virus, and Ebola fatalities result when the individual cannot clear the virus before death (17).",1,filtered,"eventually[0,158](virus(t) = c(low)) implies globally[0,inf](virus(t) > c(low))",0,0.442573,,
"Ebola survivors need 158 days to clear the virus, and Ebola fatalities result when the individual cannot clear the virus before death (17).",1,filtered,"eventually[0,158]globally(virus(t) < c(low)) and globally[0,17](virus(t) > c(low))",0,0.427036,,
"Ebola survivors need 158 days to clear the virus, and Ebola fatalities result when the individual cannot clear the virus before death (17).",1,filtered,"eventually[0,158](virus(t)=c(low)) and globally[0,17](virus(t)>c(low))",0,0.438458,,
"Ebola survivors need 158 days to clear the virus, and Ebola fatalities result when the individual cannot clear the virus before death (17).",1,filtered,"globally[0,158](virus(t)=c(low)) and globally[0,17](virus(t)>c(high)) implies eventually[0,17](virus(t)=c(low))",0,0.436893,,
"Ebola survivors need 158 days to clear the virus, and Ebola fatalities result when the individual cannot clear the virus before death (17).",1,consolidated,"eventually[0,158](virus(t) = c(low)) implies globally[0,inf](virus(t) > c(low))",0,0.442573,,
"Ebola survivors need 158 days to clear the virus, and Ebola fatalities result when the individual cannot clear the virus before death (17).",1,consolidated,"eventually[0,158]globally(virus(t) < c(low))",1,0.43641,,
"Ebola survivors need 158 days to clear the virus, and Ebola fatalities result when the individual cannot clear the virus before death (17).",1,consolidated,"eventually[0,158](virus(t)=c(low))",1,0.449266,,
"Ebola survivors need 158 days to clear the virus, and Ebola fatalities result when the individual cannot clear the virus before death (17).",1,consolidated,"globally[0,17](virus(t)>c(low))",0,0.440259,,
"Ebola survivors need 158 days to clear the virus, and Ebola fatalities result when the individual cannot clear the virus before death (17).",1,consolidated,"globally[0,17](virus(t)>c(high)) implies eventually[0,17](virus(t)=c(low))",0,0.455756,,
Patients with primary dengue hemorrhagic fever need a long time (far more than 12 days) to clear the viral protein NS1 (18).,0,raw,"globally[12,inf](ns1(t) > c(high))",,0.214331,,
Patients with primary dengue hemorrhagic fever need a long time (far more than 12 days) to clear the viral protein NS1 (18).,0,raw,"globally[0,12](ns1(t) > c(mid)) and eventually[13,inf](ns1(t) < c(low))",,0.220211,,
Patients with primary dengue hemorrhagic fever need a long time (far more than 12 days) to clear the viral protein NS1 (18).,0,raw,"eventually[12,inf](ns1(t) = c(low))",,0.25421,,
Patients with primary dengue hemorrhagic fever need a long time (far more than 12 days) to clear the viral protein NS1 (18).,0,raw,"globally[0,12](d_ns1(t) > -d_c(high))",,0.238839,,
Patients with primary dengue hemorrhagic fever need a long time (far more than 12 days) to clear the viral protein NS1 (18).,0,raw,"globally[0,12](ns1(t) > c(high))",,0.231133,,
Patients with primary dengue hemorrhagic fever need a long time (far more than 12 days) to clear the viral protein NS1 (18).,0,raw,"globally[12,inf](ns1(t) > c(high))",,0.214331,,
Patients with primary dengue hemorrhagic fever need a long time (far more than 12 days) to clear the viral protein NS1 (18).,0,raw,"globally[0,12](ns1(t) > c(high))",,0.231133,,
Patients with primary dengue hemorrhagic fever need a long time (far more than 12 days) to clear the viral protein NS1 (18).,0,raw,"globally[0,12](ns1(t) > c(low))",,0.233802,,
Patients with primary dengue hemorrhagic fever need a long time (far more than 12 days) to clear the viral protein NS1 (18).,0,raw,"eventually[12,inf](d_ns1(t) < -d_c(low))",,0.247565,,
Patients with primary dengue hemorrhagic fever need a long time (far more than 12 days) to clear the viral protein NS1 (18).,0,raw,"globally[12,inf](ns1(t) > c(high))",,0.214331,,
Patients with primary dengue hemorrhagic fever need a long time (far more than 12 days) to clear the viral protein NS1 (18).,0,raw,"globally[0,12](ns1(t) > c(low))",,0.233802,,
Patients with primary dengue hemorrhagic fever need a long time (far more than 12 days) to clear the viral protein NS1 (18).,0,raw,"globally[0,12](ns1(t) > c(low))",,0.233802,,
Patients with primary dengue hemorrhagic fever need a long time (far more than 12 days) to clear the viral protein NS1 (18).,0,raw,"globally[0,12](ns1(t) > c(mid))",,0.243931,,
Patients with primary dengue hemorrhagic fever need a long time (far more than 12 days) to clear the viral protein NS1 (18).,0,raw,"globally[0,12](ns1(t) > c(high))",,0.231133,,
Patients with primary dengue hemorrhagic fever need a long time (far more than 12 days) to clear the viral protein NS1 (18).,0,raw,"eventually[12,inf](ns1(t) = c(low))",,0.25421,,
Patients with primary dengue hemorrhagic fever need a long time (far more than 12 days) to clear the viral protein NS1 (18).,0,raw,"globally[0,12](ns1(t) > c(high)) and eventually[12,inf](d_ns1(t) < -d_c(low))",,0.208991,,
Patients with primary dengue hemorrhagic fever need a long time (far more than 12 days) to clear the viral protein NS1 (18).,0,raw,"globally[0,12](ns1(t) > c(high)) and globally[0,12](d_ns1(t) > -d_c(high))",,0.202153,,
Patients with primary dengue hemorrhagic fever need a long time (far more than 12 days) to clear the viral protein NS1 (18).,0,raw,"globally[0,12](ns1(t) > c(low)) implies eventually[12,inf](d_ns1(t) < 0)",,0.191229,,
Patients with primary dengue hemorrhagic fever need a long time (far more than 12 days) to clear the viral protein NS1 (18).,0,raw,"eventually[12,inf](d_sarscov2(t) < -d_c(low))",,0.219919,,
Patients with primary dengue hemorrhagic fever need a long time (far more than 12 days) to clear the viral protein NS1 (18).,0,raw,"globally[0,12](ns1(t) > c(mid)) and eventually[12,inf](ns1(t) < c(low))",,0.216344,,
Patients with primary dengue hemorrhagic fever need a long time (far more than 12 days) to clear the viral protein NS1 (18).,0,raw,"globally[0,12](ns1(t) > c(low)) and eventually[12,inf](ns1(t) < c(low))",,0.198594,,
Patients with primary dengue hemorrhagic fever need a long time (far more than 12 days) to clear the viral protein NS1 (18).,0,raw,"globally[0,12](ns1(t) > c(low))",,0.233802,,
Patients with primary dengue hemorrhagic fever need a long time (far more than 12 days) to clear the viral protein NS1 (18).,0,raw,"globally[0,12](ns1(t) > c(high)) and eventually[13,inf](d_ns1(t) < -d_c(low))",,0.214436,,
Patients with primary dengue hemorrhagic fever need a long time (far more than 12 days) to clear the viral protein NS1 (18).,0,raw,"globally[12,inf](ns1(t) > c(low))",,0.220806,,
Patients with primary dengue hemorrhagic fever need a long time (far more than 12 days) to clear the viral protein NS1 (18).,0,filtered,"eventually[12,inf](ns1(t) = c(low))",1,0.25421,,
Patients with primary dengue hemorrhagic fever need a long time (far more than 12 days) to clear the viral protein NS1 (18).,0,filtered,"globally[0,12](d_ns1(t) > -d_c(high))",0,0.238839,,
Patients with primary dengue hemorrhagic fever need a long time (far more than 12 days) to clear the viral protein NS1 (18).,0,filtered,"eventually[12,inf](d_ns1(t) < -d_c(low))",1,0.247565,,
Patients with primary dengue hemorrhagic fever need a long time (far more than 12 days) to clear the viral protein NS1 (18).,0,filtered,"globally[0,12](ns1(t) > c(mid))",1,0.243931,,
Patients with primary dengue hemorrhagic fever need a long time (far more than 12 days) to clear the viral protein NS1 (18).,0,filtered,"eventually[12,inf](ns1(t) = c(low))",1,0.25421,,
Patients with primary dengue hemorrhagic fever need a long time (far more than 12 days) to clear the viral protein NS1 (18).,0,consolidated,"eventually[12,inf](ns1(t) = c(low))",1,0.25421,,
Patients with primary dengue hemorrhagic fever need a long time (far more than 12 days) to clear the viral protein NS1 (18).,0,consolidated,"globally[0,12](ns1(t) > c(mid))",1,0.243931,,
Patients with primary dengue hemorrhagic fever need a long time (far more than 12 days) to clear the viral protein NS1 (18).,0,consolidated,"globally[0,12](d_ns1(t) > -d_c(high))",0,0.238839,,
Patients with primary dengue hemorrhagic fever need a long time (far more than 12 days) to clear the viral protein NS1 (18).,0,consolidated,"eventually[12,inf](d_ns1(t) < -d_c(low))",1,0.247565,,
"85% of HCV patients cannot clear the virus within 9 months (15% of patients cleared HCV spontaneously within 108 days) (19, 20).",2,raw,"globally[0,270](virus(t) > c(mid)) and eventually[0,108](virus(t) < c(low))",,0.512389,,
"85% of HCV patients cannot clear the virus within 9 months (15% of patients cleared HCV spontaneously within 108 days) (19, 20).",2,raw,"globally[0,270](virus(t) > c(mid)) and eventually[0,108](d_virus(t) < -d_c(high))",,0.466991,,
"85% of HCV patients cannot clear the virus within 9 months (15% of patients cleared HCV spontaneously within 108 days) (19, 20).",2,raw,"eventually[0,108](virus(t) < c(low)) and globally[0,270](virus(t) > c(high))",,0.477283,,
"85% of HCV patients cannot clear the virus within 9 months (15% of patients cleared HCV spontaneously within 108 days) (19, 20).",2,raw,"globally[0,270](sarscov2(t) > c(mid)) and eventually[0,108](sarscov2(t) < c(low))",,0.283623,,
"85% of HCV patients cannot clear the virus within 9 months (15% of patients cleared HCV spontaneously within 108 days) (19, 20).",2,raw,"globally[0,270](virus(t) > c(high)) and eventually[0,108](d_virus(t) < -d_c(low))",,0.448941,,
"85% of HCV patients cannot clear the virus within 9 months (15% of patients cleared HCV spontaneously within 108 days) (19, 20).",2,raw,"globally[0,270](virus(t) > c(high)) and eventually[0,108](d_virus(t) < -d_c(low))",,0.448941,,
"85% of HCV patients cannot clear the virus within 9 months (15% of patients cleared HCV spontaneously within 108 days) (19, 20).",2,raw,"globally[0,270](sarscov2(t) > c(high)) and eventually[0,108](d_sarscov2(t) < 0)",,0.209974,,
"85% of HCV patients cannot clear the virus within 9 months (15% of patients cleared HCV spontaneously within 108 days) (19, 20).",2,raw,"globally[0,270](virus(t) > c(high)) and eventually[0,108](virus(t) < c(low))",,0.486789,,
"85% of HCV patients cannot clear the virus within 9 months (15% of patients cleared HCV spontaneously within 108 days) (19, 20).",2,raw,"globally[0,270](sarscov2(t) > c(mid)) and eventually[0,108](sarscov2(t) < c(low))",,0.283623,,
"85% of HCV patients cannot clear the virus within 9 months (15% of patients cleared HCV spontaneously within 108 days) (19, 20).",2,raw,"globally[0,270](virus(t) > c(low)) and eventually[0,108](virus(t) = c(low))",,0.506361,,
"85% of HCV patients cannot clear the virus within 9 months (15% of patients cleared HCV spontaneously within 108 days) (19, 20).",2,raw,"globally[0,270](virus(t) > c(low)) and eventually[0,108](virus(t) = c(low))",,0.506361,,
"85% of HCV patients cannot clear the virus within 9 months (15% of patients cleared HCV spontaneously within 108 days) (19, 20).",2,raw,"globally[0,270](virus(t) > c(mid))",,0.501502,,
"85% of HCV patients cannot clear the virus within 9 months (15% of patients cleared HCV spontaneously within 108 days) (19, 20).",2,raw,"globally[0,270](virus(t) > c(low)) and eventually[0,108](virus(t) < c(low))",,0.490971,,
"85% of HCV patients cannot clear the virus within 9 months (15% of patients cleared HCV spontaneously within 108 days) (19, 20).",2,raw,"globally[0,270](virus(t) > c(mid)) and eventually[0,108](virus(t) < c(mid))",,0.518501,,
"85% of HCV patients cannot clear the virus within 9 months (15% of patients cleared HCV spontaneously within 108 days) (19, 20).",2,raw,"globally[0,270](virus(t) > c(high)) and eventually[0,108](virus(t) = c(low))",,0.502957,,
"85% of HCV patients cannot clear the virus within 9 months (15% of patients cleared HCV spontaneously within 108 days) (19, 20).",2,raw,"globally[0,270](sarscov2(t) > c(high)) and eventually[0,108](sarscov2(t) = c(low))",,0.27876,,
"85% of HCV patients cannot clear the virus within 9 months (15% of patients cleared HCV spontaneously within 108 days) (19, 20).",2,raw,"globally[0,270](virus(t) > c(low)) and eventually[0,108](virus(t) = c(low))",,0.506361,,
"85% of HCV patients cannot clear the virus within 9 months (15% of patients cleared HCV spontaneously within 108 days) (19, 20).",2,raw,"globally[0,270](sarscov2(t) > c(low)) and eventually[0,108](sarscov2(t) < c(low))",,0.267024,,
"85% of HCV patients cannot clear the virus within 9 months (15% of patients cleared HCV spontaneously within 108 days) (19, 20).",2,raw,"globally[0,270](virus(t)>c(mid)) and eventually[0,108](virus(t)<c(low))",,0.512389,,
"85% of HCV patients cannot clear the virus within 9 months (15% of patients cleared HCV spontaneously within 108 days) (19, 20).",2,raw,"globally[0,270](sarscov2(t) > c(high)) and eventually[0,108](sarscov2(t) < c(low))",,0.260416,,
"85% of HCV patients cannot clear the virus within 9 months (15% of patients cleared HCV spontaneously within 108 days) (19, 20).",2,raw,"globally[0,270](virus(t) > c(high)) and eventually[0,108](virus(t) = c(low))",,0.502957,,
"85% of HCV patients cannot clear the virus within 9 months (15% of patients cleared HCV spontaneously within 108 days) (19, 20).",2,raw,"globally[0,270](sarscov2(t) > c(high)) and eventually[0,108](sarscov2(t) < c(low))",,0.260416,,
"85% of HCV patients cannot clear the virus within 9 months (15% of patients cleared HCV spontaneously within 108 days) (19, 20).",2,raw,"globally[0,270](virus(t) > c(high)) and eventually[0,108](virus(t) < c(low))",,0.486789,,
"85% of HCV patients cannot clear the virus within 9 months (15% of patients cleared HCV spontaneously within 108 days) (19, 20).",2,raw,"globally[0,270](virus(t) > c(mid)) and eventually[0,108](virus(t) < c(low))",,0.512389,,
"85% of HCV patients cannot clear the virus within 9 months (15% of patients cleared HCV spontaneously within 108 days) (19, 20).",2,raw,"globally[0,270](virus(t)=c(high)) and eventually[0,108](virus(t)=c(low))",,0.514159,,
"85% of HCV patients cannot clear the virus within 9 months (15% of patients cleared HCV spontaneously within 108 days) (19, 20).",2,raw,"globally[0,270](virus(t)=c(high)) and eventually[0,108](virus(t)=c(low))",,0.514159,,
"85% of HCV patients cannot clear the virus within 9 months (15% of patients cleared HCV spontaneously within 108 days) (19, 20).",2,filtered,"globally[0,270](virus(t) > c(mid)) and eventually[0,108](virus(t) < c(low))",1,0.512389,,
"85% of HCV patients cannot clear the virus within 9 months (15% of patients cleared HCV spontaneously within 108 days) (19, 20).",2,filtered,"globally[0,270](virus(t) > c(mid)) and eventually[0,108](virus(t) < c(mid))",1,0.518501,,
"85% of HCV patients cannot clear the virus within 9 months (15% of patients cleared HCV spontaneously within 108 days) (19, 20).",2,filtered,"globally[0,270](virus(t)>c(mid)) and eventually[0,108](virus(t)<c(low))",1,0.512389,,
"85% of HCV patients cannot clear the virus within 9 months (15% of patients cleared HCV spontaneously within 108 days) (19, 20).",2,filtered,"globally[0,270](virus(t) > c(mid)) and eventually[0,108](virus(t) < c(low))",1,0.512389,,
"85% of HCV patients cannot clear the virus within 9 months (15% of patients cleared HCV spontaneously within 108 days) (19, 20).",2,filtered,"globally[0,270](virus(t)=c(high)) and eventually[0,108](virus(t)=c(low))",1,0.514159,,
"85% of HCV patients cannot clear the virus within 9 months (15% of patients cleared HCV spontaneously within 108 days) (19, 20).",2,filtered,"globally[0,270](virus(t)=c(high)) and eventually[0,108](virus(t)=c(low))",1,0.514159,,
"85% of HCV patients cannot clear the virus within 9 months (15% of patients cleared HCV spontaneously within 108 days) (19, 20).",2,consolidated,"eventually[0,108](virus(t) < c(mid))",1,0.491839,,
"85% of HCV patients cannot clear the virus within 9 months (15% of patients cleared HCV spontaneously within 108 days) (19, 20).",2,consolidated,"globally[0,270](virus(t)>c(mid))",1,0.501502,,
Viral RNA decreased slightly in the survivor between days 8 and 10 and was no longer detectable after day 12.,2,raw,"globally[8,10](d_virus(t) < -d_c(low)) and globally[12,inf](virus(t) < c(low))",,0.622732,,
Viral RNA decreased slightly in the survivor between days 8 and 10 and was no longer detectable after day 12.,2,raw,"globally[8,10](d_virus(t) < -d_c(low)) and globally[12,inf](virus(t) < c(low))",,0.622732,,
Viral RNA decreased slightly in the survivor between days 8 and 10 and was no longer detectable after day 12.,2,raw,"globally[8,10](d_virus(t) < -d_c(low)) and globally[12,inf](virus(t) < c(low))",,0.622732,,
Viral RNA decreased slightly in the survivor between days 8 and 10 and was no longer detectable after day 12.,2,raw,"globally[8,10](d_virus(t) < -d_c(low)) and eventually[12,inf]globally(virus(t) < c(low))",,0.640388,,
Viral RNA decreased slightly in the survivor between days 8 and 10 and was no longer detectable after day 12.,2,raw,"globally[8,10](d_virus(t) < -d_c(low)) and globally[12,inf](virus(t) = c(low))",,0.624609,,
Viral RNA decreased slightly in the survivor between days 8 and 10 and was no longer detectable after day 12.,2,raw,"globally[8,10](d_virus(t) < -d_c(low)) and globally[12,inf](virus(t) < c(low))",,0.622732,,
Viral RNA decreased slightly in the survivor between days 8 and 10 and was no longer detectable after day 12.,2,raw,"globally[8,10](d_virus(t) < -d_c(low)) and globally[12,inf](virus(t) < c(low))",,0.622732,,
Viral RNA decreased slightly in the survivor between days 8 and 10 and was no longer detectable after day 12.,2,raw,"eventually[8,10]globally(d_virus(t) < -d_c(low)) and eventually[12,inf]globally(virus(t) < c(low))",,0.644233,,
Viral RNA decreased slightly in the survivor between days 8 and 10 and was no longer detectable after day 12.,2,raw,"globally[8,10](d_virus(t) < -d_c(low)) and globally[12,inf](virus(t) < c(low))",,0.622732,,
Viral RNA decreased slightly in the survivor between days 8 and 10 and was no longer detectable after day 12.,2,raw,"globally[8,10](d_virus(t) < -d_c(low)) and globally[12,inf](virus(t) < c(low))",,0.622732,,
Viral RNA decreased slightly in the survivor between days 8 and 10 and was no longer detectable after day 12.,2,raw,"globally[8,10](d_virus(t) < -d_c(low)) and globally[12,inf](virus(t) < c(low))",,0.622732,,
Viral RNA decreased slightly in the survivor between days 8 and 10 and was no longer detectable after day 12.,2,raw,"eventually[8,10](d_virus(t) < -d_c(low)) and globally[12,inf](virus(t) < c(low))",,0.644017,,
Viral RNA decreased slightly in the survivor between days 8 and 10 and was no longer detectable after day 12.,2,raw,"globally[8,10](d_virus(t)<-d_c(low)) and globally[12,inf](virus(t)<c(low))",,0.622732,,
Viral RNA decreased slightly in the survivor between days 8 and 10 and was no longer detectable after day 12.,2,raw,"globally[8,10](d_virus(t) < -d_c(low)) and globally[12,inf](virus(t) < c(low))",,0.622732,,
Viral RNA decreased slightly in the survivor between days 8 and 10 and was no longer detectable after day 12.,2,raw,"globally[8,10](d_virus(t) < -d_c(low)) and globally[12,inf](virus(t) < c(low))",,0.622732,,
Viral RNA decreased slightly in the survivor between days 8 and 10 and was no longer detectable after day 12.,2,raw,"globally[8,10](d_virus(t) < -d_c(low)) and globally[12,inf](virus(t) < c(low))",,0.622732,,
Viral RNA decreased slightly in the survivor between days 8 and 10 and was no longer detectable after day 12.,2,raw,"globally[8,10](d_virus(t) < 0) and globally[12,inf](virus(t) < c(low))",,0.644109,,
Viral RNA decreased slightly in the survivor between days 8 and 10 and was no longer detectable after day 12.,2,raw,"globally[8,10](d_virus(t) < -d_c(low)) and globally[12,inf](virus(t) < c(low))",,0.622732,,
Viral RNA decreased slightly in the survivor between days 8 and 10 and was no longer detectable after day 12.,2,filtered,"globally[8,10](d_virus(t) < -d_c(low)) and eventually[12,inf]globally(virus(t) < c(low))",1,0.640388,,
Viral RNA decreased slightly in the survivor between days 8 and 10 and was no longer detectable after day 12.,2,filtered,"eventually[8,10]globally(d_virus(t) < -d_c(low)) and eventually[12,inf]globally(virus(t) < c(low))",1,0.644233,,
Viral RNA decreased slightly in the survivor between days 8 and 10 and was no longer detectable after day 12.,2,filtered,"eventually[8,10](d_virus(t) < -d_c(low)) and globally[12,inf](virus(t) < c(low))",1,0.644017,,
Viral RNA decreased slightly in the survivor between days 8 and 10 and was no longer detectable after day 12.,2,filtered,"globally[8,10](d_virus(t) < 0) and globally[12,inf](virus(t) < c(low))",1,0.644109,,
Viral RNA decreased slightly in the survivor between days 8 and 10 and was no longer detectable after day 12.,2,consolidated,"eventually[8,10](d_virus(t) < -d_c(low))",1,0.64765,,
Viral RNA decreased slightly in the survivor between days 8 and 10 and was no longer detectable after day 12.,2,consolidated,"globally[8,10](d_virus(t) < 0)",1,0.643404,,
Viral RNA decreased slightly in the survivor between days 8 and 10 and was no longer detectable after day 12.,2,consolidated,"eventually[12,inf]globally(virus(t) < c(low))",1,0.641293,,
"One animal, which succumbed on day 12, experienced a slight decrease in both ALT and AST on day 12 compared to day 10 post-infection.",1,raw,"eventually[10,12](d_alt(t) < 0 and d_ast(t) < 0)",,0.592528,,
"One animal, which succumbed on day 12, experienced a slight decrease in both ALT and AST on day 12 compared to day 10 post-infection.",1,raw,"globally[10,12](d_alt(t) < -d_c(low) and d_ast(t) < -d_c(low))",,0.566447,,
"One animal, which succumbed on day 12, experienced a slight decrease in both ALT and AST on day 12 compared to day 10 post-infection.",1,raw,"globally[10,12](d_alt(t) = -d_c(low) and d_ast(t) = -d_c(low))",,0.557903,,
"One animal, which succumbed on day 12, experienced a slight decrease in both ALT and AST on day 12 compared to day 10 post-infection.",1,raw,"eventually[10,12](d_alt(t) = -d_c(low) and d_ast(t) = -d_c(low))",,0.564087,,
"One animal, which succumbed on day 12, experienced a slight decrease in both ALT and AST on day 12 compared to day 10 post-infection.",1,raw,"globally[10,12](d_alt(t) < -d_c(low) and d_ast(t) < -d_c(low))",,0.566447,,
"One animal, which succumbed on day 12, experienced a slight decrease in both ALT and AST on day 12 compared to day 10 post-infection.",1,raw,"eventually[10,12](d_alt(t) < 0 and d_ast(t) < 0)",,0.592528,,
"One animal, which succumbed on day 12, experienced a slight decrease in both ALT and AST on day 12 compared to day 10 post-infection.",1,raw,"eventually[10,12](d_alt(t) = -d_c(low) and d_ast(t) = -d_c(low))",,0.564087,,
"One animal, which succumbed on day 12, experienced a slight decrease in both ALT and AST on day 12 compared to day 10 post-infection.",1,raw,"globally[12,12](d_alt(t) < -d_c(low) and d_ast(t) < -d_c(low))",,0.567439,,
"One animal, which succumbed on day 12, experienced a slight decrease in both ALT and AST on day 12 compared to day 10 post-infection.",1,raw,"globally[10,12](d_alt(t) < 0 and d_ast(t) < 0)",,0.58124,,
"One animal, which succumbed on day 12, experienced a slight decrease in both ALT and AST on day 12 compared to day 10 post-infection.",1,raw,"eventually[12,12](d_alt(t) < 0 and d_ast(t) < 0)",,0.592767,,
"One animal, which succumbed on day 12, experienced a slight decrease in both ALT and AST on day 12 compared to day 10 post-infection.",1,raw,d_alt(t) < -d_c(low) and d_ast(t) < -d_c(low),,0.421622,,
"One animal, which succumbed on day 12, experienced a slight decrease in both ALT and AST on day 12 compared to day 10 post-infection.",1,raw,"eventually[10,12](d_alt(t) < 0 and d_ast(t) < 0)",,0.592528,,
"One animal, which succumbed on day 12, experienced a slight decrease in both ALT and AST on day 12 compared to day 10 post-infection.",1,raw,"eventually[10,12](d_alt(t) = -d_c(low) and d_ast(t) = -d_c(low))",,0.564087,,
"One animal, which succumbed on day 12, experienced a slight decrease in both ALT and AST on day 12 compared to day 10 post-infection.",1,raw,"globally[10,12](d_alt(t) < -d_c(low) and d_ast(t) < -d_c(low))",,0.566447,,
"One animal, which succumbed on day 12, experienced a slight decrease in both ALT and AST on day 12 compared to day 10 post-infection.",1,raw,"globally[12,12](d_alt(t) < 0 and d_ast(t) < 0)",,0.579554,,
"One animal, which succumbed on day 12, experienced a slight decrease in both ALT and AST on day 12 compared to day 10 post-infection.",1,raw,"globally[10,12](d_alt(t) < -d_c(low) and d_ast(t) < -d_c(low))",,0.566447,,
"One animal, which succumbed on day 12, experienced a slight decrease in both ALT and AST on day 12 compared to day 10 post-infection.",1,raw,"globally[10,12](d_alt(t) < 0 and d_ast(t) < 0)",,0.58124,,
"One animal, which succumbed on day 12, experienced a slight decrease in both ALT and AST on day 12 compared to day 10 post-infection.",1,raw,d_alt(t) < -d_c(low) and d_ast(t) < -d_c(low),,0.421622,,
"One animal, which succumbed on day 12, experienced a slight decrease in both ALT and AST on day 12 compared to day 10 post-infection.",1,raw,"globally[10,12](d_alt(t) < -d_c(low) and d_ast(t) < -d_c(low))",,0.566447,,
"One animal, which succumbed on day 12, experienced a slight decrease in both ALT and AST on day 12 compared to day 10 post-infection.",1,raw,"globally[10,12](d_alt(t) < 0 and d_ast(t) < 0)",,0.58124,,
"One animal, which succumbed on day 12, experienced a slight decrease in both ALT and AST on day 12 compared to day 10 post-infection.",1,raw,"globally[10,12](d_alt(t) < 0 and d_ast(t) < 0)",,0.58124,,
"One animal, which succumbed on day 12, experienced a slight decrease in both ALT and AST on day 12 compared to day 10 post-infection.",1,filtered,"eventually[10,12](d_alt(t) < 0 and d_ast(t) < 0)",1,0.592528,,
"One animal, which succumbed on day 12, experienced a slight decrease in both ALT and AST on day 12 compared to day 10 post-infection.",1,filtered,"eventually[10,12](d_alt(t) < 0 and d_ast(t) < 0)",1,0.592528,,
"One animal, which succumbed on day 12, experienced a slight decrease in both ALT and AST on day 12 compared to day 10 post-infection.",1,filtered,"globally[10,12](d_alt(t) < 0 and d_ast(t) < 0)",1,0.58124,,
"One animal, which succumbed on day 12, experienced a slight decrease in both ALT and AST on day 12 compared to day 10 post-infection.",1,filtered,"eventually[12,12](d_alt(t) < 0 and d_ast(t) < 0)",1,0.592767,,
"One animal, which succumbed on day 12, experienced a slight decrease in both ALT and AST on day 12 compared to day 10 post-infection.",1,filtered,"eventually[10,12](d_alt(t) < 0 and d_ast(t) < 0)",1,0.592528,,
"One animal, which succumbed on day 12, experienced a slight decrease in both ALT and AST on day 12 compared to day 10 post-infection.",1,filtered,"globally[10,12](d_alt(t) < 0 and d_ast(t) < 0)",1,0.58124,,
"One animal, which succumbed on day 12, experienced a slight decrease in both ALT and AST on day 12 compared to day 10 post-infection.",1,filtered,"globally[10,12](d_alt(t) < 0 and d_ast(t) < 0)",1,0.58124,,
"One animal, which succumbed on day 12, experienced a slight decrease in both ALT and AST on day 12 compared to day 10 post-infection.",1,filtered,"globally[10,12](d_alt(t) < 0 and d_ast(t) < 0)",1,0.58124,,
"One animal, which succumbed on day 12, experienced a slight decrease in both ALT and AST on day 12 compared to day 10 post-infection.",1,consolidated,"eventually[10,12](d_alt(t) < 0 and d_ast(t) < 0)",1,0.592528,,
"The animal that survived challenge experienced peak ALKP on day 10, and levels were comparable to those of the animals that succumbed to infection.",0,raw,alkp(t)=c(high) and alkp(t)=c(high),,0.541111,,
"The animal that survived challenge experienced peak ALKP on day 10, and levels were comparable to those of the animals that succumbed to infection.",0,raw,"globally[10,10](alkp(t) = c(high)) and alkp(t) = c(high)",,0.655776,,
"The animal that survived challenge experienced peak ALKP on day 10, and levels were comparable to those of the animals that succumbed to infection.",0,raw,"globally[10,inf](alkp(t) = c(high)) and alkp(t) = c(high)",,0.629419,,
"The animal that survived challenge experienced peak ALKP on day 10, and levels were comparable to those of the animals that succumbed to infection.",0,raw,alkp(t)=c(high) and alkp(t)=c(high),,0.541111,,
"The animal that survived challenge experienced peak ALKP on day 10, and levels were comparable to those of the animals that succumbed to infection.",0,raw,"eventually[10,10](alkp(t) = c(high)) and globally[10,inf](alkp(t) = c(high))",,0.581893,,
"The animal that survived challenge experienced peak ALKP on day 10, and levels were comparable to those of the animals that succumbed to infection.",0,raw,"eventually[10,10](alkp(t) = c(high)) and eventually[10,10](alkp(t) = c(high))",,0.594494,,
"The animal that survived challenge experienced peak ALKP on day 10, and levels were comparable to those of the animals that succumbed to infection.",0,raw,"alkp(t) = c(high) and globally[10,10](alkp(t) = c(high))",,0.653149,,
"The animal that survived challenge experienced peak ALKP on day 10, and levels were comparable to those of the animals that succumbed to infection.",0,raw,alkp(t) = c(high),,0.549031,,
"The animal that survived challenge experienced peak ALKP on day 10, and levels were comparable to those of the animals that succumbed to infection.",0,raw,alkp(t)=c(high) and alkp(t)=c(high),,0.541111,,
"The animal that survived challenge experienced peak ALKP on day 10, and levels were comparable to those of the animals that succumbed to infection.",0,raw,"globally[10,10](alkp(t) = c(high))",,0.631903,,
"The animal that survived challenge experienced peak ALKP on day 10, and levels were comparable to those of the animals that succumbed to infection.",0,filtered,"globally[10,10](alkp(t) = c(high)) and alkp(t) = c(high)",0,0.655776,,
"The animal that survived challenge experienced peak ALKP on day 10, and levels were comparable to those of the animals that succumbed to infection.",0,filtered,"alkp(t) = c(high) and globally[10,10](alkp(t) = c(high))",0,0.653149,,
"The animal that survived challenge experienced peak ALKP on day 10, and levels were comparable to those of the animals that succumbed to infection.",0,consolidated,"globally[10,10](alkp(t) = c(high))",1,0.631903,,
"The animal that survived challenge experienced a 3.7-fold increase in triglycerides over baseline on day 10, which returned to baseline by day 14 (data not shown).",1,raw,"eventually[10,10](triglycerides(t) = c(high)) and globally[14,14](triglycerides(t) = c(low))",,0.71433,,
"The animal that survived challenge experienced a 3.7-fold increase in triglycerides over baseline on day 10, which returned to baseline by day 14 (data not shown).",1,raw,"eventually[0,10](triglycerides(t) > c(high)) and eventually[10,14](triglycerides(t) = triglycerides(0))",,0.709768,,
"The animal that survived challenge experienced a 3.7-fold increase in triglycerides over baseline on day 10, which returned to baseline by day 14 (data not shown).",1,raw,"eventually[10,10](d_triglycerides(t) > d_c(high)) and eventually[10,14](d_triglycerides(t) = 0)",,0.68209,,
"The animal that survived challenge experienced a 3.7-fold increase in triglycerides over baseline on day 10, which returned to baseline by day 14 (data not shown).",1,raw,"eventually[0,10](d_triglycerides(t) > d_c(high)) and eventually[10,14](d_triglycerides(t) < -d_c(high))",,0.663757,,
"The animal that survived challenge experienced a 3.7-fold increase in triglycerides over baseline on day 10, which returned to baseline by day 14 (data not shown).",1,raw,"eventually[0,10](triglycerides(t) = c(high)) and eventually[10,14]globally(triglycerides(t) = c(mid))",,0.728905,,
"The animal that survived challenge experienced a 3.7-fold increase in triglycerides over baseline on day 10, which returned to baseline by day 14 (data not shown).",1,raw,"eventually[0,10](d_triglycerides(t) = d_c(high)) and eventually[10,14](triglycerides(t) = triglycerides(0))",,0.676578,,
"The animal that survived challenge experienced a 3.7-fold increase in triglycerides over baseline on day 10, which returned to baseline by day 14 (data not shown).",1,raw,"eventually[0,10](d_triglycerides(t) = d_c(high)) and eventually[10,14](triglycerides(t) = triglycerides(0))",,0.676578,,
"The animal that survived challenge experienced a 3.7-fold increase in triglycerides over baseline on day 10, which returned to baseline by day 14 (data not shown).",1,raw,"eventually[10,10](triglycerides(t) > c(mid)) and eventually[14,14](triglycerides(t) = c(low))",,0.715326,,
"The animal that survived challenge experienced a 3.7-fold increase in triglycerides over baseline on day 10, which returned to baseline by day 14 (data not shown).",1,raw,"eventually[0,10](triglycerides(t) > c(high)) and eventually[10,14](triglycerides(t) = c(low))",,0.718171,,
"The animal that survived challenge experienced a 3.7-fold increase in triglycerides over baseline on day 10, which returned to baseline by day 14 (data not shown).",1,raw,"globally[10,10](triglycerides(t) > c(high)) and eventually[14,14](triglycerides(t) = c(low))",,0.707347,,
"The animal that survived challenge experienced a 3.7-fold increase in triglycerides over baseline on day 10, which returned to baseline by day 14 (data not shown).",1,raw,"eventually[10,10](d_triglycerides(t) > d_c(high)) and eventually[14,14](triglycerides(t) = triglycerides(0))",,0.700536,,
"The animal that survived challenge experienced a 3.7-fold increase in triglycerides over baseline on day 10, which returned to baseline by day 14 (data not shown).",1,raw,"eventually[10,10](triglycerides(t) > c(high)) and eventually[14,14](triglycerides(t) = c(low))",,0.721176,,
"The animal that survived challenge experienced a 3.7-fold increase in triglycerides over baseline on day 10, which returned to baseline by day 14 (data not shown).",1,raw,"eventually[10,10](d_triglycerides(t) > d_c(high)) and eventually[14,14](triglycerides(t) = triglycerides(0))",,0.700536,,
"The animal that survived challenge experienced a 3.7-fold increase in triglycerides over baseline on day 10, which returned to baseline by day 14 (data not shown).",1,raw,"eventually[10,10](d_triglycerides(t) = d_c(high)) and eventually[10,14](triglycerides(t) = triglycerides(10)) and eventually[14,14](triglycerides(t) = triglycerides(0))",,0.670794,,
"The animal that survived challenge experienced a 3.7-fold increase in triglycerides over baseline on day 10, which returned to baseline by day 14 (data not shown).",1,raw,"eventually[0,10](triglycerides(t) > c(high)) and eventually[10,14](triglycerides(t) = triglycerides(0))",,0.709768,,
"The animal that survived challenge experienced a 3.7-fold increase in triglycerides over baseline on day 10, which returned to baseline by day 14 (data not shown).",1,filtered,"eventually[0,10](triglycerides(t) = c(high)) and eventually[10,14]globally(triglycerides(t) = c(mid))",1,0.728905,,
"The animal that survived challenge experienced a 3.7-fold increase in triglycerides over baseline on day 10, which returned to baseline by day 14 (data not shown).",1,filtered,"eventually[0,10](triglycerides(t) > c(high)) and eventually[10,14](triglycerides(t) = c(low))",1,0.718171,,
"The animal that survived challenge experienced a 3.7-fold increase in triglycerides over baseline on day 10, which returned to baseline by day 14 (data not shown).",1,filtered,"eventually[10,10](triglycerides(t) > c(high)) and eventually[14,14](triglycerides(t) = c(low))",1,0.721176,,
"The animal that survived challenge experienced a 3.7-fold increase in triglycerides over baseline on day 10, which returned to baseline by day 14 (data not shown).",1,consolidated,"eventually[0,10](triglycerides(t) = c(high))",1,0.763947,,
"The animal that survived challenge experienced a 3.7-fold increase in triglycerides over baseline on day 10, which returned to baseline by day 14 (data not shown).",1,consolidated,"eventually[10,14]globally(triglycerides(t) = c(mid))",1,0.752497,,
"The animal that survived challenge experienced a 3.7-fold increase in triglycerides over baseline on day 10, which returned to baseline by day 14 (data not shown).",1,consolidated,"eventually[0,10](triglycerides(t) > c(high))",1,0.764704,,
"The animal that survived challenge experienced a 3.7-fold increase in triglycerides over baseline on day 10, which returned to baseline by day 14 (data not shown).",1,consolidated,"eventually[10,14](triglycerides(t) = c(low))",1,0.748981,,
"The animal that survived challenge experienced peak CRP levels on day 8, and levels were comparable to animals that did not survive challenge.",1,raw,"eventually[8,8](crp(t) = c(high))",,0.654625,,
"The animal that survived challenge experienced peak CRP levels on day 8, and levels were comparable to animals that did not survive challenge.",1,raw,"eventually[8,8](crp(t)=c(high) and crp(t)=c(high))",,0.653174,,
"The animal that survived challenge experienced peak CRP levels on day 8, and levels were comparable to animals that did not survive challenge.",1,raw,"eventually[8,8](crp(t) = c(high)) and crp(t) = c(mid)",,0.644507,,
"The animal that survived challenge experienced peak CRP levels on day 8, and levels were comparable to animals that did not survive challenge.",1,raw,"globally[8,8](crp(t)=c(high))",,0.634647,,
"The animal that survived challenge experienced peak CRP levels on day 8, and levels were comparable to animals that did not survive challenge.",1,raw,"globally[8,8](crp(t) = c(high))",,0.634647,,
"The animal that survived challenge experienced peak CRP levels on day 8, and levels were comparable to animals that did not survive challenge.",1,raw,"eventually[8,8](crp(t)=c(high)) and crp(t)=c(high)",,0.652406,,
"The animal that survived challenge experienced peak CRP levels on day 8, and levels were comparable to animals that did not survive challenge.",1,raw,"globally[8,8](crp(t) = c(high))",,0.634647,,
"The animal that survived challenge experienced peak CRP levels on day 8, and levels were comparable to animals that did not survive challenge.",1,raw,"eventually[8,8](crp(t) = c(high)) and crp(t) = c(high)",,0.652406,,
"The animal that survived challenge experienced peak CRP levels on day 8, and levels were comparable to animals that did not survive challenge.",1,raw,"eventually[8,8](crp(t) = c(high)) and crp(t) = c(high)",,0.652406,,
"The animal that survived challenge experienced peak CRP levels on day 8, and levels were comparable to animals that did not survive challenge.",1,filtered,"eventually[8,8](crp(t) = c(high))",1,0.654625,,
"The animal that survived challenge experienced peak CRP levels on day 8, and levels were comparable to animals that did not survive challenge.",1,filtered,"eventually[8,8](crp(t)=c(high) and crp(t)=c(high))",1,0.653174,,
"The animal that survived challenge experienced peak CRP levels on day 8, and levels were comparable to animals that did not survive challenge.",1,consolidated,"eventually[8,8](crp(t)=c(high) and crp(t)=c(high))",1,0.653174,,
"Neither IL-10 nor IFN-γ were detected in the serum of the animal that survived challenge, on the days tested.",2,raw,"globally[0,inf](il10(t) < c(low) and ifnγ(t) < c(low))",,0.620411,,
"Neither IL-10 nor IFN-γ were detected in the serum of the animal that survived challenge, on the days tested.",2,filtered,"globally[0,inf](il10(t) < c(low) and ifnγ(t) < c(low))",1,0.620411,,
"Neither IL-10 nor IFN-γ were detected in the serum of the animal that survived challenge, on the days tested.",2,consolidated,"globally[0,inf](il10(t) < c(low) and ifnγ(t) < c(low))",1,0.620411,,
"In most animals, an approximate two- to threefold decrease of CD3 +T-cells was observed, which began between days 3 and 5, reaching a nadir by day 8 (Fig. 7B).",0,raw,"eventually[3,5](d_tcells(t) < -d_c(low)) and globally[8,inf](tcells(t) < c(low))",,0.658918,,
"In most animals, an approximate two- to threefold decrease of CD3 +T-cells was observed, which began between days 3 and 5, reaching a nadir by day 8 (Fig. 7B).",0,raw,"eventually[3,8](d_tcells(t) < -d_c(low))",,0.687308,,
"In most animals, an approximate two- to threefold decrease of CD3 +T-cells was observed, which began between days 3 and 5, reaching a nadir by day 8 (Fig. 7B).",0,raw,"eventually[3,5](d_tcells(t) < -d_c(low)) and eventually[5,8](tcells(t) < c(low))",,0.659553,,
"In most animals, an approximate two- to threefold decrease of CD3 +T-cells was observed, which began between days 3 and 5, reaching a nadir by day 8 (Fig. 7B).",0,raw,"eventually[3,5](d_tcells(t) < -d_c(low)) and eventually[5,8](d_tcells(t) < -d_c(high)) and eventually[8,inf](tcells(t) < c(low))",,0.644767,,
"In most animals, an approximate two- to threefold decrease of CD3 +T-cells was observed, which began between days 3 and 5, reaching a nadir by day 8 (Fig. 7B).",0,raw,"eventually[3,5]globally(d_tcells(t) < -d_c(low))",,0.675918,,
"In most animals, an approximate two- to threefold decrease of CD3 +T-cells was observed, which began between days 3 and 5, reaching a nadir by day 8 (Fig. 7B).",0,raw,"eventually[3,5](d_tcells(t) < -d_c(high)) and globally[8,inf](tcells(t) < c(low))",,0.664048,,
"In most animals, an approximate two- to threefold decrease of CD3 +T-cells was observed, which began between days 3 and 5, reaching a nadir by day 8 (Fig. 7B).",0,raw,"eventually[3,5](d_tcells(t) < -d_c(high)) and eventually[8,8](tcells(t) < c(low))",,0.670449,,
"In most animals, an approximate two- to threefold decrease of CD3 +T-cells was observed, which began between days 3 and 5, reaching a nadir by day 8 (Fig. 7B).",0,raw,"eventually[3,5](d_tcells(t) < -d_c(low)) and globally[3,8](tcells(t) < c(low))",,0.660196,,
"In most animals, an approximate two- to threefold decrease of CD3 +T-cells was observed, which began between days 3 and 5, reaching a nadir by day 8 (Fig. 7B).",0,raw,"eventually[3,5](d_tcells(t) < -d_c(low)) and eventually[5,8](tcells(t) < c(low))",,0.659553,,
"In most animals, an approximate two- to threefold decrease of CD3 +T-cells was observed, which began between days 3 and 5, reaching a nadir by day 8 (Fig. 7B).",0,raw,"eventually[3,5](d_tcells(t) < -d_c(low)) and eventually[3,8](tcells(t) < c(low))",,0.666708,,
"In most animals, an approximate two- to threefold decrease of CD3 +T-cells was observed, which began between days 3 and 5, reaching a nadir by day 8 (Fig. 7B).",0,raw,"eventually[3,5]globally(d_tcells(t) < -d_c(low))",,0.675918,,
"In most animals, an approximate two- to threefold decrease of CD3 +T-cells was observed, which began between days 3 and 5, reaching a nadir by day 8 (Fig. 7B).",0,raw,"eventually[3,5](d_tcells(t) < -d_c(low)) and eventually[3,8](tcells(t) < c(low))",,0.666708,,
"In most animals, an approximate two- to threefold decrease of CD3 +T-cells was observed, which began between days 3 and 5, reaching a nadir by day 8 (Fig. 7B).",0,raw,"eventually[3,5](d_tcells(t) < -d_c(low)) and globally[8,inf](tcells(t) < c(low))",,0.658918,,
"In most animals, an approximate two- to threefold decrease of CD3 +T-cells was observed, which began between days 3 and 5, reaching a nadir by day 8 (Fig. 7B).",0,raw,"eventually[3,5]globally(d_tcells(t) < 0) and eventually[8,8](tcells(t) = c(low))",,0.665271,,
"In most animals, an approximate two- to threefold decrease of CD3 +T-cells was observed, which began between days 3 and 5, reaching a nadir by day 8 (Fig. 7B).",0,raw,"globally[3,8](d_tcells(t) < -d_c(low))",,0.669661,,
"In most animals, an approximate two- to threefold decrease of CD3 +T-cells was observed, which began between days 3 and 5, reaching a nadir by day 8 (Fig. 7B).",0,raw,"eventually[3,5]globally(d_tcells(t) < -d_c(low)) and eventually[8,8](tcells(t) < c(low))",,0.660872,,
"In most animals, an approximate two- to threefold decrease of CD3 +T-cells was observed, which began between days 3 and 5, reaching a nadir by day 8 (Fig. 7B).",0,raw,"eventually[3,5](d_tcells(t) < -d_c(high)) and eventually[3,8](tcells(t) < c(low))",,0.672635,,
"In most animals, an approximate two- to threefold decrease of CD3 +T-cells was observed, which began between days 3 and 5, reaching a nadir by day 8 (Fig. 7B).",0,raw,"globally[3,5](d_tcells(t) < -d_c(low)) and eventually[3,8](tcells(t) < c(low))",,0.655827,,
"In most animals, an approximate two- to threefold decrease of CD3 +T-cells was observed, which began between days 3 and 5, reaching a nadir by day 8 (Fig. 7B).",0,raw,"eventually[3,8](d_tcells(t) < -d_c(low)) and eventually[8,8](tcells(t) < c(low))",,0.662391,,
"In most animals, an approximate two- to threefold decrease of CD3 +T-cells was observed, which began between days 3 and 5, reaching a nadir by day 8 (Fig. 7B).",0,filtered,"eventually[3,8](d_tcells(t) < -d_c(low))",0,0.687308,,
"In most animals, an approximate two- to threefold decrease of CD3 +T-cells was observed, which began between days 3 and 5, reaching a nadir by day 8 (Fig. 7B).",0,filtered,"eventually[3,5]globally(d_tcells(t) < -d_c(low))",1,0.675918,,
"In most animals, an approximate two- to threefold decrease of CD3 +T-cells was observed, which began between days 3 and 5, reaching a nadir by day 8 (Fig. 7B).",0,filtered,"eventually[3,5]globally(d_tcells(t) < -d_c(low))",1,0.675918,,
"In most animals, an approximate two- to threefold decrease of CD3 +T-cells was observed, which began between days 3 and 5, reaching a nadir by day 8 (Fig. 7B).",0,filtered,"eventually[3,5](d_tcells(t) < -d_c(high)) and eventually[3,8](tcells(t) < c(low))",1,0.672635,,
"In most animals, an approximate two- to threefold decrease of CD3 +T-cells was observed, which began between days 3 and 5, reaching a nadir by day 8 (Fig. 7B).",0,consolidated,"eventually[3,8](d_tcells(t) < -d_c(low))",1,0.687308,,
"In most animals, an approximate two- to threefold decrease of CD3 +T-cells was observed, which began between days 3 and 5, reaching a nadir by day 8 (Fig. 7B).",0,consolidated,"eventually[3,8](tcells(t) < c(low))",1,0.647738,,
"As seen with CD3 + T-cells, a steady decline in CD20 + B-cells was observed beginning by days 3 and 5, with the largest decrease of approximately two to threefold noted by day 7 or 8.",0,raw,"globally[3,5](d_bcells(t) < -d_c(low)) and eventually[7,8](d_bcells(t) < -d_c(high))",,0.719696,,
"As seen with CD3 + T-cells, a steady decline in CD20 + B-cells was observed beginning by days 3 and 5, with the largest decrease of approximately two to threefold noted by day 7 or 8.",0,raw,"globally[3,5](d_bcells(t) < -d_c(low)) and eventually[7,8](d_bcells(t) < -d_c(high))",,0.719696,,
"As seen with CD3 + T-cells, a steady decline in CD20 + B-cells was observed beginning by days 3 and 5, with the largest decrease of approximately two to threefold noted by day 7 or 8.",0,raw,"eventually[3,5]globally(d_bcells(t) < 0) and eventually[7,8](d_bcells(t) < -d_c(high))",,0.731382,,
"As seen with CD3 + T-cells, a steady decline in CD20 + B-cells was observed beginning by days 3 and 5, with the largest decrease of approximately two to threefold noted by day 7 or 8.",0,raw,"eventually[3,5]globally(d_bcells(t) < 0) and eventually[7,8](d_bcells(t) < -d_c(high))",,0.731382,,
"As seen with CD3 + T-cells, a steady decline in CD20 + B-cells was observed beginning by days 3 and 5, with the largest decrease of approximately two to threefold noted by day 7 or 8.",0,raw,"globally[3,5](d_bcells(t) < 0) and eventually[7,8](d_bcells(t) < -d_c(high))",,0.72153,,
"As seen with CD3 + T-cells, a steady decline in CD20 + B-cells was observed beginning by days 3 and 5, with the largest decrease of approximately two to threefold noted by day 7 or 8.",0,raw,"eventually[3,5]globally(d_bcells(t) < -d_c(low)) and eventually[7,8](d_bcells(t) < -d_c(high))",,0.726119,,
"As seen with CD3 + T-cells, a steady decline in CD20 + B-cells was observed beginning by days 3 and 5, with the largest decrease of approximately two to threefold noted by day 7 or 8.",0,raw,"globally[3,5](d_bcells(t) < 0) and eventually[7,8](d_bcells(t) < -d_c(high))",,0.72153,,
"As seen with CD3 + T-cells, a steady decline in CD20 + B-cells was observed beginning by days 3 and 5, with the largest decrease of approximately two to threefold noted by day 7 or 8.",0,raw,"eventually[3,8]globally(d_bcells(t) < -d_c(high))",,0.7345,,
"As seen with CD3 + T-cells, a steady decline in CD20 + B-cells was observed beginning by days 3 and 5, with the largest decrease of approximately two to threefold noted by day 7 or 8.",0,raw,"globally[3,8](d_bcells(t) < -d_c(high))",,0.724816,,
"As seen with CD3 + T-cells, a steady decline in CD20 + B-cells was observed beginning by days 3 and 5, with the largest decrease of approximately two to threefold noted by day 7 or 8.",0,raw,"globally[3,5](d_bcells(t) < -d_c(low)) and eventually[7,8](d_bcells(t) < -d_c(high))",,0.719696,,
"As seen with CD3 + T-cells, a steady decline in CD20 + B-cells was observed beginning by days 3 and 5, with the largest decrease of approximately two to threefold noted by day 7 or 8.",0,raw,"eventually[3,5]globally(d_bcells(t) < 0) and eventually[7,8](bcells(t) < c(low))",,0.754672,,
"As seen with CD3 + T-cells, a steady decline in CD20 + B-cells was observed beginning by days 3 and 5, with the largest decrease of approximately two to threefold noted by day 7 or 8.",0,raw,"globally[3,5](d_bcells(t) < 0) and eventually[7,8](d_bcells(t) = -d_c(high))",,0.71741,,
"As seen with CD3 + T-cells, a steady decline in CD20 + B-cells was observed beginning by days 3 and 5, with the largest decrease of approximately two to threefold noted by day 7 or 8.",0,raw,"globally[3,5](d_bcells(t) < -d_c(low)) and eventually[7,8](d_bcells(t) < -d_c(high))",,0.719696,,
"As seen with CD3 + T-cells, a steady decline in CD20 + B-cells was observed beginning by days 3 and 5, with the largest decrease of approximately two to threefold noted by day 7 or 8.",0,raw,"globally[3,5](d_bcells(t) < 0) and eventually[7,8](d_bcells(t) = -d_c(high))",,0.71741,,
"As seen with CD3 + T-cells, a steady decline in CD20 + B-cells was observed beginning by days 3 and 5, with the largest decrease of approximately two to threefold noted by day 7 or 8.",0,raw,"globally[3,5](d_bcells(t) < 0) and eventually[7,8](d_bcells(t) < -d_c(high))",,0.72153,,
"As seen with CD3 + T-cells, a steady decline in CD20 + B-cells was observed beginning by days 3 and 5, with the largest decrease of approximately two to threefold noted by day 7 or 8.",0,raw,"globally[3,5](d_bcells(t) < -d_c(low)) and eventually[7,8](d_bcells(t) < -d_c(high))",,0.719696,,
"As seen with CD3 + T-cells, a steady decline in CD20 + B-cells was observed beginning by days 3 and 5, with the largest decrease of approximately two to threefold noted by day 7 or 8.",0,raw,"globally[3,5](d_bcells(t) < 0) and eventually[7,8](d_bcells(t) < -d_c(high))",,0.72153,,
"As seen with CD3 + T-cells, a steady decline in CD20 + B-cells was observed beginning by days 3 and 5, with the largest decrease of approximately two to threefold noted by day 7 or 8.",0,raw,"eventually[3,5]globally(d_bcells(t) < 0) and eventually[7,8](d_bcells(t) < -d_c(high))",,0.731382,,
"As seen with CD3 + T-cells, a steady decline in CD20 + B-cells was observed beginning by days 3 and 5, with the largest decrease of approximately two to threefold noted by day 7 or 8.",0,raw,"eventually[3,5]globally(d_bcells(t) < -d_c(low)) and eventually[7,8](bcells(t) < c(low))",,0.741603,,
"As seen with CD3 + T-cells, a steady decline in CD20 + B-cells was observed beginning by days 3 and 5, with the largest decrease of approximately two to threefold noted by day 7 or 8.",0,filtered,"eventually[3,5]globally(d_bcells(t) < 0) and eventually[7,8](d_bcells(t) < -d_c(high))",1,0.731382,,
"As seen with CD3 + T-cells, a steady decline in CD20 + B-cells was observed beginning by days 3 and 5, with the largest decrease of approximately two to threefold noted by day 7 or 8.",0,filtered,"eventually[3,5]globally(d_bcells(t) < 0) and eventually[7,8](d_bcells(t) < -d_c(high))",1,0.731382,,
"As seen with CD3 + T-cells, a steady decline in CD20 + B-cells was observed beginning by days 3 and 5, with the largest decrease of approximately two to threefold noted by day 7 or 8.",0,filtered,"eventually[3,8]globally(d_bcells(t) < -d_c(high))",0,0.7345,,
"As seen with CD3 + T-cells, a steady decline in CD20 + B-cells was observed beginning by days 3 and 5, with the largest decrease of approximately two to threefold noted by day 7 or 8.",0,filtered,"eventually[3,5]globally(d_bcells(t) < 0) and eventually[7,8](bcells(t) < c(low))",1,0.754672,,
"As seen with CD3 + T-cells, a steady decline in CD20 + B-cells was observed beginning by days 3 and 5, with the largest decrease of approximately two to threefold noted by day 7 or 8.",0,filtered,"eventually[3,5]globally(d_bcells(t) < 0) and eventually[7,8](d_bcells(t) < -d_c(high))",1,0.731382,,
"As seen with CD3 + T-cells, a steady decline in CD20 + B-cells was observed beginning by days 3 and 5, with the largest decrease of approximately two to threefold noted by day 7 or 8.",0,filtered,"eventually[3,5]globally(d_bcells(t) < -d_c(low)) and eventually[7,8](bcells(t) < c(low))",1,0.741603,,
"As seen with CD3 + T-cells, a steady decline in CD20 + B-cells was observed beginning by days 3 and 5, with the largest decrease of approximately two to threefold noted by day 7 or 8.",0,consolidated,"eventually[3,5]globally(d_bcells(t) < 0)",1,0.762227,,
"As seen with CD3 + T-cells, a steady decline in CD20 + B-cells was observed beginning by days 3 and 5, with the largest decrease of approximately two to threefold noted by day 7 or 8.",0,consolidated,"eventually[7,8](d_bcells(t) < -d_c(high))",1,0.712034,,
"As seen with CD3 + T-cells, a steady decline in CD20 + B-cells was observed beginning by days 3 and 5, with the largest decrease of approximately two to threefold noted by day 7 or 8.",0,consolidated,"eventually[7,8](bcells(t) < c(low))",1,0.640265,,
"Within 5–6 days of symptom onset, SARS-CoV-2 viral load reaches its peak, which is much earlier than SARS-CoV.",1,raw,"eventually[5,6](sarscov2(t)=c(high))",,0.6742,,
"Within 5–6 days of symptom onset, SARS-CoV-2 viral load reaches its peak, which is much earlier than SARS-CoV.",1,raw,"eventually[5,6](d_sarscov2(t) = 0 and sarscov2(t) = c(high))",,0.685755,,
"Within 5–6 days of symptom onset, SARS-CoV-2 viral load reaches its peak, which is much earlier than SARS-CoV.",1,raw,"eventually[5,6](sarscov2(t) = c(high))",,0.6742,,
"Within 5–6 days of symptom onset, SARS-CoV-2 viral load reaches its peak, which is much earlier than SARS-CoV.",1,raw,"eventually[5,6](sarscov2(t) = c(high) and sarscov(t) < c(high))",,0.686226,,
"Within 5–6 days of symptom onset, SARS-CoV-2 viral load reaches its peak, which is much earlier than SARS-CoV.",1,raw,"eventually[5,6](sarscov2(t) = c(high))",,0.6742,,
"Within 5–6 days of symptom onset, SARS-CoV-2 viral load reaches its peak, which is much earlier than SARS-CoV.",1,raw,"eventually[5,6](d_sarscov2(t) = 0) and globally[0,4](d_sarscov2(t) > 0)",,0.641076,,
"Within 5–6 days of symptom onset, SARS-CoV-2 viral load reaches its peak, which is much earlier than SARS-CoV.",1,raw,"eventually[5,6](sarscov2(t) = c(high)) and globally[0,5](d_sarscov2(t) > d_c(low))",,0.656305,,
"Within 5–6 days of symptom onset, SARS-CoV-2 viral load reaches its peak, which is much earlier than SARS-CoV.",1,raw,"eventually[5,6](sarscov2(t) = c(high)) and globally[0,5](d_sarscov2(t) > d_c(high))",,0.658206,,
"Within 5–6 days of symptom onset, SARS-CoV-2 viral load reaches its peak, which is much earlier than SARS-CoV.",1,raw,"eventually[5,6](d_sarscov2(t) = d_c(high))",,0.686162,,
"Within 5–6 days of symptom onset, SARS-CoV-2 viral load reaches its peak, which is much earlier than SARS-CoV.",1,raw,"eventually[5,6](sarscov2(t) = c(high))",,0.6742,,
"Within 5–6 days of symptom onset, SARS-CoV-2 viral load reaches its peak, which is much earlier than SARS-CoV.",1,raw,"eventually[5,6](sarscov2(t) = c(high)) and globally[0,5](d_sarscov2(t) > d_c(high))",,0.658206,,
"Within 5–6 days of symptom onset, SARS-CoV-2 viral load reaches its peak, which is much earlier than SARS-CoV.",1,raw,"globally[5,6](sarscov2(t) = c(high)) and globally[5,6](sarscov(t) < c(high))",,0.650283,,
"Within 5–6 days of symptom onset, SARS-CoV-2 viral load reaches its peak, which is much earlier than SARS-CoV.",1,raw,"eventually[5,6](sarscov2(t) = c(high))",,0.6742,,
"Within 5–6 days of symptom onset, SARS-CoV-2 viral load reaches its peak, which is much earlier than SARS-CoV.",1,raw,"eventually[5,6](sarscov2(t) = c(high))",,0.6742,,
"Within 5–6 days of symptom onset, SARS-CoV-2 viral load reaches its peak, which is much earlier than SARS-CoV.",1,raw,"eventually[5,6](sarscov2(t) = c(high)) and globally[5,6](sarscov(t) < c(high))",,0.673078,,
"Within 5–6 days of symptom onset, SARS-CoV-2 viral load reaches its peak, which is much earlier than SARS-CoV.",1,raw,"eventually[5,6](sarscov2(t) = c(high))",,0.6742,,
"Within 5–6 days of symptom onset, SARS-CoV-2 viral load reaches its peak, which is much earlier than SARS-CoV.",1,raw,"eventually[5,6](sarscov2(t) > c(high) and sarscov(t) < c(high))",,0.686502,,
"Within 5–6 days of symptom onset, SARS-CoV-2 viral load reaches its peak, which is much earlier than SARS-CoV.",1,raw,"eventually[5,6](sarscov2(t) = c(high))",,0.6742,,
"Within 5–6 days of symptom onset, SARS-CoV-2 viral load reaches its peak, which is much earlier than SARS-CoV.",1,raw,"eventually[5,6](sarscov2(t) = c(high)) and globally[0,6](d_sarscov2(t) = d_c(high))",,0.67249,,
"Within 5–6 days of symptom onset, SARS-CoV-2 viral load reaches its peak, which is much earlier than SARS-CoV.",1,raw,"eventually[5,6](d_sarscov2(t) = 0 and sarscov2(t) = c(high))",,0.685755,,
"Within 5–6 days of symptom onset, SARS-CoV-2 viral load reaches its peak, which is much earlier than SARS-CoV.",1,filtered,"eventually[5,6](d_sarscov2(t) = 0 and sarscov2(t) = c(high))",1,0.685755,,
"Within 5–6 days of symptom onset, SARS-CoV-2 viral load reaches its peak, which is much earlier than SARS-CoV.",1,filtered,"eventually[5,6](sarscov2(t) = c(high) and sarscov(t) < c(high))",0,0.686226,,
"Within 5–6 days of symptom onset, SARS-CoV-2 viral load reaches its peak, which is much earlier than SARS-CoV.",1,filtered,"eventually[5,6](d_sarscov2(t) = d_c(high))",0,0.686162,,
"Within 5–6 days of symptom onset, SARS-CoV-2 viral load reaches its peak, which is much earlier than SARS-CoV.",1,filtered,"eventually[5,6](sarscov2(t) > c(high) and sarscov(t) < c(high))",0,0.686502,,
"Within 5–6 days of symptom onset, SARS-CoV-2 viral load reaches its peak, which is much earlier than SARS-CoV.",1,filtered,"eventually[5,6](d_sarscov2(t) = 0 and sarscov2(t) = c(high))",1,0.685755,,
"Within 5–6 days of symptom onset, SARS-CoV-2 viral load reaches its peak, which is much earlier than SARS-CoV.",1,consolidated,"eventually[5,6](d_sarscov2(t) = 0 and sarscov2(t) = c(high))",1,0.685755,,
"Within 5–6 days of symptom onset, SARS-CoV-2 viral load reaches its peak, which is much earlier than SARS-CoV.",1,consolidated,"eventually[5,6](sarscov2(t) = c(high) and sarscov(t) < c(high))",0,0.686226,,
"Within 5–6 days of symptom onset, SARS-CoV-2 viral load reaches its peak, which is much earlier than SARS-CoV.",1,consolidated,"eventually[5,6](sarscov2(t) > c(high) and sarscov(t) < c(high))",0,0.686502,,
"Within 5–6 days of symptom onset, SARS-CoV-2 viral load reaches its peak, which is much earlier than SARS-CoV.",1,consolidated,"eventually[5,6](d_sarscov2(t) = d_c(high))",0,0.686162,,
