,id,input statement,reference STL,reference literal,STL-0,STL-1,STL-2,STL-3,STL-4,STL-5,Literal-0,Literal-1,Literal-2,Literal-3,Literal-4,Literal-5
0,1,"In the mild and moderate groups, IL-6 concentrations were at their highest level in the first week after the symptom onset and then exhibited a decreasing trend.","G[6,7] ( l(t) > c(high) ) ^ G[7,T] ( d_I(t) < 0 )","From day 6 to 7, the concentration of IL-6 was always greater than its high levels, and from day 7 onwards, the concentration of IL-6 was always decreasing. ","{
""thinking"": ""I need to translate the natural language into STL for the 'IL-6' species and identify the time intervals of interest. The input statement suggests that IL-6 concentrations are highest in the first week and then exhibit a decreasing trend, so I will use the 'eventually' and 'globally' temporal operators to describe this behavior."",
""input_statement"": ""In the mild and moderate groups, IL-6 concentrations were at their highest level in the first week after the symptom onset and then exhibited a decreasing trend."",
""output_STL"": ""eventually[0,7](abs(IL6(t) - c(high)) < e) ∧ globally[8,∞](d_IL6(t) < 0)""

,
""explanation"": ""The output STL statement describes that from day 0 (symptom onset) to day 7, the IL-6 concentration is close to its high levels. After day 7, the rate of change of IL-6 is negative, indicating a decreasing trend.""
}","{
""thinking"": ""I need to translate the natural language statement 'In the mild and moderate groups, IL-6 concentrations were at their highest level in the first week after the symptom onset and then exhibited a decreasing trend.' into STL format."",
""input_statement"": ""In the mild and moderate groups, IL-6 concentrations were at their highest level in the first week after the symptom onset and then exhibited a decreasing trend."",
""output_STL"": ""eventually[0,7](abs(IL6(t) - c(high)) < e) ∧ globally[8,∞](d_IL6(t) < 0)"",
""explanation"": ""The natural language statement describes a pattern of IL-6 concentration levels over time in the mild and moderate groups. We can represent this pattern using STL as follows: \n\n1. Initially, IL-6 concentrations are above their high threshold value (c(high)). This is represented by the eventually operator with a window [0,7] days after symptom onset.\n2. After the first week, IL-6 concentrations begin to decrease, which is represented by the globally operator with a window from day 8 onward and a condition that the derivative of IL-6 (d_IL6) is less than 0.""
}","{
""thinking"": ""I need to translate the natural language into STL for the 'IL-6' signal in two parts: the first part describes the condition in the 'mild and moderate groups', and the second part describes the decreasing trend."",
""input_statement"": ""In the mild and moderate groups, IL-6 concentrations were at their highest level in the first week after the symptom onset and then exhibited a decreasing trend."",
""output_STL"": ""[{\""part\"": 1,\""condition\"": \""eventually[0,7](abs(IL6(t) - c(high)) < e) ∧ globally[8,∞](IL6(t) <= c(mid))\""},{\""part\"": 2,\""condition\"": \""d_IL6(t) < 0\""}]"",
""explanation"": ""Firstly, we define the condition for the first part where IL-6 is at its highest level within the first week (mild and moderate groups), and later it decreases to be below moderate levels. We use the 'eventually' operator to capture the point when IL-6 reaches its highest value and then the 'globally' operator to ensure that IL-6 remains below the moderate level afterwards. Secondly, we define the condition for the decreasing trend using the derivative of IL-6 (d_IL6). The derivative being less than zero indicates a decreasing trend.""
}","{
""thinking"": ""I need to translate the natural language into STL for the 'IL-6' signal in the 'mild' and 'moderate' groups. The statement describes that IL-6 concentrations were at their highest level in the first week after symptom onset and then exhibited a decreasing trend."",
""input_statement"": ""In the mild and moderate groups, IL-6 concentrations were at their highest level in the first week after the symptom onset and then exhibited a decreasing trend."",
""output_STL"": ""[{\""part\"": 1,\""condition\"": \""eventually[0,7](d_IL6(t) > d_c(high))\""},{\""part\"": 2,\""condition\"": \""globally[8,∞](d_IL6(t) < d_c(low))\""}]""

,""explanation"": ""The input statement indicates that IL-6 concentrations are highest in the first week (from day 0 to day 7) and then decrease afterwards. In STL, we can represent this using the 'eventually' and 'globally' operators with conditions based on the derivative of the IL-6 signal. Part 1 of the STL condition checks if the rate of change of IL-6 is greater than a high rate during the first week. Part 2 checks if the rate of change of IL-6 is less than a low rate after the first week."" }","{
""thinking"": ""I need to translate the natural language into STL for the 'IL-6' signal in two parts: the first part describes when IL-6 is at its highest level, and the second part describes the decreasing trend after that. I will use the 'eventually' and 'globally' temporal operators with comparison and derivative conditions."",
""input_statement"": ""In the mild and moderate groups, IL-6 concentrations were at their highest level in the first week after the symptom onset and then exhibited a decreasing trend."",
""output_STL"": ""[{\""part\"": 1,\""condition\"": \""eventually[0,7](d_IL6(t) > d_c(high))\""},{\""part\"": 2,\""condition\"": \""globally[8,∞](d_IL6(t) < d_c(moderateDecrease))\""""	

,""explanation"": ""Part 1 of the statement describes that IL-6 concentrations are at their highest level within the first week (from day 0 to day 7), so we represent this using the 'eventually' operator with a condition that the rate of change of IL-6 (d_IL6) is greater than a high rate (d_c(high)). Part 2 of the statement describes that IL-6 concentrations exhibit a decreasing trend after the first week, so we represent this using the 'globally' operator with a condition that the rate of change of IL-6 is less than a moderate decreasing rate (d_c(moderateDecrease)). The exact value of the moderate decreasing rate can be determined based on domain knowledge.""
}","{
""thinking"": ""<thinking> I need to translate the natural language into STL for two parts. The first part is about IL-6 concentrations being highest in the first week and decreasing afterwards in the mild and moderate groups. The second part is a check that the IL-6 concentrations are below moderateDecrease rate after the first week. </thinking>\n\ninput_sentence: 'In the mild and moderate groups, IL-6 concentrations were at their highest level in the first week after the symptom onset and then exhibited a decreasing trend.',\n\noutput_STL:\n[{\n  ""            																																																																																																																																																																																																																																																																																																																																																																																																																																																																																																																																																																																																																																																																																																																																																																																																																																																																																																																																																																																																																																																																																																																																																																																																																																																																																																																																																																																																																																																																																																																																																																																																																																																																																																																																																																																																																																																																																																																																																																																		",,,,,,
1,2,"In the mild and moderate groups, IL-6 concentrations were at their highest level in the first week after the symptom onset and then exhibited a decreasing trend.","G[6,7] ( l(t) > l(T) ) ^ G[7,T] ( I(t) < c(high) )","From day 6 to 7, the concentration of IL-6 was always greater than its final level, and from day 7 onwards, the concentration of IL-6 was always less than its low levels.","{
""thinking"": ""<thinking> I need to translate the natural language into STL for the 'IL-6' species in the 'mild' and 'moderate' groups. The statement says that IL-6 concentrations were at their highest level in the first week after symptom onset and then exhibited a decreasing trend. </thinking>"",
""input_statement"": ""In the mild and moderate groups, IL-6 concentrations were at their highest level in the first week after the symptom onset and then exhibited a decreasing trend."",
""output_STL"": ""{ 	'psi1': psi[0,7](greater_than(IL6(t), c('high'))), 	'psi2': eventually[7,∞](psi[7,∞](derivative_less_than(d_IL6(t), d_c('high'))))}"",
""explanation"": ""To represent the input statement in STL, we can use two temporal operators: 'psi1' and 'psi2'. The first one ('psi1') describes the condition where IL-6 concentrations are higher than the high threshold during the first week after symptom onset. The second one ('psi2') describes the condition where the derivative of IL-6 is less than the high rate of change after the first week.""
}","{
""thinking"": ""I need to translate the natural language into STL for the 'IL-6' species and its derivative 'd_IL-6'. The input statement describes that IL-6 concentrations were at their highest level in the first week after the symptom onset and then exhibited a decreasing trend."",
""input_statement"": ""In the mild and moderate groups, IL-6 concentrations were at their highest level in the first week after the symptom onset and then exhibited a decreasing trend."",
""output_STL"": ""eventually[0,7]globally(IL-6(t) > c(high)) ∧ globally[8,infty](d_IL-6(t) < 0)""

, ""explanation"": ""The first part of the STL statement 'eventually[0,7]globally(IL-6(t) > c(high))' means that there is a point between days 0 and 7 where the IL-6 concentration is above the high level. This represents the highest level of IL-6 concentrations in the first week after the symptom onset. The second part of the STL statement 'globally[8,infty](d_IL-6(t) < 0)' means that the rate of change of IL-6 is negative over the entire interval from day 8 onwards. This represents the decreasing trend of IL-6 concentrations after the first week."" }","{
""thinking"": ""I need to translate the natural language into STL for the 'IL-6' signal in two groups: mild and moderate, with specific time conditions. The input statement describes the IL-6 concentrations as being highest in the first week after symptom onset and then decreasing."",
""input_statement"": ""In the mild and moderate groups, IL-6 concentrations were at their highest level in the first week after the symptom onset and then exhibited a decreasing trend."",
""output_STL"": ""{'mild': {'high_level': 'eventually[0,7]globally(IL-6(t) > c(high))', 'decreasing_trend': 'eventually[8,infty](d_IL-6(t) < 0)'}, 'moderate': {'high_level': 'eventually[0,7]globally(IL-6(t) > c(high))', 'decreasing_trend': 'eventually[8,infty](d_IL-6(t) < d_c(high))'}}"",
""explanation"": ""To represent the input statement in STL, we introduce two temporal operators: 'eventually' and 'globally'. The 'eventually' operator is used to define when a certain condition becomes true at least once during an interval, while 'globally' specifies that a condition must be true throughout a given interval. We use these operators to model the 'highest level' and 'decreasing trend' described in the input statement. Since the input statement refers to two groups (mild and moderate), we provide separate STL statements for each group by enclosing them in curly braces ('{' and '}'). Within each group, we define 'high_level' as the period where the IL-6 concentration is above the high threshold, and 'decreasing_trend' as the period where the IL-6 derivative is negative. For the 'moderate' group, we also specify that the derivative should be rapidly decreasing.""
}","{
""thinking"": ""I need to translate the natural language into STL for the 'mild' and 'moderate' groups in the input statement. The first part of the statement says that IL-6 concentrations were at their highest level in the first week after symptom onset. This can be expressed as a 'high_level' condition for IL-6 from day 0 to day 7. The second part of the statement says that IL-6 concentrations then exhibited a decreasing trend. This can be expressed as a derivative condition for IL-6 being less than zero after day 7."",
""input_statement"": ""In the mild and moderate groups, IL-6 concentrations were at their highest level in the first week after the symptom onset and then exhibited a decreasing trend."",
""output_STL"": ""{'\n' + \n\t'mild': {\n\t\t'high_level': 'globally[0,7](IL-6(t) > c(high))',\n\t\t'decreasing_trend': 'eventually[8,infty](d_IL-6(t) < 0)'\n\t},\n\t'moderate': {\n\t\t'high_level': 'globally[0,7](IL-6(t) > c(high))',\n\t\t'decreasing_trend': 'eventually[8,infty](d_IL-6(t) < 0)'\n\t}\n}"",
""explanation"": ""The output STL statement includes two conditions for each group: 'high_level' and 'decreasing_trend'. The 'high_level' condition uses the 'globally' temporal operator to specify that IL-6 concentrations are above the high level (specified by 'c(high)') from day 0 to day 7. The 'decreasing_trend' condition uses the 'eventually' temporal operator to specify that after day 7, the derivative of IL-6 concentrations is less than zero, indicating a decreasing trend.""}","{
""thinking"": ""I need to translate the natural language into STL for the 'mild' and 'moderate' groups. The input statement describes that IL-6 concentrations are at their highest level in the first week and then exhibit a decreasing trend."",
""input_statement"": ""In the mild and moderate groups, IL-6 concentrations were at their highest level in the first week after the symptom onset and then exhibited a decreasing trend."",
""output_STL"": ""{ \n 'mild': { \n 'high_level': 'globally[0,7](IL-6(t) > c(high))', \n 'decreasing_trend': 'eventually[8,infty](d_IL-6(t) < 0)' \n }, \n 'moderate': { \n 'high_level': 'globally[0,7](IL-6(t) > c(high))', \n 'decreasing_trend': 'eventually[8,infty](d_IL-6(t) < 0)' \n } \n}"",
""explanation"": ""For each group (mild and moderate), we define two conditions: \n\n1. high_level: The IL-6 concentration is greater than the specified high level during the first week after the symptom onset.\n2. decreasing_trend: The rate of change of IL-6 is negative (decreasing) eventually after the first week.\n\nWe use the 'globally' temporal operator to ensure that both conditions hold throughout the entire week, and the 'eventually' temporal operator to ensure that the decreasing trend starts after the first week.""
}","{
""thinking"": ""<thinking>I need to translate the natural language into STL for the 'mild' and 'moderate' groups, where IL-6 concentrations were at their highest level in the first week after symptom onset and then exhibited a decreasing trend. I will use 'high_level' to represent the condition of IL-6 being at its highest level, and 'decreasing_trend' to represent the condition of IL-6 concentrations decreasing."",
""input_statement"": ""In the mild and moderate groups, IL-6 concentrations were at their highest level in the first week after the symptom onset and then exhibited a decreasing trend."",
""output_STL"": ""{ \n 'mild': {\n 'high_level': { \n 'time_window': [0, 7], \n 'condition': 'globally(IL-6(t) > c(high))' \n },\n 'decreasing_trend': { \n 'time_window': ['[8,infty]'], \n 'condition': 'eventually[8,infty](d_IL-6(t) < 0)' \n }\n },\n 'moderate': {\n 'high_level': { \n 'time_window': [0, 7], \n 'condition': 'globally(IL-6(t) > c(high))' \n },\n 'decreasing_trend': { \n 'time_window': ['[8,infty]'], \n 'condition': 'eventually[8,infty](d_IL-6(t) < 0)' \n }\n }\n}"",
""explanation"": ""The output STL statement specifies two conditions for each group: 'high_level' and 'decreasing_trend'. The 'high_level' condition states that between day 0 and day 7 (the first week), the IL-6 concentration is greater than the high threshold value 'c(high)'. The 'decreasing_trend' condition states that eventually after day 7, the derivative of IL-6 concentration d_IL-6(t) is less than 0, indicating a decreasing trend.""
}",,,,,,
2,3,"In the mild and moderate groups, IL-6 concentrations were at their highest level in the first week after the symptom onset and then exhibited a decreasing trend.","G[6,7] ( l(t) > c(high) ) ^ F[7,T] G ( I(t) < c(low) )","From day 6 to 7, the concentration of IL-6 was always greater than its high levels, and eventually from day 7 onwards, the concentration of IL-6 was always less than its low levels.","{
""thinking"": ""<thinking>In this statement, the authors describe a trend in IL-6 concentrations for the mild and moderate groups. They state that IL-6 was highest in the first week after symptom onset and then exhibited a decreasing trend. I will translate this into STL using comparison statements and derivative statements.</thinking>"",
""input_statement"": ""In the mild and moderate groups, IL-6 concentrations were at their highest level in the first week after the symptom onset and then exhibited a decreasing trend."",
""output_STL"": ""eventually[0,7](d_IL6(t) > 0) → globally[8,∞](d_IL6(t) < 0)""

																																																																																																																																																																																																																																																																																																																																																																																																																																																																																																																																																																																																																																																																																																																																																																																																																																																																																																																																																																																																																																																																																																																																																																																																																																																																																																																																																																																																																																																																																																																																																																																																																																																																																																																																																																																																																																																																																																																																																											","{
""thinking"": ""I need to translate the natural language into STL for the 'IL-6' species and its derivative."",
""input_statement"": ""In the mild and moderate groups, IL-6 concentrations were at their highest level in the first week after the symptom onset and then exhibited a decreasing trend."",
""output_STL"": ""eventually[0,7](IL6(t) > c(high)) ∧ globally[7,inf](d_IL6(t) < d_c(high))""

, ""explanation"": ""The input statement describes that in the mild and moderate groups, IL-6 concentrations are highest in the first week after symptom onset and decrease afterwards. We translate this statement into STL by using the 'eventually' and 'globally' temporal operators. The 'eventually' operator is used to specify that there is a point in time within the first week (from day 0 to day 7) where the IL-6 concentration is above its high level (c(high)). The 'globally' operator is then used to specify that from day 7 onwards, the rate of change of IL-6 (d_IL6) is less than a high rate (d_c(high)). This represents the decreasing trend described in the input statement.""
}","{
""thinking"": ""I need to translate the natural language into STL for the 'IL-6' species and its derivative. The input statement describes a trend of IL-6 being at its highest level in the first week and then decreasing. This can be translated as a condition where the IL-6 level is above a certain threshold for a week, followed by a condition where the rate of change of IL-6 is negative."",
""input_statement"": ""In the mild and moderate groups, IL-6 concentrations were at their highest level in the first week after the symptom onset and then exhibited a decreasing trend."",
""output_STL"": ""eventually[0,7](IL6(t) > c(high)) ∧ globally[7,inf](d_IL6(t) < 0)""

,
""explanation"": ""The STL statement consists of two conditions separated by the conjunction operator (∧). The first condition (eventually[0,7](IL6(t) > c(high))) states that between day 0 and day 7, the IL-6 level is above the high threshold (c(high)). The second condition (globally[7,inf](d_IL6(t) < 0)) states that from day 7 onward, the rate of change of IL-6 is negative.""
}","{
""thinking"": ""<thinking> I need to translate the natural language into STL for the 'IL-6' signal in the 'mild' and 'moderate' groups. The input statement says that IL-6 concentrations were at their highest level in the first week after symptom onset and then exhibited a decreasing trend."",
""input_statement"": ""In the mild and moderate groups, IL-6 concentrations were at their highest level in the first week after the symptom onset and then exhibited a decreasing trend."",
""output_STL"": ""eventually[0,7](IL6(t) > c(high)) ∧ eventually[7,inf](d_IL6(t) < d_c(high))"",
""explanation"": ""This STL statement describes two conditions: (1) IL-6 is above its high threshold level between days 0 and 7, which represents the first week when IL-6 concentrations are at their highest levels according to the input statement; (2) the rate of change of IL-6 is negative (i.e., it's decreasing) from day 7 onwards. This condition captures the decreasing trend mentioned in the input statement.""
}","{
""thinking"": ""I need to translate the natural language into STL for the 'IL-6' signal in the 'mild' and 'moderate' groups. The statement describes that IL-6 concentrations are at their highest level in the first week and then exhibit a decreasing trend."",
""input_statement"": ""In the mild and moderate groups, IL-6 concentrations were at their highest level in the first week after the symptom onset and then exhibited a decreasing trend."",
""output_STL"": ""{'phi': [{'condition': 'IL6(t) > c(high)', 'time_interval': ['[0,7]']}, {'condition': 'd_IL6(t) < d_c(high)', 'time_interval': '[7,inf]'}], 'operator': 'eventually'}"",
""explanation"": ""The STL statement specifies that there is a point within the first week (time interval '[0,7]') where the IL-6 concentration is above the high threshold 'c(high)'. After this initial period, the rate of change of IL-6 (d_IL6) is less than a rapidly decreasing rate '-d_c(high)'.""
}","{
""thinking"": ""I need to translate the natural language into STL for the 'IL-6' signal in the mild and moderate groups. The statement suggests that IL-6 concentrations were at their highest level in the first week after symptom onset and then exhibited a decreasing trend."",
""input_statement"": ""In the mild and moderate groups, IL-6 concentrations were at their highest level in the first week after the symptom onset and then exhibited a decreasing trend."",
""output_STL"": ""{	'phi': [	{'condition': 'IL6(t) > c(high)', 'time_interval': ['[0,7]']},	{'condition': 'd_IL6(t) < d_c(high)', 'time_interval': '[7,inf]'}	],	'operator': 'eventually.globally'}"",
""explanation"": ""The statement describes two conditions: (1) the IL-6 concentration is above the high threshold during the first week, and (2) the IL-6 concentration decreases after the first week. We can represent these conditions using STL as follows: \n\n- For the first condition, we use the greater_than comparison operator with a time interval specifying the first week after symptom onset.\n- For the second condition, we use the derivative_less_than comparison operator with a time interval specifying the period after the first week. We also set the rate of change to be less than -d_c(high) to indicate a decreasing trend. Since the statement mentions a 'decreasing trend', but it doesn't explicitly mention how fast the decrease should be, we assume it to be faster than a slow decrease (-d_c(low)). Therefore, we set d_c to an empty string to allow the parser to infer a default value based on the context.\n\nWe combine these two conditions using the eventually.globally temporal operator, which means there exists some point in time where both conditions are true for the rest of the time."" }",,,,,,
3,4,"Remarkably, in the mild group, the amount of these cytokines (IL-1β and IL-1Ra) increased at the day 1–7, reached a peak at the day 8–14, and diminished after >14 days.","G[1,7] ( b(t) > b(T) ) ^ F[8,14] ( b(t) > c(high) ) ^ G[15,T] ( b(t) <= c(mid) )","From day 1 to 7, the concentration of IL-1β was always greater than its final level, and between day 8 and 14, the concentration of IL-1β was eventually greater than its high levels, and from day 15 onwards, the concentration of IL-1β was always less than or equal to its moderate levels.","{
""thinking"": ""I need to translate the natural language into STL for the amount of IL-1β and IL-1Ra in the mild group. The statement describes an increase from day 1-7, a peak between day 8-14, and a decrease after day 14."",
""input_statement"": ""Remarkably, in the mild group, the amount of these cytokines (IL-1β and IL-1Ra) increased at the day 1–7, reached a peak at the day 8–14, and diminished after >14 days."",
""output_STL"": ""{'IL1β': {'increase': {'time': [1, 7], 'rate': 'd_IL1β(t)'}}, 'peak': {'time': [8, 14], 'condition': 'abs(IL1β(t) - max(IL1β)) < e'}, 'decrease': {'time': '[15, ∞]', 'condition': 'derivative_less_than(d_IL1β(t), d_c(low))'}}}"",
""explanation"": ""The STL statement describes three parts: an initial increase, a peak, and a subsequent decrease. For the increase, we define a temporal operator 'increase' that specifies a time interval and the rate of change ('d_IL1β(t)') that should be greater than zero. For the peak, we define a temporal operator 'peak' that specifies a time interval and a condition that checks if the absolute difference between the current value of IL-1β and its maximum is less than a small error margin 'e'. For the decrease, we define a temporal operator 'decrease' that specifies a time interval and a condition that checks if the derivative of IL-1β is less than a constant 'd_c(low)' representing a slow decrease.""
}","{
""thinking"": ""I need to translate the natural language into STL for IL-1β and IL-1Ra signals."",
""input_statement"": ""Remarkably, in the mild group, the amount of these cytokines (IL-1β and IL-1Ra) increased at the day 1–7, reached a peak at the day 8–14, and diminished after >14 days."",
""output_STL"": ""{'\""IL1β\"":{\""increase\"":{\""time\"":[1,7],\""condition\"":\""d_IL1β(t) > d_c(low)\""},\""peak\"":{\""time\"":[8,14],\""condition\"":\""eventually[8,14]globally(abs(IL1β(t) - max(IL1β)) < e)\""},\""decrease\"":{\""time\"":\"">14\"",\""condition\"":\""eventually[15,∞]globally(d_IL1β(t) < d_c(low))\""}}"",
""explanation"": ""The input statement describes how IL-1β and IL-1Ra signals change over time. We can translate this into STL as follows: \n\n- For IL-1β signal, there is an increase phase from day 1 to 7 when the rate of change is greater than a low rate (d_IL1β(t) > d_c(low)).\n- Then, there is a peak phase between day 8 and 14 where the actual IL-1β level reaches its maximum value within that interval (eventually[8,14]globally(abs(IL1β(t) - max(IL1β)) < e)).\n- Finally, there is a decrease phase after day 14 when the rate of change becomes less than a low rate (eventually[15,∞]globally(d_IL1β(t) < d_c(low))).\n\nSimilarly, for IL-1Ra signal, the increase, peak, and decrease phases have the same characteristics but with different time intervals if needed.""
}","{
""thinking"": ""I need to translate the natural language into STL for the 'IL-1β' and 'IL-1Ra' cytokines with respect to their amount over time."",
""input_statement"": ""Remarkably, in the mild group, the amount of these cytokines (IL-1β and IL-1Ra) increased at the day 1–7, reached a peak at the day 8–14, and diminished after >14 days."",
""output_STL"": ""{'\""IL1β\"":{'increase':{'time':[1,7],'condition':'abs(IL1β(t) - c(low)) < e'},'peak':{'time':[8,14],'condition':'eventually[8,14](globally[7,15](d_IL1β(t) > d_c(high)))'},'decrease':{'time':'>14','condition':'eventually[15,∞](globally[15,∞](d_IL1β(t) < d_c(low)))'}},\n{'\""IL1Ra\"":{'increase':{'time':[1,7],'condition':'abs(IL1Ra(t) - c(low)) < e'},'peak':{'time':[8,14],'condition':'eventually[8,14](globally[7,15](d_IL1Ra(t) > d_c(high)))'},'decrease':{'time':'>14','condition':'eventually[15,∞](globally[15,∞](d_IL1Ra(t) < d_c(low)))'}}"",
""explanation"": ""The input statement describes that the 'IL-1β' and 'IL-1Ra' cytokines have an increase phase between day 1 and 7, a peak phase between day 8 and 14, and a decrease phase after day 14. To represent this information in STL, we define two conditions for each cytokine: an increase condition and a peak condition. The increase condition uses the 'abs' function to check if the amount of the cytokine is close to its initial low level. The peak condition uses the 'eventually' operator to specify that there is a point within the given time interval where the derivative of the cytokine is greater than a high rate for a sustained period. The decrease condition also uses the 'eventually' operator to specify that there is a point after the given time when the derivative of the cytokine is less than a low rate for a sustained period.""
}","{
""thinking"": ""I need to translate the natural language into STL for the 'IL-1β' and 'IL-1Ra' signals in the mild group, based on the given statement: Remarkably, in the mild group, the amount of these cytokines (IL-1β and IL-1Ra) increased at the day 1–7, reached a peak at the day 8–14, and diminished after >14 days."",
""input_statement"": ""Remarkably, in the mild group, the amount of these cytokines (IL-1β and IL-1Ra) increased at the day 1–7, reached a peak at the day 8–14, and diminished after >14 days."",
""output_STL"": ""{'\""IL1β\"":{'increase':{'time':[1,7],'condition':'abs(IL1β(t) - c(low)) < e'},'peak':{'time':[8,14],'condition':'eventually[8,14](globally[7,15](d_IL1β(t) > d_c(high)))'},'decrease':{'time':'>14','condition':'eventually[15,∞](globally[15,∞](IL1β(t) < c(low)))'}},\n{'\""IL1Ra\"":{'increase':{'time':[1,7],'condition':'abs(IL1Ra(t) - c(low)) < e'},'peak':{'time':[8,14],'condition':'eventually[8,14](globally[7,15](d_IL1Ra(t) > d_c(high)))'},'decrease':{'time':'>14','condition':'eventually[15,∞](globally[15,∞](IL1Ra(t) < c(low))'}}"",
""explanation"": ""The STL statements for both IL-1β and IL-1Ra are defined as follows:\n\nFor both signals, we define the 'increase' condition to represent the period when their amounts are increasing. This is specified by the time interval [1,7] and the condition abs(signal - low) < e, where signal represents either IL-1β or IL-1Ra, and low is a predefined constant representing a low level of the signal.\n\nNext, we define the 'peak' condition to represent the period when the signals reach their peak levels. This is specified by the time interval [8,14] and the eventuality operator eventually[8,14](globally[7,15](d_signal(t) > d_high)), where signal represents either IL-1β or IL-1Ra, high is a predefined constant representing a high rate of change, and d_signal represents the derivative of the signal.\n\nFinally, we define the 'decrease' condition to represent the period when their amounts are diminishing. This is specified by the time interval >14 and the eventuality operator eventually[15,∞](globally[15,∞](signal(t) < c(low))), where signal represents either IL-1β or IL-1Ra, and low is a predefined constant representing a low level of the signal.""
}","{
""thinking"": ""I need to translate the natural language into STL for IL-1β and IL-1Ra in the mild group with respect to their amount and peak levels."",
""input_statement"": ""Remarkably, in the mild group, the amount of these cytokines (IL-1β and IL-1Ra) increased at the day 1–7, reached a peak at the day 8–14, and diminished after >14 days."",
""output_STL"": ""{'\""IL1β\"":'{'increase':{'time':[1,7],'condition':'abs(IL1β(t) - c(low)) < e'},'peak':{'time':[8,14],'condition':'eventually[8,14](globally[7,15](IL1β(t) > c(high)))'},'decrease':{'time':'>14','condition':'eventually[15,∞](globally[15,∞](IL1β(t) < c(low))}'},\n'\""IL1Ra\"":'{'increase':{'time':[1,7],'condition':'abs(IL1Ra(t) - c(low)) < e'},'peak':{'time':[8,14],'condition':'eventually[8,14](globally[7,15](IL1Ra(t) > c(high)))}',\n'decrease':{'time':'>14','condition':'eventually[15,∞](globally[15,∞](IL1Ra(t) < c(low))}'}\n}"",
""explanation"": ""We translate the natural language statement into STL as follows: For both IL-1β and IL-1Ra, there is an increase in their amounts between day 1 and day 7 when their absolute difference from the low level is less than the error margin. The peak condition holds that there is a global period between day 7 and day 15 where their amounts are above the high level. Finally, after day 14, their amounts decrease and eventually fall below the low level.""
}","{
""thinking"": ""I need to translate the natural language into STL for IL-1β and IL-1Ra in the mild group. The statement describes an increase from day 1-7, a peak at day 8-14, and a decrease after day 14."",
""input_statement"": ""Remarkably, in the mild group, the amount of these cytokines (IL-1β and IL-1Ra) increased at the day 1–7, reached a peak at the day 8–14, and diminished after >14 days."",
""output_STL"": ""{'\""IL1β\"":'{'increase':{'time':[1,7],'condition':'abs(IL1β(t) - c(low)) < e'},'peak':{'time':[8,14],'condition':'eventually[8,14](globally[7,15](IL1β(t) > c(high)))'},'decrease':{'time':'>14','condition':'eventually[15,∞](globally[15,∞](IL1β(t) < c(low))}'},\n'\""IL1Ra\"":'{'increase':{'time':[1,7],'condition':'abs(IL1Ra(t) - c(low)) < e'},'peak':{'time':[8,14],'condition':'eventually[8,14](globally[7,15](IL1Ra(t) > c(high)))}',\n'decrease':{'time':'>14','condition':'eventually[15,∞](globally[15,∞](IL1Ra(t) < c(low))}'}\n}"",
""explanation"": ""The input statement describes the behavior of IL-1β and IL-1Ra in the mild group over time. To create the STL statement, we use the 'increase' condition for the period when the amount is increasing, the 'peak' condition for the time when the amount reaches its maximum, and the 'decrease' condition for the time when the amount is decreasing. For both IL-1β and IL-1Ra, the conditions are applied over different time intervals: increase from day 1 to 7, peak at day 8 to 14, and decrease after day 14.""
}",,,,,,
4,5,"Remarkably, in the mild group, the amount of these cytokines (IL-1β and IL-1Ra) increased at the day 1–7, reached a peak at the day 8–14, and diminished after >14 days.","G[1,7] ( d_b(t) > 0 ^ d_r(t) > 0) ^ F[8, 14] ( b(t) > c(high) ^ r(t) > c(high) ) ^ F[15,T] ( b(t) < c(low) ^ r(t) < c(low) )","From day 1 to 7, the concentration of IL-1β was always increasing and the concentration of IL-Ra was always increasing, and between day 8 and 14, the concentration of IL-1β was eventually greater than its high levels and the concentration of IL-Ra was eventually greater than its high levels, and from day 15 onwards, the concentration of IL-1β was eventually less than its low levels and the concentration of IL-Ra was eventually less than its low levels.","{
""thinking"": ""I need to translate the natural language into STL for the 'IL-1β' and 'IL-1Ra' cytokines levels and their derivatives."",
""input_statement"": ""Remarkably, in the mild group, the amount of these cytokines (IL-1β and IL-1Ra) increased at the day 1–7, reached a peak at the day 8–14, and diminished after >14 days."",
""output_STL"": ""eventually[1,7](d_IL1β(t) > d_c(high) ∧ d_IL1Ra(t) > d_c(high)) \nglobally[8,14](abs(IL1β(t) - c(mid)) < e ∧ abs(IL1Ra(t) - c(mid)) < e) \neventually[∞,∞](IL1β(t) < c(low) ∧ IL1Ra(t) < c(low))""

																																																																																																																																																																																																																																																																																																																																																																																																																																																																																																																																																																																																																																																																																																																																																																																																																																																																																																																																																																																																																																																																																																																																																																																																																																																																																																																																																																																																																																																																																																																																																																																																																																																																																																																																																																																																																																																																												","{
""thinking"": ""I need to translate the natural language into STL for the 'amount of these cytokines (IL-1β and IL-1Ra)' statement."",
""input_statement"": ""Remarkably, in the mild group, the amount of these cytokines (IL-1β and IL-1Ra) increased at the day 1–7, reached a peak at the day 8–14, and diminished after >14 days."",
""output_STL"": ""eventually[0, 14]globally(IL-1β(t) > c(mid) ∧ IL-1Ra(t) > c(mid)) ∧ eventually[14, ∞]globally(IL-1β(t) < c(mid) ∧ IL-1Ra(t) < c(mid)) \n\t→ \n d_IL-1β(t_peak1) > d_c(high) \n\tand \n d_IL-1β(t_peak2) < d_c(low) \n\tand \n abs(d_IL-1Ra(t) - d_c(zero)) > e"",
""explanation"": ""We are looking for a condition where IL-1β and IL-1Ra have increased in the mild group between days 1-7, peaked between days 8-14, and then decreased after day 14. To represent this, we use the temporal operator 'eventually' with the 'globally' modifier to ensure that the conditions within each time interval are met for the entire duration of that interval. The first condition checks that the levels of both IL-1β and IL-1Ra are above their moderate levels during days 1-14. The second condition checks that the levels of both IL-1β and IL-1Ra are below their moderate levels after day 14. The third condition states that the rate of change of IL-1β is greater than a high rate during the peak period, while the rate of change of IL-1Ra is non-zero.""
}","{
""thinking"": ""I need to translate the natural language into STL for the amount of IL-1β and IL-1Ra in the mild group. The statement describes an increase from day 1-7, a peak at day 8-14, and a diminishment after day 14."",
""input_statement"": ""Remarkably, in the mild group, the amount of these cytokines (IL-1β and IL-1Ra) increased at the day 1–7, reached a peak at the day 8–14, and diminished after >14 days."",
""output_STL"": ""[{\""name\"": \""IL-1β\"",\""condition\"": \""d_IL-1β(t) > d_c(high)\""},{\""name\"": \""IL-1β\"",\""condition\"": \""eventually[14,infty]globally(d_IL-1β(t) < d_c(low))\""},{\""name\"": \""IL-1Ra\"",\""condition\"": \""d_IL-1Ra(t) > d_c(high)\""},{\""name\"": \""IL-1Ra\"",\""condition\"": \""eventually[14,infty]globally(d_IL-1Ra(t) < d_c(low))\""}]"",
""explanation"": ""We represent the increase of IL-1β and IL-1Ra using the derivative terms 'd_IL-1β' and 'd_IL-1Ra'. We use the 'eventually' and 'globally' operators to describe the time intervals. The first condition describes the increase during day 1-7, the second condition describes the peak between day 8-14, and the third condition describes the diminishment after day 14.""
}","{
""thinking"": ""I need to translate the natural language into STL for IL-1β and IL-1Ra signals based on their amount changes over time. The input statement describes that in the mild group, the amount of these cytokines increased at day 1–7, reached a peak at day 8–14, and diminished after >14 days."",
""input_statement"": ""Remarkably, in the mild group, the amount of these cytokines (IL-1β and IL-1Ra) increased at the day 1–7, reached a peak at the day 8–14, and diminished after >14 days."",
""output_STL"": ""[{\""name\"": \""IL-1β\"",\""condition\"": \""eventually[1,7](d_IL-1β(t) > 0) \nand \n eventually[8,14](abs(d_IL-1β(t) - d_c(high)) < e)\""},\n{\""name\"": \""IL-1β\"",\""condition\"": \""globally[>14](abs(d_IL-1β(t) - d_c(low)) < e)\""}],\n[\n{\""name\"": \""IL-1Ra\"",\""condition\"": \""eventually[1,7](d_IL-1Ra(t) > 0) \nand \n eventually[8,14](abs(d_IL-1Ra(t) - d_c(high)) < e)\""},\n{\""name\"": \""IL-1Ra\"",\""condition\"": \""globally[>14](abs(d_IL-1Ra(t) - d_c(low)) < e)\""}\n]"",
""explanation"": ""The STL statements represent the following conditions: For both IL-1β and IL-1Ra signals:\n1. Between day 1 and 7, the derivatives are positive, indicating an increase.\n2. Between day 8 and 14, the derivatives reach a high rate of change.\n3. After day 14, the derivatives decrease, reaching a low rate of change.""
}","{
""thinking"": ""<thinking> I need to translate the natural language into STL for IL-1β and IL-1Ra signals based on the given statement. The statement describes how the amounts of IL-1β and IL-1Ra cytokines change over time in the mild group."",
""input_statement"": ""Remarkably, in the mild group, the amount of these cytokines (IL-1β and IL-1Ra) increased at the day 1–7, reached a peak at the day 8–14, and diminished after >14 days."",
""output_STL"": ""[{\""name\"": \""IL-1β\"",\""condition\"": [{\""phi\"": "",""explanation"": ""The following condition represents the increase in IL-1β from day 1 to day 7 and reaching a peak between day 8 and day 14: \neventually[1,7](d_IL-1β(t) > d_c(low))\nand \neventually[8,14](abs(d_IL-1β(t) - d_c(high)) < e)\n""
}","{
""thinking"": ""I need to translate the natural language into STL for IL-1β and IL-1Ra signals."",
""input_statement"": ""Remarkably, in the mild group, the amount of these cytokines (IL-1β and IL-1Ra) increased at the day 1–7, reached a peak at the day 8–14, and diminished after >14 days."",
""output_STL"": ""[{\""name\"": \""IL-1β\"",\""condition\"": [{\""phi\"": [{\""psi\"": {\""eventually\"":[{\""t_a\"": 1,\""t_b\"": 7},\""globally\"":{}],\""phi\"": [{\""greater_than\"": {""																																																																																																																																																																																																																																																																																																																																																																																																																																																																																																																																																																																																																																																																																																																																																																																																																																																																																																																																																																																																																																																																																																																																																																																																																																																																																																																																																																																																																																																																																																																																																																																																																																																																																																																																																																																																																																																																																																																																																								",,,,,,
5,6,"TNF-α levels elevated at the day 1–7 and 8–14 times intervals, then decreased at the day>14.","G[1,7] ( a(t) > c(mid) ) ^ G[8,14] (a(t) > c(mid) ) ^ G[15,T] ( a(t) < c(mid) )","From day 1 to 7, the concentration of TNF-α was always greater than its moderate levels, and from day 8 to 14, the concentration of TNF-α was always greater than its moderate levels, and from day 15 onwards, the concentration of TNF-α was always less than its moderate levels.","{
""thinking"": ""I need to translate the natural language into STL for TNF-α levels. The statement describes three different time intervals: day 1-7, day 8-14, and day > 14. For each interval, we have a different condition."",
""input_statement"": ""TNF-α levels elevated at the day 1–7 and 8–14 times intervals, then decreased at the day>14."",
""output_STL"": ""{'name': 'TNFeα', 'conditions': [{'interval': '[0, 7]', 'condition': 'eventually[0, 7](TNFeα(t) > c(high))'}, {'interval': '[8, 14]', 'condition': 'eventually[8, 14](TNFeα(t) > c(high))'}, {'interval': '[15, ∞)', 'condition': 'globally[15, ∞](TNFeα(t) < c(low))'}]}"",
""explanation"": ""The output STL consists of a dictionary with three keys: 'name', which specifies the species name (TNF-α), and 'conditions'. Each condition in 'conditions' is itself a dictionary with two keys: 'interval', which defines the time interval using the temporal operators 'eventually' and '[', ']' for start and end days, and 'condition', which sets the required condition for the given species (TNF-α) within that interval. In this case, the conditions are 'eventually[0, 7](TNFeα(t) > c(high))' and 'eventually[8, 14](TNFeα(t) > c(high))' for the first and second intervals, respectively. The third condition is 'globally[15, ∞](TNFeα(t) < c(low))' for the third interval.""
}","{""thinking"": ""I need to translate the natural language into STL for TNF-α levels changing over time."",
""input_statement"": ""TNF-α levels elevated at the day 1–7 and 8–14 times intervals, then decreased at the day>14."",
""output_STL"": ""[{'interval': '[0, 7]', 'condition': 'eventually[0, 7](d_TNFeα(t) > d_c(high))'}, {'interval': '[8, 14]', 'condition': 'eventually[8, 14](d_TNFeα(t) > d_c(high))'}, {'interval': '[15, ∞)', 'condition': 'globally[15, ∞](d_TNFeα(t) < d_c(low))'}]"",
""explanation"": ""In this problem, we want to describe TNF-α level changes using Signal Temporal Logic (STL). The natural language statement specifies that TNF-α levels are elevated during two different time intervals: day 1-7 and day 8-14. After day 14, TNF-α levels decrease. We can use derivative conditions and temporal operators in STL to represent these requirements. Here's how to translate it into STL: \n\n1. For each interval where TNF-α levels are elevated, we should have a positive rate of change of TNF-α levels.\n2. We want to find an eventuality of those conditions within their respective intervals.\n3. After day 14, TNF-α levels should have a negative rate of change or decrease. \n\nBased on the given rules and examples, our output_STL will look like:\n\n{'output_STL': [{\""interval\"": \""[0, 7]\"", \""condition\"": \""eventually[0, 7](d_TNFeα(t) > d_c(high))\""}, {\""interval\"": \""[8, 14]\"", \""condition\"": \""eventually[8, 14](d_TNFeα(t) > d_c(high))\""}, {\""interval\"": \""[15, ∞)\"", \""condition\"": \""globally[15, ∞](d_TNFeα(t) < d_c(low))\""}]}""}","{
""thinking"": ""I need to translate the natural language into STL for TNF-α levels.\nThe statement describes three different time intervals: day 1-7, day 8-14, and day > 14. For each interval, there is a condition regarding TNF-α levels."",

""input_statement"": ""TNF-α levels elevated at the day 1–7 and 8–14 times intervals, then decreased at the day>14."",

""output_STL"": ""[{\""interval\"": \""[0, 7]\"", \""condition\"": \""eventually[0, 7](d_TNFeα(t) > d_c(high))\""}, {\""interval\"": \""[8, 14]\"", \""condition\"": \""eventually[8, 14](d_TNFeα(t) > d_c(high))\""}, {\""interval\"": \""[15, ∞]\"", \""condition\"": \""globally[15, ∞](d_TNFeα(t) < d_c(low))\""}]"",

""explanation"": ""To represent the given natural language statement in STL, we can use the following conditions:\n\nFor day 1-7 and day 8-14, TNF-α levels are elevated (greater than high level). So, we will use the eventually operator with derivative_greater_than condition for these intervals.\n\nFor day > 14, TNF-α levels are decreased (less than low level). So, we will use the globally operator with derivative_less_than condition for this interval.\n\nTherefore, the output STL statement consists of an array containing three conditions, where each condition represents a specific interval and its corresponding condition.""
}","{
""thinking"": ""I need to translate the natural language into STL for TNF-α levels. The input statement describes three different time intervals: day 1-7, day 8-14, and day > 14. For each interval, we have a different condition. The first and second intervals specify that TNF-α levels are elevated, while the third interval specifies that TNF-α levels are decreased."",
""input_statement"": ""TNF-α levels elevated at the day 1–7 and 8–14 times intervals, then decreased at the day>14."",
""output_STL"": ""[{\""interval\"": \""[0, 7]\"", \""condition\"": \""eventually[0, 7](d_TNFeα(t) > d_c(high))\""}, {\""interval\"": \""[8, 14]\"", \""condition\"": \""eventually[8, 14](d_TNFeα(t) > d_c(high))\""}, {\""interval\"": \""[15, ∞]\"", \""condition\"": \""globally[15, ∞](d_TNFeα(t) < d_c(low))\""}]"",
""explanation"": ""The STL statements represent the following conditions based on the input statement: \n1. Between days 0 and 7, the rate of change of TNF-α (d_TNFeα) is eventually greater than a high rate (d_c(high)).\n2. Between days 8 and 14, the rate of change of TNF-α is also eventually greater than a high rate.\n3. After day 15, the rate of change of TNF-α is globally less than a low rate (d_c(low)). This means that after day 15, the rate of change of TNF-α is continuously decreasing.""
}","{
""thinking"": ""I need to translate the natural language into STL for TNF-α levels elevated at day 1-7 and 8-14 intervals, then decreased at day > 14."",
""input_statement"": ""TNF-α levels elevated at the day 1–7 and 8–14 times intervals, then decreased at the day>14."",
""output_STL"": ""[{\""interval\"": \""[0, 7]\"", \""condition\"": {\""eventually\"": [{\""phi\"": {\""condition\"": \""d_TNFeα(t) > d_c(high)\""}}}, \""duration\"": null}}, \""""																																																																																																																																																																																																																																																																																																																																																																																																																																																																																																																																																																																																																																																																																																																																																																																																																																																																																																																																																																																																																																																																																																																																																																																																																																																																																																																																																																																																																																																																																																																																																																																																																																																																																																																																																																																																																																																																																																																																																																							","{
""thinking"": ""I need to translate the natural language into STL for TNF-α levels."",
""input_statement"": ""TNF-α levels elevated at the day 1–7 and 8–14 times intervals, then decreased at the day>14."",
""output_STL"": ""eventually[1,7]globally(TNFα(t) > c(high)) ∧ eventually[8,14]globally(TNFα(t) > c(high)) ∧ globally[15,∞](TNFα(t) < c(low))""

																																																																																																																																																																																																																																																																																																																																																																																																																																																																																																																																																																																																																																																																																																																																																																																																																																																																																																																																																																																																																																																																																																																																																																																																																																																																																																																																																																																																																																																																																																																																																																																																																																																																																																																																																																																																																																																																																																																																																																																",,,,,,
6,7,"TNF-α levels elevated at the day 1–7 and 8–14 times intervals, then decreased at the day>14.","G[1,14] ( a(t) < c(mid) ) ^ G[15, T] ( d_a(t) < 0 )","From day 1 to 14, the concentration of TNF-α was always less than its moderate levels, and from day 15 onwards, the concentration of TNF-α was always decreasing.","{""thinking"": ""<thinking>I need to translate the natural language into STL for TNF-α levels..."",
""input_statement"": ""TNF-α levels elevated at the day 1–7 and 8–14 times intervals, then decreased at the day>14."",
""output_STL"": ""eventually[1,7](globally[0,7](abs(d_TNFA(t) - d_c(high)) > 0) → eventually[8,14](globally[0,14](abs(d_TNFA(t) - d_c(high)) > 0) → globally[15,∞](abs(d_TNFA(t) - d_c(low)) < 0)))}""

																																																																																																																																																																																																																																																																																																																																																																																																																																																																																																																																																																																																																																																																																																																																																																																																																																																																																																																																																																																																																																																																																																																																																																																																																																																																																																																																																																																																																																																																																																																																																																																																																																																																																																																																																																																																																																																																																																																																												","{
""thinking"": ""I need to translate the natural language into STL for TNF-α levels with given time intervals"",
""input_statement"": ""TNF-α levels elevated at the day 1–7 and 8–14 times intervals, then decreased at the day>14."",
""output_STL"": ""eventually[1,7](TNFA(t) > c(high)) ^ eventually[8,14](TNFA(t) > c(high)) ^ globally[15, (INF)](TNFA(t) < c(low))""

																																																																																																																																																																																																																																																																																																																																																																																																																																																																																																																																																																																																																																																																																																																																																																																																																																																																																																																																																																																																																																																																																																																																																																																																																																																																																																																																																																																																																																																																																																																																																																																																																																																																																																																																																																																																																																																																																																																																																																																					","{
""thinking"": ""I need to translate the natural language into STL for TNF-α levels elevated at day 1-7 and 8-14, then decreased at day > 14."",
""input_statement"": ""TNF-α levels elevated at the day 1–7 and 8–14 times intervals, then decreased at the day>14."",
""output_STL"": ""eventually[0,14](globally[0,7](TNFα(t) > c(high)) ∧ globally[7,14](TNFα(t) > c(mid))) ∧ eventually[14,∞](TNFα(t) < c(low))""

																																																																																																																																																																																																																																																																																																																																																																																																																																																																																																																																																																																																																																																																																																																																																																																																																																																																																																																																																																																																																																																																																																																																																																																																																																																																																																																																																																																																																																																																																																																																																																																																																																																																																																																																																																																																																																																																																																																																																						","{
""thinking"": ""<thinking> I need to translate the natural language into STL for TNF-α levels..."",
""input_statement"": ""TNF-α levels elevated at the day 1–7 and 8–14 times intervals, then decreased at the day>14."",
""output_STL"": ""eventually[1,7](globally[0,7](TNFα(t) > c(high)) ∧ abs(d_TNFα(t) - d_c(high)) < e) \n→ eventually[15,∞](globally[14,∞](TNFα(t) < c(low)))""

,""explanation"": ""The input statement describes two different temporal conditions: first, TNF-α levels are above a high level during the time intervals from day 1 to 7 and from day 8 to 14. Second, after day 14, TNF-α levels are below a low level. In STL, we can represent these conditions as follows: \n- The first condition is represented using the 'eventually' and 'globally' operators, with the 'greater than' comparison operator and the 'derivative greater than' operator (which represents a rapid increase): 'eventually[1,7](globally[0,7](TNFα(t) > c(high)) ∧ abs(d_TNFα(t) - d_c(high)) < e)' \n- The second condition is represented using the 'eventually' and 'globally' operators, with the 'less than' comparison operator: 'eventually[15,∞](globally[14,∞](TNFα(t) < c(low)))'\n\nTherefore, the final output statement combines both conditions using the implication operator ('→'): 'eventually[1,7](globally[0,7](TNFα(t) > c(high)) ∧ abs(d_TNFα(t) - d_c(high)) < e) → eventually[15,∞](globally[14,∞](TNFα(t) < c(low)))'"" }","{
""thinking"": ""I need to translate the natural language into STL by interpreting 'TNF-α levels elevated' as 'TNF-α is greater than a high threshold', and 'TNF-α levels decreased' as 'TNF-α is less than a low threshold'. The statement can be translated using the 'eventually' and 'globally' temporal operators."",
""input_statement"": ""TNF-α levels elevated at the day 1–7 and 8–14 times intervals, then decreased at the day>14."",
""output_STL"": ""[{\""phi\"": [{\""u\"": {\""type\"": \""greater_than\"", \""s\"": \""TNFα\"", \""c\"": \""c(high)\""}}, {\""u\"": {\""type\"": \""less_than\"", \""s\"": \""TNFα\"", \""c\"": \""c(low)\""}}],\n\""temporal_operator\"": \""eventually\"",\n\""interval\"": [1, 7],\n\""condition\"": null},\n{\""phi\"": [{\""u\"": {\""type\"": \""greater_than\"", \""s\"": \""TNFα\"", \""c\"": \""c(high)\""}}, {\""u\"": {\""type\"": \""less_than\"", \""s\"": \""TNFα\"", \""c\"": \""c(low)\""}}],\n\""temporal_operator\"": \""eventually\"",\n\""interval\"": [8, 14],\n\""condition\"": null},\n{\""phi\"": [{\""u\"": {\""type\"": \""less_than\"", \""s\"": \""TNFα\"", \""c\"": \""c(low)\""}}],\n\""temporal_operator\"": \""globally\"",\n\""interval\"": [15, Infinity]}]"",
""explanation"": ""The input statement describes that TNF-α has elevated levels for two distinct time intervals: from day 1 to day 7 and from day 8 to day 14. Afterward, it has decreased levels. This can be translated into STL using the 'eventually' operator twice, each with its own interval and condition. The first condition checks if TNF-α is greater than the high threshold (c(high)), and the second condition checks if TNF-α is less than the low threshold (c(low)). These conditions are combined within an array of conditions named 'phi'. Finally, these phi conditions are wrapped inside the 'eventually' operator for each interval and the 'globally' operator for the time period after day 15.""
}","{""thinking"": ""<thinking>I need to translate the natural language statement 'TNF-α levels elevated at the day 1–7 and 8–14 times intervals, then decreased at the day>14' into STL...</thinking>"",
""input_statement"": ""TNF-α levels elevated at the day 1–7 and 8–14 times intervals, then decreased at the day>14"",
""output_STL"": ""[{\""phi\"": [{\""u\"": {\""type\"": \""greater_than\"", \""s\"": \""TNFα\"", \""c\"": \""c(high)\""}}],\""temporal_operator\"": \""eventually\"",\""interval\"": [1, 7]},{\""phi\"": [{\""u\"": {\""type\"": \""greater_than\"", \""s\"": \""TNFα\"", \""c\"": \""c(high)\""}}],\""temporal_operator\"": \""eventually\"",\""interval\"": [8, 14]},{\""phi\"": [{\""u\"": {\""type\"": \""less_than\"", \""s\"": \""TNFα\"", \""c\"": \""c(low)\""}},{\""u\"": {\""type\"": \""greater_than\"", \""s\"": \""time\"", \""c\"": ""																																																																																																																																																																																																																																																																																																																																																																																																																																																																																																																																																																																																																																																																																																																																																																																																																																																																																																																																																																																																																																																																																																																																																																																																																																																																																																																																																																																																																																																																																																																																																																																																																																																																																																																																																																																																																																			",,,,,,
7,8,"TNF-α levels elevated at the day 1–7 and 8–14 times intervals, then decreased at the day>14.","G[1,14] ( a(t) < c(mid) ) ^ F[15,T] ( a(t) < c(low) )","From day 1 to 14, the concentration of TNF-α was always less than its moderate levels, and from day 15 onwards, the concentration of TNF-α was eventually less than its low levels.","{
""thinking"": ""The input statement describes two time intervals: day 1-7 and day 8-14, where TNF-α levels are elevated, and day > 14 where TNF-α levels are decreased. To represent this in STL, we can use the 'eventually' and 'globally' temporal operators with the 'greater_than' comparison operator."",
""input_statement"": ""TNF-α levels elevated at the day 1–7 and 8–14 times intervals, then decreased at the day>14."",
""output_STL"": ""{'psi1': eventually[1,7](TNFA(t) > c(high)) \/\/ eventually[8,14](TNFA(t) > c(high)), 'psi2': globally[15,∞](TNFA(t) < c(low))}"",
""explanation"": ""The first condition ('psi1') represents that there is a point between day 1 and 7, and another point between day 8 and 14, where TNF-α levels are above 'c(high)', indicating an 'elevated' level. The second condition ('psi2') represents that for all days after day 15, TNF-α levels are below 'c(low)', indicating a 'decreased' level.""
}","{""thinking"": ""I need to translate the natural language 'TNF-α levels elevated at the day 1–7 and 8–14 times intervals, then decreased at the day>14' into STL format."",
""input_statement"": ""TNF-α levels elevated at the day 1–7 and 8–14 times intervals, then decreased at the day>14."",
""output_STL"": ""{'psi1': eventually[1,7](TNFA(t) > c(high)) // eventually[8,15](TNFA(t) > c(high)), 'psi2': globally[16,∞](TNFA(t) < c(low))}"",
""explanation"": ""The input statement describes two different time intervals where TNF-α levels are elevated, followed by a third interval where TNF-α levels are decreased. To represent this in STL format, we define two conditions (psi1 and psi2). The first condition (psi1) represents the time intervals where TNF-α levels are elevated. This is represented using the 'eventually' temporal operator with two subintervals: one for days 1 to 7 and another for days 8 to 14. Both subintervals use the 'greater than' comparison operator to specify that TNF-α levels must be above a certain threshold (c(high)). The second condition (psi2) represents the time interval where TNF-α levels are decreased, which is defined as all days greater than day 14. This is represented using the 'globally' temporal operator and the 'less than' comparison operator to specify that TNF-α levels must be below a certain threshold (c(low)) throughout this interval.""}","{""thinking"": ""<thinking>I need to translate the natural language into STL for 'TNF-α levels elevated at the day 1–7 and 8–14 times intervals, then decreased at the day>14' statement..."",
""input_statement"": ""TNF-α levels elevated at the day 1–7 and 8–14 times intervals, then decreased at the day>14."",
""output_STL"": ""{'psi1': eventually[1,7](TNFA(t) > c(high)) // eventually[8,15](TNFA(t) > c(high)), 'psi2': globally[16,∞](TNFA(t) < c(low))}"",
""explanation"": ""The input statement describes two different time intervals where TNF-α levels are elevated, followed by a time interval where TNF-α levels are decreased. In STL, we can express this using temporal operators 'eventually' and 'globally'. The first part of the statement 'TNF-α levels elevated at the day 1–7 and 8–14 times intervals' can be translated as: \n\n{'psi1': eventually[1,7](TNFA(t) > c(high))} \nThis statement says that there exists at least one time point within the first 7 days (day 1 to day 7) where TNF-α level is above a certain high value, and similarly, there exists at least one time point within the second interval (day 8 to day 14) where TNF-α level is above a certain high value.\n\nThe second part of the statement 'then decreased at the day>14' can be translated as:\n\n{'psi2': globally[16,∞](TNFA(t) < c(low))}\nThis statement says that for all the time points after day 14 (day 16 onward), TNF-α level is below a certain low value.""
}","{
""thinking"": ""I need to translate the natural language into STL. The input statement describes three different time intervals: day 1-7, day 8-14, and day > 14. TNF-α levels are elevated during the first two intervals and decreased in the third. Therefore, I will create three conditions for each interval using the 'eventually' and 'globally' operators."",
""input_statement"": ""TNF-α levels elevated at the day 1–7 and 8–14 times intervals, then decreased at the day>14."",
""output_STL"": ""{'psi1': eventually[1,7](TNFA(t) > c(high)) && eventually[8,15](TNFA(t) > c(high)), 'psi2': globally[16,∞](TNFA(t) < c(low))}"",
""explanation"": ""The STL statement consists of two conditions ('psi1' and 'psi2'). 'Psi1' represents the condition that TNF-α levels are elevated during the first two time intervals. This is achieved by using the 'eventually' operator twice with the first argument being the start and end of each interval. The second condition ('psi2') represents the condition that TNF-α levels are decreased after day 14. This is achieved by using the 'globally' operator with an infinite end point.""
}","{
""thinking"": ""I need to translate the natural language into STL for TNF-α levels."",
""input_statement"": ""TNF-α levels elevated at the day 1–7 and 8–14 times intervals, then decreased at the day>14."",
""output_STL"": ""{'psi1': eventually[1,7](TNFA(t) > c(high)) && eventually[8,14](TNFA(t) > c(high)), 'psi2': globally[15,∞](TNFA(t) < c(low))}"",
""explanation"": ""The input statement describes two different time intervals where TNF-α levels are elevated, and a later time interval where TNF-α levels are decreased. The first part of the STL statement uses the 'eventually' operator to describe that there is a point in each of the specified time intervals (day 1 to 7 and day 8 to 14) where TNF-α levels are above the high threshold. The second part of the STL statement uses the 'globally' operator to describe that from day 15 onward, TNF-α levels are below the low threshold.""
}","{
""thinking"": ""I need to translate the natural language into STL with the given rules. The input statement describes TNF-α levels changing at different time intervals, so I will use 'eventually' and 'globally' temporal operators along with comparison statements."",
""input_statement"": ""TNF-α levels elevated at the day 1–7 and 8–14 times intervals, then decreased at the day>14."",
""output_STL"": ""{'psi1': eventually[1,7](TNFA(t) > c(high)) && eventually[8,14](TNFA(t) > c(high)), 'psi2': globally[15,∞](TNFA(t) < c(low))}"",
""explanation"": ""The input statement says that TNF-α levels are elevated during two different time intervals: day 1-7 and day 8-14. To represent this in STL, we can use the 'eventually' operator twice, each time for a specific interval. We also specify that TNF-α levels should be greater than 'c(high)' during these intervals. After day 14, the input statement states that TNF-α levels are decreased, which we can represent using the 'globally' operator and specifying that TNF-α levels should be less than 'c(low)'. This output statement conforms to the given rules.""
}",,,,,,
8,9,We detected that IL-8 was significantly elevated in all COVID-19 subgroups at three studied time intervals compared to the control group.,"G[1,7] ( I(t) > c(high) ) ^ G[8,14] ( l(t) > c(high) ) ^ G[15, T] ( l(t) > c(high) )","From day 1 to 7, the concentration of IL-8 was always greater than its high levels, and from day 8 to 14, the concentration of IL-8 was always greater than its high levels, and from day 15 onwards, the concentration of IL-8 was always greater than its high levels.","{
""thinking"": ""I need to translate the natural language into STL for IL-8 being significantly elevated in all COVID-19 subgroups at three studied time intervals compared to the control group."",
""input_statement"": ""We detected that IL-8 was significantly elevated in all COVID-19 subgroups at three studied time intervals compared to the control group."",
""output_STL"": ""{'psi1': psi[0, inf]([ 'phi1': globally[0, ti1](IL8(t) > c(high)), // First interval \n 'phi2': globally[ti1, ti2](IL8(t) > c(high)), // Second interval \n 'phi3': globally[ti2, inf](IL8(t) > c(high)) ]), // Third interval\n 'psi2': psi[0, inf]([ 'phi1': globally[0, inf](IL8(t) <> ControlGroupIL8(t)) ])\n}"",
""explanation"": ""The input statement describes that IL-8 is significantly elevated in all COVID-19 subgroups at three studied time intervals compared to the control group. To represent this in STL, we first define two temporal operators: psi1 and psi2. The psi1 operator represents the condition where IL-8 is above its high levels during each of the three studied intervals. The psi2 operator represents the condition where IL-8 is higher than the control group throughout the entire study. The final output is the conjunction (&&) of these two operators."" }","{
""thinking"": ""We need to translate the natural language statement about IL-8 being significantly elevated in all COVID-19 subgroups at three studied time intervals compared to the control group into STL..."",
""input_statement"": ""We detected that IL-8 was significantly elevated in all COVID-19 subgroups at three studied time intervals compared to the control group."",
""output_STL"": ""{'psi1': psi[0, inf]([ 'phi1': globally[0, ti1](IL8(t) > c(high) ^ IL8(t) != ControlGroupIL8(t)), // First interval (IL-8 is high and different from control group) 																																																																																																																																																																																																																																																																																																																																																																																																																																																																																																																																																																																																																																																																																																																																																																																																																																																																																																																																																																																																																																																																																																																																																																																																																																																																																																																																																																																																																																																																																																																																																																																																																																																																																																																																																																																																																																																																																																																																																																						","{
""thinking"": ""I need to translate the natural language into STL for IL-8 being significantly elevated in all COVID-19 subgroups at three studied time intervals compared to the control group."",
""input_statement"": ""We detected that IL-8 was significantly elevated in all COVID-19 subgroups at three studied time intervals compared to the control group."",
""output_STL"": ""{'phi': ['IL8(t) > c(high)', 'COVID_19_subgroup(t), IL8(t) > c(high)', 'IL8(t) > c(high)', 'IL8(t) > c(high)', 'Control_group(t), IL8(t) < c(high)'], 'psi': 'eventually[0,t_interval1](globally[0,t_interval1](phi)) ^ eventually[t_interval1, t_interval2](globally[t_interval1, t_interval2](phi)) ^ eventually[t_interval2, ∞](globally[t_interval2, ∞](phi))'}"",
""explanation"": ""The input statement describes that IL-8 is significantly elevated in all COVID-19 subgroups at three studied time intervals compared to the control group. This can be translated into STL by defining a boolean condition phi that checks if the IL-8 level is high (c(high)) for each of the three studied time intervals within the COVID-19 subgroups and low (c(low)) for the control group. The temporal operator 'eventually' is used to represent that there exists at least one instance between the start of the study and each time interval where the condition holds globally for the entire interval.""
}","{""thinking"": ""We need to translate the natural language statement 'We detected that IL-8 was significantly elevated in all COVID-19 subgroups at three studied time intervals compared to the control group' into STL. The input statement indicates that IL-8 is significantly elevated for all COVID-19 subgroups at three different time intervals, and this condition holds true for each of these time intervals compared to the control group."",
""input_statement"": ""We detected that IL-8 was significantly elevated in all COVID-19 subgroups at three studied time intervals compared to the control group."",
""output_STL"": ""{'\""phi\"":\"":\"" [COVID_19_subgroup(t), IL8(t) > c(high)] ^ [COVID_19_subgroup(t), IL8(t) > c(high)] ^ [COVID_19_subgroup(t), IL8(t) > c(high)]\"",\n\""Control_group(t)\"": \""IL8(t) < c(high)\"",\n\""psi\"": \""eventually[0,t_interval1](globally[0,t_interval1](phi)) ^ eventually[t_interval1, t_interval2](globally[t_interval1, t_interval2](phi)) ^ eventually[t_interval2, ∞](globally[t_interval2, ∞](phi))\""}"",
""explanation"": ""The STL statement checks if the IL-8 level is significantly elevated (greater than high threshold) for all COVID-19 subgroups at each of the three studied time intervals, and this condition holds true for the entire duration of each interval compared to the control group where IL-8 levels are below the high threshold. The temporal operators used in the STL statement include: \n1. eventally[t_a,t_b]: This operator checks if there exists a point in time between days a and b where the condition phi becomes true for the rest of the interval.\n2. globally[t_a,t_b]: This operator checks if the condition phi is true over the entire interval from day a to b.""}","{
""thinking"": ""We are given a natural language statement about the significance of IL-8 in COVID-19 subgroups at three studied time intervals compared to the control group. I need to translate this into STL format."",
""input_statement"": ""We detected that IL-8 was significantly elevated in all COVID-19 subgroups at three studied time intervals compared to the control group."",
""output_STL"": ""{	'phi': [COVID_19_subgroup(t), IL8(t) > c(high)],	'Control_group(t)': IL8(t) < c(high)},	'psi': eventually[0, t_interval1](globally[0, t_interval1](phi)) ^ eventually[t_interval1, t_interval2](globally[t_interval1, t_interval2](phi)) ^ eventually[t_interval2, ∞](globally[t_interval2, ∞](phi))}"",
""explanation"": ""In this problem, we want to express that IL-8 is significantly elevated in all COVID-19 subgroups compared to the control group at three studied time intervals. In STL, we can define 'phi' as a condition where IL-8 levels are above the high threshold for COVID-19 subgroups and below the high threshold for the control group. The temporal operator 'eventually' is used to ensure that there exists at least one instance within each time interval where the IL-8 level remains above the high threshold for COVID-19 subgroups without returning below it for the rest of the interval. This implies that IL-8 is significantly elevated during these intervals compared to the control group.""
}","{
""thinking"": ""We are being asked to translate a natural language statement about IL-8 levels in COVID-19 subgroups into STL. I will need to identify the conditions and temporal operators required to represent the given statement."",
""input_statement"": ""We detected that IL-8 was significantly elevated in all COVID-19 subgroups at three studied time intervals compared to the control group."",
""output_STL"": ""{'name': 'IL-8_elevated', 'conditions': ['IL-8(t) > c(high)', 't <= t_end'], 'temporal_operators': ['eventually[0, t_end](', ')]'}"",
""explanation"": ""The input statement describes that IL-8 is significantly elevated in all COVID-19 subgroups at three studied time intervals compared to the control group. To represent this statement in STL, we can create a named condition called 'IL-8_elevated'. This condition will consist of two parts: the condition for IL-8 being above the high threshold (c(high)) and the temporal operator to capture the fact that this condition holds at least once during each of the three studied time intervals. We don't have specific time intervals mentioned in the input statement, so let's assume that the study covers the entire interval [0, t_end]. The temporal operator 'eventually[0, t_end]' ensures that there exists at least one instance within this interval where IL-8(t) > c(high). The second part of the temporal operator ')' captures that this condition holds for the rest of the interval. So, the overall meaning of the STL statement would be: At some point during each of the three studied time intervals, IL-8 level exceeded the high threshold and remained above it until the end of the interval.""
}",,,,,,
9,10,We detected that IL-8 was significantly elevated in all COVID-19 subgroups at three studied time intervals compared to the control group.,"G[0,T] ( l(t) > c(high) )","From day 0 onwards, the concentration of IL-8 was always greater than its high levels.","{
""thinking"": ""<thinking> I need to translate the natural language into STL for 'We detected that IL-8 was significantly elevated in all COVID-19 subgroups at three studied time intervals compared to the control group'. This statement implies that IL-8 levels are above certain thresholds at specific points in time for each subgroup and across all subgroups, compared to a control group. We can use 'greater_than' comparison statements for this."",
""input_statement"": ""We detected that IL-8 was significantly elevated in all COVID-19 subgroups at three studied time intervals compared to the control group."",
""output_STL"": ""[(subgroup1: IL-8(t) > c(high)) ^ (subgroup2: IL-8(t) > c(high)) ^ (subgroup3: IL-8(t) > c(high))] globally[0, ∞](IL-8(t) > ControlGroup(t))"",
""explanation"": ""The STL statement uses two temporal operators: 'globally' and '^'. The 'globally' operator ensures that the condition is true over the entire interval from day 0 to infinity. The '^' operator represents logical AND, which combines the conditions for each subgroup. The 'IL-8(t)' species represents the concentration of IL-8 at time t, while 'ControlGroup(t)' represents the concentration of IL-8 in the control group at the same time. The 'c(high)' value represents a significant threshold for IL-8 levels.""
}","{
""thinking"": ""We need to translate the natural language statement about IL-8 levels in COVID-19 subgroups into STL. The statement indicates that IL-8 was significantly elevated in all COVID-19 subgroups at three studied time intervals compared to the control group."",
""input_statement"": ""We detected that IL-8 was significantly elevated in all COVID-19 subgroups at three studied time intervals compared to the control group."",
""output_STL"": ""[(subgroup1: IL-8(t) > c(high)) ^ (subgroup2: IL-8(t) > c(high)) ^ (subgroup3: IL-8(t) > c(high))] globally[0, ∞](IL-8(t) > ControlGroup(t))"",
""explanation"": ""In this problem, we are given a natural language statement about the IL-8 levels in COVID-19 subgroups being significantly elevated at three studied time intervals compared to the control group. To translate this into STL, we first identify the variables and conditions involved in the statement. The variables are 'IL-8' and 'COVID-19 subgroups'. The conditions are 'significantly elevated' and 'at three studied time intervals'. In STL, we can represent 'significantly elevated' as '> c(high)', where 'c(high)' represents a high level of IL-8. We can represent 'at three studied time intervals' using the 'globally' temporal operator and specifying the interval [0, ∞). The resulting STL statement is: \n\n[(subgroup1: IL-8(t) > c(high)) ^ (subgroup2: IL-8(t) > c(high)) ^ (subgroup3: IL-8(t) > c(high))] globally[0, ∞](IL-8(t) > ControlGroup(t))\n\nThis statement means that for all subgroups, IL-8(t) is greater than the high threshold level for all time points within the studied intervals, and IL-8(t) is also greater than the control group for all time points within those intervals.""
}","{
""thinking"": ""We need to represent that IL-8 is significantly elevated in all COVID-19 subgroups compared to the control group at three studied time intervals. I will use the 'greater_than' comparison operator for this."",
""input_statement"": ""We detected that IL-8 was significantly elevated in all COVID-19 subgroups at three studied time intervals compared to the control group."",
""output_STL"": ""[(subgroup1: IL-8(t) > ControlGroup(t)) ^ (subgroup2: IL-8(t) > ControlGroup(t)) ^ (subgroup3: IL-8(t) > ControlGroup(t))] globally[0, ∞](IL-8(t) > c(high))"",
""explanation"": ""In our STL statement, we are using a Boolean combination of conditions using the '^' operator to represent that all three subgroups have higher levels of IL-8 than the control group. The 'globally[0, ∞](IL-8(t) > c(high))' temporal operator ensures that this condition holds true for all time points within our study interval.""
}","{
""thinking"": ""I need to translate the natural language into STL for three subgroups of IL-8 compared to the control group at three studied time intervals. I will use the 'subgroup' variable as a boolean condition, and ' ControlGroup' as a comparison value."",
""input_statement"": ""We detected that IL-8 was significantly elevated in all COVID-19 subgroups at three studied time intervals compared to the control group."",
""output_STL"": ""[(subgroup1: true) → (eventually[0, 3](IL-8(t) > ControlGroup(t)))] ∧ [(subgroup2: true) → (eventually[0, 3](IL-8(t) > ControlGroup(t)))] ∧ [(subgroup3: true) → (eventually[0, 3](IL-8(t) > ControlGroup(t)))]"",
""explanation"": ""The input statement describes that IL-8 is significantly elevated in all COVID-19 subgroups compared to the control group at three studied time intervals. The STL statement uses temporal operators to represent this relationship. The 'eventually' operator represents that there is a point within the interval from day 0 to day 3 where IL-8 is greater than the control group for each subgroup.""
}","{
""thinking"": ""We are translating the natural language statement 'We detected that IL-8 was significantly elevated in all COVID-19 subgroups at three studied time intervals compared to the control group' into STL. The STL statement should describe how the IL-8 signal behaves differently in the COVID-19 subgroups compared to the control group."",
""input_statement"": ""We detected that IL-8 was significantly elevated in all COVID-19 subgroups at three studied time intervals compared to the control group."",
""output_STL"": ""[(subgroup1: true) ∨ (subgroup2: true) ∨ (subgroup3: true)] → [eventually[0, 3](IL-8(t) > ControlGroup(t))]"",
""explanation"": ""The input statement describes a condition where IL-8 is significantly elevated in all COVID-19 subgroups compared to the control group at three studied time intervals. To translate this into STL, we use a combination of Boolean operators and temporal operators. We first create a condition that represents the COVID-19 subgroups using the Boolean OR operator (∨). This condition checks if any of the subgroups are true. Then, we use the implication operator (→) to indicate that if this condition is true, then there must be a point during the studied time intervals where the IL-8 signal is greater than the control group for all time points within those intervals using the eventually operator (eventually[0, 3]). This creates a causality relationship between the COVID-19 subgroups being true and the IL-8 signal being significantly elevated compared to the control group.""
}","{
""thinking"": ""We need to translate the natural language statement about IL-8 being significantly elevated in all COVID-19 subgroups at three studied time intervals compared to the control group into STL."",
""input_statement"": ""We detected that IL-8 was significantly elevated in all COVID-19 subgroups at three studied time intervals compared to the control group."",
""output_STL"": ""eventually[0, 3](COVID19(t) → (IL8(t) > ControlGroup(t)))"",
""explanation"": ""The natural language statement describes a condition where IL-8 is significantly elevated in all COVID-19 subgroups at three studied time intervals compared to the control group. This can be translated into STL using the 'eventually' temporal operator and the implication operator ('→') as follows: \n\n- The 'eventually' operator indicates that there exists at least one time within the interval [0, 3] where the condition holds true.\n- The implication operator ('→') indicates that if the condition COVID19(t) is true (i.e., we are observing a COVID-19 subgroup), then the condition IL8(t) > ControlGroup(t) must also be true.""
}",,,,,,
10,11,"We found that although there was no difference in the production of IFN-β in all patients with COVID-19 compared to the control group at the day 1–7, IFN-β levels were higher in moderate, severe, and critical subjects at the day 8–14 or >14 compared to the healthy control and themselves at the day 1–7.","G[8,T] ( b(t) > c(mid) ) ^ G[1,7] ( b(t) < c(mid) )","From day 8 onwards, the concentration of IFN-β was always greater than its moderate levels, and from day 1 to 7, the concentration of IFN-β was always less than its moderate levels.","{
""thinking"": ""I need to translate the natural language into STL with respect to IFN-β levels in COVID-19 patients."",
""input_statement"": ""We found that although there was no difference in the production of IFN-β in all patients with COVID-19 compared to the control group at the day 1–7, IFN-β levels were higher in moderate, severe, and critical subjects at the day 8–14 or >14 compared to the healthy control and themselves at the day 1–7."",
""output_STL"": ""IFNβ(t) = c(control) → (not (Moderate(t) ∧ Severe(t) ∧ Critical(t)) ∨ (abs(IFNβ(t) - c(healthy_control)) > 0.75)) ∧ \r\n (Moderate(t) ∧ Severe(t) ∧ Critical(t) → eventually[8,14]globally(IFNβ(t) > IFNβ(day_1_7)))""

,""explanation"": ""The output_STL statement consists of two parts. The first part checks if the patient is not in the moderate, severe, or critical group between days 1 and 7 and their IFN-β level is the same as the healthy control. If this condition holds, then the second part checks if the patient is in the moderate, severe, or critical group between days 8 and 14 or beyond, and their IFN-β level is higher than their own level during days 1 to 7."" }","{
""thinking"": ""I need to translate the natural language into STL. The input statement describes two different conditions separated by 'although'. The first condition is that there is no difference in IFN-β production between patients and control group during days 1-7. The second condition is that IFN-β levels are higher in moderate, severe, and critical patients during days 8-14 or >14 compared to healthy controls and themselves during days 1-7."",
""input_statement"": ""We found that although there was no difference in the production of IFN-β in all patients with COVID-19 compared to the control group at the day 1–7, IFN-β levels were higher in moderate, severe, and critical subjects at the day 8–14 or >14 compared to the healthy control and themselves at the day 1–7."",
""output_STL"": ""{ 'condition_1': [ // First condition: no difference in IFN-β production between patients and control group during days 1-7 \n'IFNβ(t) = c(control)' \n, 'not (Moderate(t) ∧ Severe(t) ∧ Critical(t))' \n, '→'\n, '\n' \n, '(abs(IFNβ(t) - c(patients)) < e)' \n],\n // Second condition: IFN-β levels are higher in moderate, severe, and critical patients during days 8-14 or >14 compared to healthy controls and themselves during days 1-7 \n'IFNβ(t) = c(healthy_control)' \n, '→'\n, '\n' \n, '(Moderate(t) ∧ Severe(t) ∧ Critical(t))' \n, ' → '\n, '\n' \n, 'eventually[8,∞](globally[8,∞](IFNβ(t) > IFNβ(day_1_7)))\n',\n '}'}"",
""explanation"": ""The STL statement has two main parts separated by an implication operator (→). The first part represents the condition where there is no difference in IFN-β production between patients and control group during days 1-7. This condition is represented by assigning a constant value 'c(control)' to IFN-β for all patients and checking if they don't belong to the moderate, severe, or critical categories. If this condition holds true, then the next condition must hold true as well. The second part represents the condition where IFN-β levels are higher in moderate, severe, and critical patients during days 8-14 or >14 compared to healthy controls and themselves during days 1-7. This condition is represented by assigning a constant value 'c(healthy_control)' to IFN-β for healthy controls and checking if moderate, severe, and critical patients have higher values of IFN-β during days 8-14 or >14 using the 'eventually[8,∞]' temporal operator.""}","{
""thinking"": ""I need to translate the natural language into STL. The input statement describes two conditions separated by 'although'. The first condition states that there is no difference in IFN-β production between patients and control group during days 1-7. The second condition states that IFN-β levels are higher in moderate, severe, and critical patients during days 8-14 or >14 compared to healthy controls and themselves during days 1-7."",
""input_statement"": ""We found that although there was no difference in the production of IFN-β in all patients with COVID-19 compared to the control group at the day 1–7, IFN-β levels were higher in moderate, severe, and critical subjects at the day 8–14 or >14 compared to the healthy control and themselves at the day 1–7."",
""output_STL"": ""{ 'condition_1': [ // First condition: no difference in IFN-β production between patients and control group during days 1-7 																																																																																																																																																																																																																																																																																																																																																																																																																																																																																																																																																																																																																																																																																																																																																																																																																																																																																																																																																																																																																																																																																																																																																																																																																																																																																																																																																																																																																																																																																																																																																																																																																																																																																																																																																																																																																																																																																																","{
""thinking"": ""I need to translate the natural language into STL with temporal operators and comparisons based on the given rules."",
""input_statement"": ""We found that although there was no difference in the production of IFN-β in all patients with COVID-19 compared to the control group at the day 1–7, IFN-β levels were higher in moderate, severe, and critical subjects at the day 8–14 or >14 compared to the healthy control and themselves at the day 1–7."",
""output_STL"": ""Eventually[8, INF] (IFN-β(t) > (IFN-β(c(healthy_control)) + abs(IFN-β(c(moderate)) - IFN-β(c(healthy_control)))) || \n\t(IFN-β(t) > IFN-β(c(selfs_day1to7))) && \n\tGlobally[1, 7](IFN-β(t) = IFN-β(c(COVID_19_patients)) && IFN-β(t) = IFN-β(c(control_group)) ))""

																																																																																																																																																																																																																																																																																																																																																																																																																																																																																																																																																																																																																																																																																																																																																																																																																																																																																																																																																																																																																																																																																																																																																																																																																																																																																																																																																																																																																																																																																																																																																																																																																																																																																																																																																																																																																																																	","{
""thinking"": ""I need to translate the natural language into STL for the production and comparison of IFN-β levels in COVID-19 patients."",
""input_statement"": ""We found that although there was no difference in the production of IFN-β in all patients with COVID-19 compared to the control group at the day 1–7, IFN-β levels were higher in moderate, severe, and critical subjects at the day 8–14 or >14 compared to the healthy control and themselves at the day 1–7."",
""output_STL"": ""{'name': 'IFN_beta_levels', 'conditions': [{'condition': 'globally[1,7](abs(IFN_beta(t) - c(control)) < e)', 'label': 'No difference between COVID-19 patients and controls'}, {'condition': 'eventually[8,14](globally[8,14](abs(IFN_beta(t) - c(moderate)) > abs(IFN_beta(t-1) - c(moderate)))) || eventually[8,inf](globally[8,inf](abs(IFN_beta(t) - c(severe_critical)) > abs(IFN_beta(t-1) - c(severe_critical))))', 'label': 'Higher IFN-β levels in moderate, severe, and critical subjects'}, {'condition': 'eventually[8,14](globally[8,14](abs(d_IFN_beta(t) - d_c(0)) < e) && abs(IFN_beta(t) - c(healthy_control)) > abs(IFN_beta(t-1) - c(healthy_control)) && abs(IFN_beta(t) - IFN_beta(t-1)) < e)', 'label': 'Slowly increasing difference between IFN-β levels in moderate, severe, and critical subjects and healthy controls'} ]}"",
""explanation"": ""The output STL statement consists of three conditions named 'No difference between COVID-19 patients and controls', 'Higher IFN-β levels in moderate, severe, and critical subjects', and 'Slowly increasing difference between IFN-β levels in moderate, severe, and critical subjects and healthy controls'. The first condition represents that there is no significant difference in IFN-β production between COVID-19 patients and the control group from day 1 to 7. The second condition implies that in some point between days 8 and 14, or after day 14, the IFN-β levels are higher in moderate, severe, and critical subjects than both their own previous values and the healthy control. The third condition indicates that this difference occurs slowly.""}","{""thinking"": ""<thinking> I need to translate the natural language into STL for the given input statement and rules. <br> The input statement describes that there is no difference in IFN-β production between COVID-19 patients and healthy controls up to day 7, but after day 8 or day 14, moderate, severe, and critical subjects have higher IFN-β levels compared to the healthy control and themselves at day 1–7. <br> In order to represent this condition using STL, we will use comparison conditions with the 'eventually' and 'globally' temporal operators. </thinking>"",
""input_statement"": ""We found that although there was no difference in the production of IFN-β in all patients with COVID-19 compared to the control group at the day 1–7, IFN-β levels were higher in moderate, severe, and critical subjects at the day 8–14 or >14 compared to the healthy control and themselves at the day 1–7."",
""output_STL"": ""{ 'name': 'IFN_beta_levels', 'conditions': [{'condition': 'globally[1,7](abs(IFN_beta(t) - c(control)) < e)', 'label': 'No difference between COVID-19 patients and controls'}, {'condition': 'eventually[8,14](globally[8,14](abs(IFN_beta(t) - c(moderate)) > abs(IFN_beta(t-1) - c(moderate))) || eventually[8,inf](globally[8,inf](abs(IFN_beta(t) - c(severe_critical)) > abs(IFN_beta(t-1) - c(severe_critical))))', 'label': 'Higher IFN-β levels in moderate, severe, and critical subjects'}, {'condition': 'eventually[8,14](globally[8,14](abs(d_IFN_beta(t) < d_c(0)) && abs(IFN_beta(t) - c(healthy_control)) > abs(IFN_beta(t-1) - c(healthy_control)) && abs(IFN_beta(t) - IFN_beta(t-1)) < e)', 'label': 'Slowly increasing difference between IFN-β levels in moderate, severe, and critical subjects and healthy controls'} ] }"",
""explanation"": ""In the STL output, the first condition represents 'No difference between COVID-19 patients and controls' by checking if the absolute difference between IFN-β levels and the control group is less than a small error margin (e) for the entire day 1 to day 7 period. The second condition represents 'Higher IFN-β levels in moderate, severe, and critical subjects' by checking if there exists a point in time after day 8 where the absolute difference between IFN-β levels in moderate, severe, and critical subjects and their previous values is greater than zero for both moderate, severe, and critical groups, and the difference between their IFN-β levels and the healthy control is also greater than their previous difference. This condition ensures that there is a point in time when the difference is significant for both comparisons. The third condition represents 'Slowly increasing difference between IFN-β levels in moderate, severe, and critical subjects and healthy controls' by checking if there exists a point in time after day 8 where the rate of change of IFN-β levels in moderate, severe, and critical subjects is positive (indicating an increase), their IFN-β levels are greater than the healthy control, and the absolute difference between their current IFN-β levels and their previous IFN-β levels is smaller than the error margin.""}",,,,,,
11,12,"We found that although there was no difference in the production of IFN-β in all patients with COVID-19 compared to the control group at the day 1–7, IFN-β levels were higher in moderate, severe, and critical subjects at the day 8–14 or >14 compared to the healthy control and themselves at the day 1–7.","G[8,14] ( b(t) > b(0) )","From day 8 to 14, the concentration of IFN-β was always greater than its concentration at day 0.","{
""thinking"": ""<thinking>I need to translate the natural language into STL for the IFN-β production in COVID-19 patients..."",
""input_statement"": ""We found that although there was no difference in the production of IFN-β in all patients with COVID-19 compared to the control group at the day 1–7, IFN-β levels were higher in moderate, severe, and critical subjects at the day 8–14 or >14 compared to the healthy control and themselves at the day 1–7."",
""output_STL"": ""{'condition_1': 'globally[1,7](abs(IFNβ(t) - c(control)) < e)', # The IFN-β level is similar between COVID-19 patients and controls from day 1 to 7. \n'condition_2': 'eventually[8,∞](abs(IFNβ(t) - (c(moderate) || c(severe) || c(critical))) > abs(IFNβ(t) - c(healthy_control)) || abs(IFNβ(t) - IFNβ_prev(t)) > e)', # From day 8 onward, IFN-β levels are higher in moderate, severe, and critical patients than in healthy controls and their own previous levels.""

,
""explanation"": ""In this statement, we want to express two conditions: first, that there is no significant difference in IFN-β production between the control group and COVID-19 patients during days 1-7; second, that after day 7, IFN-β levels are significantly higher in moderate, severe, and critical cases compared to both the healthy control and their own previous levels. To represent these conditions using STL, we can define two conditions: condition_1 and condition_2.\n\ncondition_1 checks if the absolute difference between the IFN-β level and the control group's IFN-β level is less than a small error margin (e) during days 1-7. This condition ensures that there is no significant difference in IFN-β production between the control group and COVID-19 patients during this period.\n\ncondition_2 uses the eventually operator to check that there exists some time point after day 7 where the absolute difference between the IFN-β level and either the healthy control or the previous IFN-β level is greater than e. This condition represents the fact that IFN-β levels are significantly higher in moderate, severe, and critical cases after day 7.""
}","{
""thinking"": ""We are translating the natural language statement about IFN-β levels in COVID-19 patients into STL. The first part states that there is no significant difference between COVID-19 patients and healthy controls regarding IFN-β production from days 1 to 7."",
""input_statement"": ""We found that although there was no difference in the production of IFN-β in all patients with COVID-19 compared to the control group at the day 1–7, IFN-β levels were higher in moderate, severe, and critical subjects at the day 8–14 or >14 compared to the healthy control and themselves at the day 1–7."",
""output_STL"": ""{'condition_1': 'globally[1,7](abs(IFNβ(t) - c(control)) < e)', # The IFN-β level is similar between COVID-19 patients and controls from day 1 to 7. \n'condition_2': 'eventually[8,∞](abs(IFNβ(t) - (c(moderate) || c(severe) || c(critical))) > abs(IFNβ(t) - c(healthy_control)) || abs(IFNβ(t) - IFNβ_prev(t)) > e)' # From day 8 onward, IFN-β levels are higher in moderate, severe, and critical patients than in healthy controls and their own previous levels.\n}"",
""explanation"": ""In our STL response, we define two conditions: condition_1 and condition_2. Condition_1 represents the first part of the natural language statement stating that there is no significant difference in IFN-β production between COVID-19 patients and the control group from days 1 to 7. This is translated to STL using the 'globally' operator and the 'abs' function to check if the absolute difference between IFN-β levels in a patient and the control group is within a small error margin. \n\nCondition_2 represents the second part of the natural language statement stating that from day 8 onward, IFN-β levels are higher in moderate, severe, and critical patients compared to healthy controls and their own previous levels. This is translated to STL using the 'eventually' operator and checking if the absolute difference between IFN-β levels in a patient and the healthy control or its previous value is greater than a certain threshold."" }","{
""thinking"": ""I need to translate the natural language into STL. In this statement, there are two conditions: the first one states that there is no difference in IFN-β production between COVID-19 patients and controls from day 1 to 7. The second condition states that from day 8 onward, IFN-β levels are higher in moderate, severe, and critical patients than both healthy controls and their own previous levels."",
""input_statement"": ""We found that although there was no difference in the production of IFN-β in all patients with COVID-19 compared to the control group at the day 1–7, IFN-β levels were higher in moderate, severe, and critical subjects at the day 8–14 or >14 compared to the healthy control and themselves at the day 1–7."",
""output_STL"": ""{'condition_1': 'globally[1,7](abs(IFNβ(t) - c(control)) < e)', # The IFN-β level is similar between COVID-19 patients and controls from day 1 to 7. \n'condition_2': 'eventually[8,∞](abs(IFNβ(t) - (c(moderate) || c(severe) || c(critical))) > abs(IFNβ(t) - c(healthy_control)) || abs(IFNβ(t) - IFNβ_prev(t)) > e)' # From day 8 onward, IFN-β levels are higher in moderate, severe, and critical patients than in healthy controls and their own previous levels.\n}"",
""explanation"": ""The first part of the statement translates to a global condition stating that the difference between IFN-β levels in COVID-19 patients and healthy controls is within a small margin during days 1 through 7. This can be represented using the close_to_value temporal operator and comparison statements. The second part of the statement translates to an eventually condition stating that for moderate, severe, and critical patients, the difference between their IFN-β levels and those of healthy controls or their own previous levels becomes greater than a small margin starting from day 8. This can be represented using the derivative_greater_than and comparison statements.""
}","{
""thinking"": ""I need to translate the natural language into STL for two conditions: one comparing IFN-β levels between patient groups at different time points, and another comparing IFN-β levels within each patient group over time. I will first define the conditions for each comparison."",
""input_statement"": ""We found that although there was no difference in the production of IFN-β in all patients with COVID-19 compared to the control group at the day 1–7, IFN-β levels were higher in moderate, severe, and critical subjects at the day 8–14 or >14 compared to the healthy control and themselves at the day 1–7."",

""output_STL"": ""{'condition_1': 'globally[1,7](abs(IFNβ(t) - c(COVID_19)) < e) && globally[1,7](abs(IFNβ(t) - c(Control)) < e)', # The IFN-β level is similar between COVID-19 patients and controls from day 1 to 7. \n\n'condition_2': 'eventually[8,∞](abs(IFNβ(t) - (c(Moderate) || c(Severe) || c(Critical))) > abs(IFNβ(t) - c(Healthy_control)) || abs(IFNβ(t) - IFNβ_prev(t)) > e)', # From day 8 onward, IFN-β levels are higher in moderate, severe, and critical patients than in healthy controls and their own previous levels.\n\n'condition_3': 'globally[8,14](IFNβ(t) > c(Moderate) || IFNβ(t) > c(Severe) || IFNβ(t) > c(Critical) && IFNβ(t) > IFNβ_prev(t))', # Moderate, severe, and critical patients have higher IFN-β levels than their previous levels from day 8 to 14.\n\n'condition_4': 'globally[14,∞](IFNβ(t) > c(Moderate) || IFNβ(t) > c(Severe) || IFNβ(t) > c(Critical) && IFNβ(t) > IFNβ_prev(t))', # Moderate, severe, and critical patients have higher IFN-β levels than their previous levels after day 14."",

""explanation"": ""The input statement describes two comparisons: the first one compares IFN-β levels between COVID-19 patients and the control group during days 1-7, and the second one compares IFN-β levels within COVID-19 patient groups at later time points (day 8 and beyond). Based on these comparisons, we can write two conditions in STL as follows:\n\nCondition 1: This condition checks if the IFN-β levels of COVID-19 patients and the control group are similar between days 1-7 by using the `globally` operator and checking the absolute difference between the IFN-β levels of both groups and a small error margin `e`. The condition also applies to both groups.\n\nCondition 2: This condition checks if, starting from day 8, IFN-β levels are higher in moderate, severe, and critical patients than in healthy controls and their own previous levels using the `eventually` operator. This condition also includes the derivative terms to check for an increase in IFN-β levels.\n\nCondition 3 and Condition 4: These conditions check if the IFN-β levels of moderate, severe, and critical patients are higher than their previous levels from day 8 to 14 and after day 14, respectively. These conditions help ensure that the increase in IFN-β levels is sustained over time.""}","{
""thinking"": ""We are translating the natural language statement about IFN-β production in COVID-19 patients into STL. The first part of the statement says that there is no significant difference between IFN-β levels in all COVID-19 patients and the control group from days 1 to 7. The second part states that IFN-β levels in moderate, severe, and critical subjects are higher than those in healthy controls and themselves at days 8-14 or greater."",

""input_statement"": ""We found that although there was no difference in the production of IFN-β in all patients with COVID-19 compared to the control group at the day 1–7, IFN-β levels were higher in moderate, severe, and critical subjects at the day 8–14 or >14 compared to the healthy control and themselves at the day 1–7."",

""output_STL"": ""{'condition_1': 'globally[1,7](abs(IFNβ(t) - c(COVID_19)) < e && abs(IFNβ(t) - c(Control)) < e)', # The IFN-β level is similar between COVID-19 patients and controls from day 1 to 7. \n\n'condition_2': 'eventually[8,∞](abs(IFNβ(t) - (c(Moderate) || c(Severe) || c(Critical))) > abs(IFNβ(t) - c(Healthy_control)) || abs(IFNβ(t) - IFNβ_prev(t)) > e)', # From day 8 onward, IFN-β levels are higher in moderate, severe, and critical patients than in healthy controls and their own previous levels.\n\n'condition_3': 'globally[8,14](IFNβ(t) > c(Moderate) || IFNβ(t) > c(Severe) || IFNβ(t) > c(Critical) && IFNβ(t) > IFNβ_prev(t))', # Moderate, severe, and critical patients have higher IFN-β levels than their previous levels from day 8 to 14.\n\n'condition_4': 'globally[14,∞](IFNβ(t) > c(Moderate) || IFNβ(t) > c(Severe) || IFNβ(t) > c(Critical) && IFNβ(t) > IFNβ_prev(t))', # Moderate, severe, and critical patients have higher IFN-β levels than their previous levels after day 14."",

""explanation"": ""The given natural language statement can be translated into the following STL conditions: condition_1 represents the similarity of IFN-β levels between COVID-19 patients and the control group from day 1 to 7. condition_2 describes how IFN-β levels in moderate, severe, and critical patients are higher than those in healthy controls and their own previous levels from day 8 onward. condition_3 and condition_4 represent the fact that moderate, severe, and critical patients have higher IFN-β levels than their previous levels from day 8 to 14 and after day 14, respectively.""
}","{
""thinking"": ""I need to translate the natural language statement about IFN-β levels in COVID-19 patients into STL..."",
""input_statement"": ""We found that although there was no difference in the production of IFN-β in all patients with COVID-19 compared to the control group at the day 1–7, IFN-β levels were higher in moderate, severe, and critical subjects at the day 8–14 or >14 compared to the healthy control and themselves at the day 1–7."",
""output_STL"": ""{'condition_1': 'globally[1,7](abs(IFNβ(t) - c(COVID_19)) < e && abs(IFNβ(t) - c(Control)) < e)', # The IFN-β level is similar between COVID-19 patients and controls from day 1 to 7. \n'condition_2': 'eventually[8,∞](abs(IFNβ(t) - (c(Moderate) || c(Severe) || c(Critical))) > abs(IFNβ(t) - c(Healthy_control)) || abs(IFNβ(t) - IFNβ_prev(t)) > e)', # From day 8 onward, IFN-β levels are higher in moderate, severe, and critical patients than in healthy controls and their own previous levels.\n'condition_3': 'eventually[8,14](IFNβ(t) > c(Moderate) || IFNβ(t) > c(Severe) || IFNβ(t) > c(Critical) && IFNβ(t) > IFNβ_prev(t))', # Moderate, severe, and critical patients have higher IFN-β levels than their previous levels from day 8 to 14.\n'condition_4': 'eventually[14,∞](IFNβ(t) > c(Moderate) || IFNβ(t) > c(Severe) || IFNβ(t) > c(Critical) && IFNβ(t) > IFNβ_prev(t))', # Moderate, severe, and critical patients have higher IFN-β levels than their previous levels after day 14."",
""explanation"": ""The natural language statement describes two different conditions: from day 1 to 7, the IFN-β levels in COVID-19 patients are similar to those in the control group; however, from day 8 onward, IFN-β levels are higher in moderate, severe, and critical patients compared to both healthy controls and their own previous levels. We can represent these conditions using STL as follows:\n\ncondition_1: This condition represents the first part of the input statement, stating that there is no significant difference in IFN-β levels between COVID-19 patients and controls from day 1 to 7. This can be represented using the 'globally' operator and comparison statements ('<', '>', and 'abs(x-y)-e') to specify that the difference between IFN-β levels in COVID-19 patients and controls must be within a small error margin 'e'. This condition will be true for the entire interval [1, 7].\n\ncondition_2: This condition represents the second part of the input statement, stating that from day 8 onward, IFN-β levels are higher in moderate, severe, and critical patients than both healthy controls and their own previous levels. This condition can be represented using the 'eventually' operator and the 'abs(x-y)-c' comparison statement to specify that the absolute difference between IFN-β levels in a patient and the healthy control or their previous level exceeds a certain threshold 'c' at some point during the interval [8, ∞]. Additionally, we use the '||' operator to combine the conditions for moderate, severe, and critical patients. This condition will be true when there exists at least one time point during the interval [8, ∞] where the difference in IFN-β levels meets the specified condition. \n\ncondition_3 and condition_4: These conditions represent the same concept as condition_2 but for the subintervals [8, 14] and [14, ∞], respectively. By combining these conditions using the implication operator ('→'), we can express the whole input statement as a single STL formula.""
}",,,,,,
12,13,IL-12 reached its maximum level at the day>14 in mild patients.,"F[15,T] ( l(t) > c(high) ) ^ G[1,14] ( l(t) < c(high) )","From day 15 onwards, the concentration of IL-12 was eventually greater than its high levels, and from day 1 to 14, the concentration of IL-12 was always less than its high levels.","{
""thinking"": ""I need to translate the natural language into STL..."",
""input_statement"": ""IL-12 reached its maximum level at the day>14 in mild patients."",
""output_STL"": ""eventually[14, ∞](IL12(t) > c(max))"",
""explanation"": ""The input statement says that IL-12 reached its maximum level at day 14 or later for mild patients. In STL, we can express this as an event that occurs eventually after day 14 and persists indefinitely (from day 14 to infinity). The output STL statement uses the 'eventually' temporal operator with a global condition stating that IL-12 is greater than its maximum value (c(max)) after day 14.""
}","{
""thinking"": ""I need to translate the natural language statement 'IL-12 reached its maximum level at the day>14 in mild patients' into STL."",
""input_statement"": ""IL-12 reached its maximum level at the day>14 in mild patients."",
""output_STL"": ""eventually[14, ∞](IL12(t) = c(max))"",
""explanation"": ""The input statement describes a condition where IL-12 reaches its maximum level after day 14 for mild patients. In STL, this can be represented using the eventually temporal operator (eventually[14, ∞]) which indicates that there is some point in time after day 14 when IL-12 equals the maximum value and holds true for the rest of the interval.""
}","{
""thinking"": ""I need to translate the natural language into STL. The input statement means that IL-12 reached its maximum level (c(max)) at day 14 for mild patients. In STL, we can express this as 'eventually' the condition 'IL12(t) = c(max)' is true after day 14."",
""input_statement"": ""IL-12 reached its maximum level at the day>14 in mild patients."",
""output_STL"": ""eventually[14, ∞](IL12(t) = c(max))"",
""explanation"": ""The input statement implies that there exists a time point after day 14 where the IL-12 level reaches its maximum value (c(max)). This can be expressed in STL using the 'eventually' temporal operator and the condition 'IL12(t) = c(max)', which checks if the IL-12 level equals the maximum value.""
}","{""thinking"": ""The input statement describes a condition where IL-12 reaches its maximum level at day 14 for mild patients. To represent this in STL, we need to use the 'eventually' operator and specify a condition that holds true after a certain time (day 14). We can also use the 'close_to_value' operator to indicate that IL-12 is close to its maximum level."",
""input_statement"": ""IL-12 reached its maximum level at the day>14 in mild patients."",
""output_STL"": ""eventually[0,∞](t = 14) → globally[t=14,∞](IL12(t) > c(max))"",
""explanation"": ""This STL statement means that there exists a time point t equal to 14, after which IL-12 remains above its maximum level (c(max)). The first part of the statement ('eventually[0,∞](t = 14)') specifies that there is a time point t equal to 14 within the infinite interval starting from day 0. The second part ('globally[t=14,∞](IL12(t) > c(max))') states that IL-12 remains above its maximum level after that time point.""}","{
""thinking"": ""I need to translate the natural language into STL. The input statement describes a condition related to IL-12 in mild patients, where IL-12 reaches its maximum level after day 14."",
""input_statement"": ""IL-12 reached its maximum level at the day>14 in mild patients."",
""output_STL"": ""eventually[14,∞](t) (IL12(t) > c(max))"",
""explanation"": ""The STL statement uses the 'eventually' temporal operator to describe that there is a point in time after day 14 where IL-12 exceeds its maximum value (specified by 'c(max)'). This statement captures the essence of the original input statement.""
}","{""thinking"": ""I need to translate the natural language statement 'IL-12 reached its maximum level at the day>14 in mild patients' into STL..."",
""input_statement"": ""IL-12 reached its maximum level at the day>14 in mild patients."",
""output_STL"": ""eventually[14,∞](t) (IL12(t) = c(max))"",
""explanation"": ""The input statement describes a point in time where IL-12 reaches its maximum level for mild patients. In STL, this can be described using the 'eventually' temporal operator which specifies that there is at least one time between day 14 and infinity where IL-12 equals the maximum level.""}",,,,,,
13,14,"It is reported that in recovered cases, within a few hrs of virus entry, both α and β IFNs (at first day of infection) are rapidly produced and an antiviral state is soon reached [23]","v(t) > c(low) → F[0,1] ( I(t) > c(high) )","The concentration of virus being greater than its low levels implies that from day 0 to 1, the concentration of IFN-α was eventually greater than its high levels.","{
""thinking"": ""I need to translate the natural language into STL for the production and antiviral state of IFNs (α and β) in recovered cases after virus entry."",
""input_statement"": ""It is reported that in recovered cases, within a few hrs of virus entry, both α and β IFNs (at first day of infection) are rapidly produced and an antiviral state is soon reached"",
""output_STL"": ""{'psi1': eventually[0, 'few hours'](globally[0, 1](derivative_greater_than(d_IFNalpha(t)) && derivative_greater_than(d_IFNbeta(t)))), 'psi2': eventually[0, 1](abs(IFNalpha(t) - c('high')) && abs(IFNbeta(t) - c('high'))), 'output': psi1 → psi2}"",
""explanation"": ""The input statement describes that within a few hours of virus entry, both α and β IFNs are rapidly produced and an antiviral state is soon reached. To translate this into STL, we can represent this condition as two temporal operators: psi1 and psi2.\n\npsi1 represents the rapid increase of both IFNα and IFNβ. We use the derivative operator to indicate the rate of change, and set it greater than a high value to represent the rapid increase. This condition should hold true from time 0 (virus entry) up until the first day of infection.\n\npsi2 represents the antiviral state, which is characterized by both IFNα and IFNβ being at high levels. We use the absolute difference operator to check if the levels are close to their high levels, with a small error margin e.\n\nFinally, we combine these two conditions using the implication operator (→) to represent the relationship between the rapid increase of IFNs and the subsequent antiviral state."" }","{
""thinking"": ""I need to translate the natural language into STL by modeling the production of IFNs and reaching an antiviral state after a few hours of virus entry."",
""input_statement"": ""It is reported that in recovered cases, within a few hrs of virus entry, both α and β IFNs (at first day of infection) are rapidly produced and an antiviral state is soon reached"",
""output_STL"": ""{'psi1': eventally[0, 'few hours'](globally[0, 1](derivative_greater_than(d_IFNalpha(t)) && derivative_greater_than(d_IFNbeta(t)))), 'psi2': eventually[0, 1](abs(IFNalpha(t) - c('high')) && abs(IFNbeta(t) - c('high'))), 'output': psi1 → psi2}"",
""explanation"": ""The input statement describes that within a few hours of virus entry, both α and β IFNs are rapidly produced and an antiviral state is soon reached. To translate this into STL, we can model the rapid production of IFNs as a derivate greater than zero for a short period of time using derivative_greater_than operator. We can represent the antiviral state as both IFNs having high levels. The output statement is obtained by stating that the condition psi1 (rapid production of IFNs) leads to psi2 (reaching an antiviral state with high levels of both IFNs).""
}","{
""thinking"": ""I need to translate the natural language into STL for the given input statement. In this statement, it is mentioned that both α and β IFNs are rapidly produced within a few hours of virus entry and an antiviral state is soon reached."",
""input_statement"": ""It is reported that in recovered cases, within a few hrs of virus entry, both α and β IFNs (at first day of infection) are rapidly produced and an antiviral state is soon reached"",
""output_STL"": ""{'\""psi1\"": eventally[0, 'few hours'](globally[0, 1](derivative_greater_than(d_IFNalpha(t), d_c('high')) && derivative_greater_than(d_IFNbeta(t), d_c('high')))), '\""psi2\"": eventually[0, 1](abs(IFNalpha(t) - c('high')) < e && abs(IFNbeta(t) - c('high')) < e), '\""output\"": psi1 → psi2'"",
""explanation"": ""The STL statement describes two conditions psi1 and psi2. Psi1 represents the rapid production of both IFN-α and IFN-β within a few hours of virus entry, which is described by having a high rate of change of both IFN-α and IFN-β. Psi2 represents the antiviral state being reached, which is described by both IFN-α and IFN-β levels being above their high thresholds.""
}","{""thinking"": ""<thinking>I need to translate the natural language into STL for the given input statement: 'It is reported that in recovered cases, within a few hours of virus entry, both α and β IFNs (at first day of infection) are rapidly produced and an antiviral state is soon reached'. I will assume that the levels of IFN alpha and beta represent the species 'IFNα' and 'IFNβ' respectively, and their derivatives represent the rate of change of these signals. The key concepts from the input statement are 'within a few hours', 'rapidly produced', 'antiviral state' and 'soon reached'. Based on these concepts, I will use the 'eventually' and 'globally' temporal operators, as well as comparison and derivative operators to translate this statement into STL."",
""input_statement"": ""'It is reported that in recovered cases, within a few hours of virus entry, both α and β IFNs (at first day of infection) are rapidly produced and an antiviral state is soon reached'"",
""output_STL"": ""{'\""psi1\"": eventally[0, 'few hours'](globally[0, 1](derivative_greater_than(d_IFNalpha(t), d_c('high')) && derivative_greater_than(d_IFNbeta(t), d_c('high')))), '\""psi2\"": eventually[0, 1](abs(IFNalpha(t) - c('high')) < e && abs(IFNbeta(t) - c('high')) < e)', '\""output\"": psi1 → psi2'}"",
""explanation"": ""The first condition ('psi1') represents the rapid production of both IFNα and IFNβ within a few hours of virus entry. This is translated using the 'eventually' operator to indicate that at some point within the first hour after infection, both derivatives of IFNα and IFNβ are greater than the high threshold. The 'globally' operator is used over the interval [0, 1] to ensure that this condition remains true for the rest of the first hour. \n\nThe second condition ('psi2') represents the antiviral state being reached. This is translated using the 'eventually' operator to indicate that at some point within the first hour after infection, both IFNα and IFNβ reach high levels. The 'abs' operator is used with a small error margin 'e' to account for potential variability in the levels of these signals. \n\nFinally, the output is defined as the implication ('→') of 'psi1' leading to 'psi2', indicating that the rapid production of IFNs leads to the antiviral state being reached.""}","{
""thinking"": ""I need to translate the natural language into STL for recovered cases where both α and β IFNs are rapidly produced and an antiviral state is reached soon after virus entry."",
""input_statement"": ""It is reported that in recovered cases, within a few hrs of virus entry, both α and β IFNs (at first day of infection) are rapidly produced and an antiviral state is soon reached"",
""output_STL"": ""{'psi1': eventally[0, 'few hours'](globally[0, 1](derivative_greater_than(d_IFNalpha(t), d_c('high')) && derivative_greater_than(d_IFNbeta(t), d_c('high')))), 'psi2': eventually[0, 1](abs(IFNalpha(t) - c('high')) < e && abs(IFNbeta(t) - c('high')) < e)}, 'output': psi1 → psi2}"",
""explanation"": ""We define two temporal logic variables psi1 and psi2. psi1 represents the condition that within a few hours of virus entry, both IFN alpha and IFN beta have a rapid increase in their production rates. This is defined using the eventually operator with a window of 'few hours' and the globally operator within the first day of infection. The condition for each IFN is that its derivative is greater than a high rate. psi2 represents the condition that both IFN alpha and IFN beta reach a high level. This is defined using the eventually operator within the first day of infection with a window of 1 (meaning it will be true at some point during that day). The output statement then defines psi1 as implying psi2, meaning that once the conditions for psi1 are met, we can infer that the conditions for psi2 will also be met shortly thereafter."" }","{
""thinking"": ""I need to translate the natural language into STL for a biological system where IFNα and IFNβ are produced in response to a virus entry. The statement indicates that both IFNs are rapidly produced within a few hours of infection, leading to an antiviral state."",
""input_statement"": ""It is reported that in recovered cases, within a few hrs of virus entry, both α and β IFNs (at first day of infection) are rapidly produced and an antiviral state is soon reached"",
""output_STL"": ""{'psi1': eventally[0, 'few hours'](globally[0, 1](derivative_greater_than(d_IFNalpha(t), d_c('high')) && derivative_greater_than(d_IFNbeta(t), d_c('high')))), 'psi2': eventually[0, 1](abs(IFNalpha(t) - c('high')) < e && abs(IFNbeta(t) - c('high')) < e)}, 'output': psi1 → psi2}"",
""explanation"": ""The input statement describes a condition where IFNα and IFNβ are both rapidly produced within a few hours of viral entry, and this leads to an antiviral state being reached. To represent this in STL, we can define two conditions: psi1 and psi2. Psi1 represents the rapid production of both IFNs, which we can define as the derivative of each IFN being greater than a high rate for a short period of time after infection. Psi2 represents the antiviral state being reached, which we can define as both IFNs being above their high levels. The final output statement is the implication of psi1 causing psi2.""
}",,,,,,
14,15,"It is reported that in recovered cases, within a few hrs of virus entry, both α and β IFNs (at first day of infection) are rapidly produced and an antiviral state is soon reached [23]","v(t) > c(low) → F[0,1] ( a(t) > c(high)  ^ b(t) > c(high) )","The concentration of virus being greater than its low levels implies that from day 0 to 1, the concentration of IFN-α was eventually greater than its high levels and the concentration of IFN-β was eventually greater than its high levels.","{
""thinking"": ""<thinking> I need to translate the natural language into STL for the statement: 'It is reported that in recovered cases, within a few hrs of virus entry, both α and β IFNs (at first day of infection) are rapidly produced' and an antiviral state is soon reached. This statement suggests that there is a rapid increase in the production of both IFN-α and IFN-β shortly after infection, leading to an antiviral state. </thinking>"",
""input_statement"": ""It is reported that in recovered cases, within a few hrs of virus entry, both α and β IFNs (at first day of infection) are rapidly produced and an antiviral state is soon reached"",
""output_STL"": ""{ \n d_IFNα(t) > d_c(high), \n d_IFNβ(t) > d_c(high), \n eventually[0,∞]globally(IFNα(t) > c(mid) ∧ IFNβ(t) > c(mid)) \n}"",
""explanation"": ""The input statement suggests that both IFN-α and IFN-β are rapidly produced shortly after infection. To represent this in STL, we can use the derivative operator to indicate a rapid increase in the production of both IFNs. We define a high rate of change for both derivatives using the 'd_c(high)' term. The temporal operator 'eventually[0,∞]globally' is used to indicate that both IFNs must remain above a moderate level (represented by 'c(mid)') for the rest of the time from the first day of infection onwards.""
}","{
""thinking"": ""I need to translate the natural language into STL. The input statement describes that both IFNα and IFNβ are rapidly produced within a few hours of virus entry, and an antiviral state is soon reached. I will represent this by checking if both IFNα and IFNβ have a rapid increase in their levels at the beginning of the infection."",
""input_statement"": ""It is reported that in recovered cases, within a few hrs of virus entry, both α and β IFNs (at first day of infection) are rapidly produced and an antiviral state is soon reached"",
""output_STL"": ""{ \n d_IFNα(t) > d_c(high), \n d_IFNβ(t) > d_c(high), \n eventually[0,3]globally(IFNα(t) > c(mid) ∧ IFNβ(t) > c(mid)) \n}"",
""explanation"": ""In this STL statement, I check if the derivatives of IFNα and IFNβ are greater than high initial rates (d_IFNα(t) > d_c(high) and d_IFNβ(t) > d_c(high)). This represents the rapid production of these cytokines within the first few hours of virus entry. Then, I use the 'eventually' operator to check that there is a point within the first three days where both IFNα and IFNβ levels exceed the midpoint (eventually[0,3]globally(IFNα(t) > c(mid) ∧ IFNβ(t) > c(mid))). This represents the achievement of an antiviral state.""
}","{
""thinking"": ""I need to translate the natural language into STL for a statement about the production of IFNs and antiviral state in recovered cases after virus entry."",
""input_statement"": ""It is reported that in recovered cases, within a few hrs of virus entry, both α and β IFNs (at first day of infection) are rapidly produced and an antiviral state is soon reached."",
""output_STL"": ""{ \n d_IFNα(t) > d_c(high), \n d_IFNβ(t) > d_c(high), \n eventually[0,3]globally(IFNα(t) > c(mid) ∧ IFNβ(t) > c(mid) \n ⇒ \n eventually[0,3]globally(d_IFNα(t) < 0 \n ∧ \n d_IFNβ(t) < 0 \n ∧ \n globally[3,∞](IFNα(t) > c(mid) \n ∧ \n IFNβ(t) > c(mid)) \n ) \n}"",
""explanation"": ""The input statement describes that after virus entry, both IFNα and IFNβ are rapidly produced and an antiviral state is soon reached. To represent this in STL, we first specify that the derivatives of both IFNs are greater than a high rate initially, indicating rapid production. Then, using implication (→), we express that this rapid production of IFNs leads to them reaching their moderate levels (antiviral state) within the first few hours of infection. This is represented by the 'eventually[0,3]' operator which specifies that there exists some point within the first few hours where both IFNs reach their moderate levels and remain there for the rest of the interval ('globally[3,∞]').""
}","{
""thinking"": ""I need to translate the natural language into STL for the production and antiviral state of IFNα and IFNβ after virus entry."",
""input_statement"": ""It is reported that in recovered cases, within a few hrs of virus entry, both α and β IFNs (at first day of infection) are rapidly produced and an antiviral state is soon reached."",
""output_STL"": ""{ \n d_IFNα(t) > d_c(high), \n d_IFNβ(t) > d_c(high), \n eventually[0,3]globally(\n IFNα(t) > c(mid) \n ∧ \n IFNβ(t) > c(mid)\n ⇒\n eventually[0,3]\n globally(\n d_IFNα(t) < 0 \n \n ∧ \n d_IFNβ(t) < 0 \n \n ∧ \n globally[3,∞]( \n IFNα(t) > c(mid) \n \n ∧ \n IFNβ(t) > c(mid) \n ) \n ) \n}"",
""explanation"": ""The input statement describes that within hours of virus entry, both IFNα and IFNβ are produced at high levels, and an antiviral state is soon reached. This can be translated into STL by first specifying that the derivatives of IFNα and IFNβ are greater than their high rates of change (d_c(high)). Then, using the eventually and globally temporal operators, we describe that between time 0 to 3 hours, IFNα and IFNβ must reach their mid-levels (c(mid)) and then their derivatives become negative, indicating that they have peaked and started to decrease. Lastly, we specify that from time 3 hours onwards, both IFNα and IFNβ remain above their mid-levels.""
}","{
""thinking"": ""I need to translate the natural language into STL for recovered cases of virus infection where α and β IFNs are produced rapidly and an antiviral state is reached within a few hours. I will assume that IFNα and IFNβ represent the levels of type α and type β interferons, respectively."",
""input_statement"": ""It is reported that in recovered cases, within a few hrs of virus entry, both α and β IFNs (at first day of infection) are rapidly produced and an antiviral state is soon reached."",
""output_STL"": ""{ \n""																																																																																																																																																																																																																																																																																																																																																																																																																																																																																																																																																																																																																																																																																																																																																																																																																																																																																																																																																																																																																																																																																																																																																																																																																																																																																																																																																																																																																																																																																																																																																																																																																																																																																																																																																																																																																																																																																																																																																																																						","{
""thinking"": ""I need to translate the natural language into STL for the production and antiviral state reach of α and β IFNs after virus entry."",
""input_statement"": ""It is reported that in recovered cases, within a few hrs of virus entry, both α and β IFNs (at first day of infection) are rapidly produced and an antiviral state is soon reached"",
""output_STL"": ""{'name': 'IFNalpha', 'condition': 'eventually[0, t], globally(d_IFNalpha(t) > d_c(high))'}, {'name': 'IFNbeta', 'condition': 'eventually[0, t], globally(d_IFNbeta(t) > d_c(high))'} ,{'name': 'antiviral_state', 'condition': 'eventually[0, t], globally(IFNalpha(t) > c(mid) ∧ IFNbeta(t) > c(mid))'} ""

,""explanation"": ""The input statement suggests that within hours of virus entry, both α and β IFNs are produced at high rates and an antiviral state is soon reached. To represent this in STL, we can define two conditions: one for each IFN species and another for the antiviral state. The condition for each IFN species uses the derivative operator to represent their rapid production, while the antiviral state condition combines the levels of both IFN species being above some moderate level."" }",,,,,,
15,16,"By day 14, we detected no viral reads for SARS-CoV-2, and the observed cytokines returned to baseline, with the exception of IL-6 and IL1RN or IL1RA, which remained elevated, similar to results observed with MERS (Pascal et al., 2015; Figures 3B and 3C).","G[14,T] ( v(t) < c(low) ^ l(t) > c(mid) ^ rn(t) > c(mid) )","From day 14 onwards, the concentration of virus was always less than its low levels and the concentration of IL-6 was always greater than its moderate levels and the concentration of IL1RN was always greater than its moderate levels.","{
""thinking"": ""I need to translate the natural language into STL for detecting no viral reads for SARS-CoV-2 and cytokines returning to baseline, with some exceptions."",
""input_statement"": ""By day 14, we detected no viral reads for SARS-CoV-2, and the observed cytokines returned to baseline, with the exception of IL-6 and IL1RN or IL1RA, which remained elevated, similar to results observed with MERS (Pascal et al., 2015; Figures 3B and 3C)."",
""output_STL"": ""{'condition_1': 'globally[0,14](SARSCoV2(t) = 0)', 'condition_2': 'eventually[0,14](IL-6(t) > c(mid) ∧ IL1RN(t) > c(mid) ∨ IL1RA(t) > c(mid))', 'condition_3': 'eventually[0,14](IL-6(t) < c(mid) ∧ IL1RN(t) < c(mid) ∨ IL1RA(t) < c(mid))'}"",
""explanation"": ""The output STL statement is represented by a JSON object with three conditions. The first condition (condition_1) checks that there are no viral reads for SARS-CoV-2 throughout the entire interval from day 0 to day 14 using the global temporal operator. The second condition (condition_2) checks that IL-6, IL1RN, or IL1RA remain above their moderate levels at least once during the interval from day 0 to day 14 using the eventually and globally operators. Lastly, the third condition (condition_3) checks that IL-6, IL1RN, or IL1RA return to their moderate levels or below during the interval from day 0 to day 14 using the eventually operator.""}","{
""thinking"": ""I need to translate the natural language into STL by defining conditions for the absence of viral reads and the return of cytokines to baseline, as well as the persistent elevation of certain cytokines."",
""input_statement"": ""By day 14, we detected no viral reads for SARS-CoV-2, and the observed cytokines returned to baseline, with the exception of IL-6 and IL1RN or IL1RA, which remained elevated, similar to results observed with MERS (Pascal et al., 2015; Figures 3B and 3C)."",
""output_STL"": ""{'condition_1': 'globally[0,14](SARSCoV2(t) = 0)', 'condition_2': 'eventually[0,14](IL-6(t) < c(mid) ∧ IL1RN(t) < c(mid) ∨ IL1RA(t) < c(mid))', 'condition_3': 'eventually[14,∞](IL-6(t) > c(high) ∨ IL1RN(t) > c(high) ∨ IL1RA(t) > c(high))'}"",
""explanation"": ""Condition 1: The absence of viral reads for SARS-CoV-2 is specified using the 'globally' operator from day 0 to day 14. This condition requires that the value of SARSCoV2(t) equals 0 throughout this entire interval. \n\nCondition 2: For the observed cytokines, the condition states that they returned to baseline 'with the exception of'. Therefore, we define a condition that checks if IL-6, IL1RN, or IL1RA are below their mid-levels 'eventually' between days 0 and 14. This means that there must be a point during this time when all three cytokines meet this requirement.\n\nCondition 3: Finally, the natural language statement mentions that these cytokines remain 'elevated, similar to results observed with MERS'. To represent this in STL, we use the 'eventually' operator again but this time with an infinite end time (represented as ∞). This temporal operator means that there is at least one point in time after day 14 where IL-6, IL1RN, and IL1RA have values above their high levels.""}","{
""thinking"": ""I need to translate the natural language into STL. The given statement describes a condition where no viral reads for SARS-CoV-2 are detected after day 14, and certain cytokines return to their baseline levels with the exception of IL-6, IL1RN, or IL1RA which remain elevated. I will use the 'globally' and 'eventually' temporal operators to model this."",
""input_statement"": ""By day 14, we detected no viral reads for SARS-CoV-2, and the observed cytokines returned to baseline, with the exception of IL-6 and IL1RN or IL1RA, which remained elevated, similar to results observed with MERS (Pascal et al., 2015; Figures 3B and 3C)."",
""output_STL"": ""{'condition_1': 'globally[0,14](SARSCoV2(t) = 0)', 'condition_2': 'eventually[14,∞](IL-6(t) > c(high) ∨ IL1RN(t) > c(high) ∨ IL1RA(t) > c(high))', 'condition_3': 'eventually[0,14](IL-6(t) < c(mid) ∧ IL1RN(t) < c(mid) ∧ IL1RA(t) < c(mid))'}"",
""explanation"": ""The first condition in the output represents that there are no viral reads for SARS-CoV-2 between days 0 and 14. This is modelled using the 'globally' operator from day 0 to day 14. The second condition models the fact that IL-6, IL1RN, or IL1RA remain elevated by using the 'eventually' operator after day 14 and checking if any one of these cytokines is greater than their respective high baselines. The third condition models the fact that all other cytokines have returned to their baselines by using the 'eventually' operator before day 14 and checking if each of these cytokines is less than their respective moderate baselines.""
}","{
""thinking"": ""I need to translate the natural language into STL for the given time window [0,14]. I will use 'globally' and 'eventually' operators to represent 'By day 14' and 'with the exception of IL-6 and IL1RN or IL1RA, which remained elevated'."",
""input_statement"": ""By day 14, we detected no viral reads for SARS-CoV-2, and the observed cytokines returned to baseline, with the exception of IL-6 and IL1RN or IL1RA, which remained elevated, similar to results observed with MERS (Pascal et al., 2015; Figures 3B and 3C)."",
""output_STL"": ""{'condition_1': 'globally[0,14](SARSCoV2(t) < c(low))', 'condition_2': 'eventually[0,14](IL-6(t) > c(high) ∨ IL1RN(t) > c(high) ∨ IL1RA(t) > c(high))', 'condition_3': 'eventually[14,∞](IL-6(t) <= c(baseline) ∧ IL1RN(t) <= c(baseline) ∧ IL1RA(t) <= c(baseline))'}"",
""explanation"": ""The first condition ('condition_1') represents that there are no viral reads for SARS-CoV-2 between days 0 and 14. This is achieved by using the 'globally' operator with a comparison statement that sets SARSCoV2(t) as less than the low level 'c(low)' throughout the entire time window. The second condition ('condition_2') represents the exception where IL-6, IL1RN, and IL1RA remain elevated. This is represented using the 'eventually' operator with an OR statement that checks whether any of these three cytokines are greater than their respective high levels 'c(high)' at least once within the time window [0,14]. Finally, the third condition ('condition_3') represents that the cytokine levels return to baseline after day 14. This is achieved by using the 'eventually' operator with a conjunction of comparison statements setting each of the three cytokine levels as less than or equal to their respective baseline levels 'c(baseline)' from day 14 onwards.""
}","{
""thinking"": ""I need to translate the natural language into STL by defining conditions for the absence of viral reads and the return of cytokines to baseline, except for IL-6, IL1RN, or IL1RA."",
""input_statement"": ""By day 14, we detected no viral reads for SARS-CoV-2, and the observed cytokines returned to baseline, with the exception of IL-6 and IL1RN or IL1RA, which remained elevated, similar to results observed with MERS (Pascal et al., 2015; Figures 3B and 3C)."",
""output_STL"": ""{'condition_1': 'globally[0,14](SARSCoV2(t) < c(low))', 'condition_2': 'eventually[14,∞](IL-6(t) <= c(baseline) ∧ IL1RN(t) <= c(baseline) ∧ IL1RA(t) <= c(baseline))', 'condition_3': 'eventually[0,14](IL-6(t) > c(high) ∨ IL1RN(t) > c(high) ∨ IL1RA(t) > c(high))'}"",
""explanation"": ""The first condition checks that there are no viral reads for SARS-CoV-2 between days 0 and 14. The second condition states that at some point after day 14, all three cytokines (IL-6, IL1RN, and IL1RA) return to their baselines. The third condition checks that at least one of these three cytokines remains elevated before day 14.""
}","{
""thinking"": ""I need to translate the natural language into STL for the given time interval [0, 14]. I will use 'globally' for conditions that are true throughout the entire interval and 'eventually' for conditions that become true at some point during the interval."",
""input_statement"": ""By day 14, we detected no viral reads for SARS-CoV-2, and the observed cytokines returned to baseline, with the exception of IL-6 and IL1RN or IL1RA, which remained elevated, similar to results observed with MERS (Pascal et al., 2015; Figures 3B and 3C)."",
""output_STL"": ""{'condition_1': 'globally[0,14](SARSCoV2(t) < c(low))', 'condition_2': 'eventually[14,∞](IL-6(t) <= c(baseline) ∧ IL1RN(t) <= c(baseline) ∧ IL1RA(t) <= c(baseline))'}"",
""explanation"": ""The first condition, 'condition_1', states that the level of SARS-CoV-2 is below the detection limit (c(low)) throughout the entire time interval from day 0 to day 14. The second condition, 'condition_2', states that at some point after day 14, all three cytokines, IL-6, IL1RN, and IL1RA, return to their baselines (similar to results observed with MERS). This is expressed using the 'eventually' temporal operator.""
}",,,,,,
