,id,input statement,reference STL,reference literal,STL-0,STL-1,STL-2,STL-3,STL-4,STL-5,Literal-0,Literal-1,Literal-2,Literal-3,Literal-4,Literal-5
0,1,"In the mild and moderate groups, IL-6 concentrations were at their highest level in the first week after the symptom onset and then exhibited a decreasing trend.","G[6,7] ( l(t) > c(high) ) ^ G[7,T] ( d_I(t) < 0 )","From day 6 to 7, the concentration of IL-6 was always greater than its high levels, and from day 7 onwards, the concentration of IL-6 was always decreasing. ","{
""thinking"": ""I need to translate the given statement into STL using the provided rules and dictionary."",
""input_statement"": ""In the mild and moderate groups, IL-6 concentrations were at their highest level in the first week after the symptom onset and then exhibited a decreasing trend. It is extremely important to follow these rules: The time unit is days. You must accept feedback on your previous responses and amend them if asked to. Format your response in JSON. Include (1) your thinking, (2) the input statement, (3) your STL response, and (4) an explanation of how the input statement and STL output are related."",
""output_STL"": ""G[0,7] (IL6(t) > c(high)) ^ G[7,T] (d_IL6(t) < 0)"",
""explanation"": ""The input statement describes a decrease in IL-6 levels over a week starting from the highest point. The STL captures this by using temporal operators to show that IL-6 remains high until day 7, after which it decreases consistently.""
}","{
""thinking"": ""I need to translate the given natural language statement into a signal temporal logic (STL) statement. The input statement describes IL-6 concentrations in mild and moderate groups, where they were at their highest level in the first week after symptom onset and then showed a decreasing trend starting from day 4."",
""input_statement"": ""{example input: \""From 4 to 8 days after infection, IL-6 levels were significantly elevated until day 9, at which point they steadily decreased.\"", output: \""G[4,8] (IL6(t) > c(high)) ^ G[8,T] (d_IL6(t) < 0)\"", explanation: \""The input statement refers to IL-6 concentrations over a period of time from day 4 to day 8. It mentions that IL-6 was significantly elevated until day 9, indicating a decrease afterward. The STL statement uses G for increasing and c(high) as the upper bound, while d_ is used for decreasing derivatives, with T representing today's time unit, and the logical AND operator (^) to combine these conditions correctly.\\"",
""output_STL"": ""G[4,8] (IL6(t) > c(high)) ^ G[8,T] (d_IL6(t) < 0)"",
""explanation"": ""The input statement describes a specific time frame where IL-6 levels went from being high to low over a period. The STL translates this by using temporal operators to specify the start and end times, along with the direction of change (increased or decreased). This ensures that the statement accurately captures the observed trend in IL-6 levels.""
}","{ 
    ""thinking"": ""The user provided a natural language statement about IL-6 concentrations and asked for an STL translation. The statement mentions that IL-6 was at its highest level in the first week after symptom onset and then decreased. The rules specify that the time unit is days, so I need to use temporal operators like G (global), F (future), etc. Additionally, the output needs to be in JSON format with specific fields: thinking, input statement, STL response, and explanation."",
    ""input_statement"": ""In the mild and moderate groups, IL-6 concentrations were at their highest level in the first week after the symptom onset and then exhibited a decreasing trend."",
    ""output_STL"": ""G[4,8] (IL6(t) > c(high)) ^ G[8,T] (d_IL6(t) < 0)"",
    ""explanation"": ""The input statement describes IL-6 reaching maximum levels from day 4 to day 8 and then decreasing afterward. The STL uses global function G to indicate that IL6(t) exceeds high levels between these times. The derivative d_IL6(t) being less than zero signifies a decrease.""
  }","{""thinking"": ""I need to translate the given natural language statement into a signal temporal logic (STL) statement. The input is about IL-6 concentrations in mild and moderate groups after symptom onset. It mentions that concentrations are at their highest in the first week and then decrease. I should consider using comparison operators and time intervals according to the rules provided.""

,""input_statement"": ""In the mild and moderate groups, IL-6 concentrations were at their highest level in the first week after the symptom onset and then exhibited a decreasing trend. It is extremely important to follow these rules: Rule: The time unit is days. Rule: You must accept feedback on your previous responses and amend them if asked to. Rule: Format your response in JSON. Include (1) your thinking, (2) the input statement, (3) your STL response, and (4) an explanation of how the input statement and STL output are related."",
""output_STL"": ""G[4,8] (IL6(t) > c(high)) ^ G[8,T] (d_IL6(t) < 0)"",
""explanation"": ""The input statement describes IL-6 concentrations reaching peak levels within the first week and then declining. The output uses G for high and c for comparison thresholds, with T indicating the end of the period. This matches the syntax and rules provided, ensuring the statement accurately reflects the concentration trends over the specified time frame.""}","{
""thinking"": ""The user provided a statement about IL-6 concentrations in mild and moderate groups over time. They noted the highest concentration in the first week and a decreasing trend. I need to translate this into an STL statement following specific rules."",
""input_statement"": ""In the mild and moderate groups, IL-6 concentrations were at their highest level in the first week after symptom onset and then exhibited a decreasing trend."",
""output_STL"": ""G[4,8] (IL6(t) > c(high)) ^ G[8,T] (d_IL6(t) < 0)"",
""explanation"": ""The input statement describes IL-6 levels increasing from day 4 to day 8 and then decreasing starting from day 8. The translated STL uses G for increasing and decreases and T for today, capturing these changes.""
}","{  
""thinking"": ""I need to translate the given statement into STL. The statement mentions IL-6 concentrations reaching their highest point in the first week and then decreasing. I'll use G for increasing and F for decreasing functions, with c(high) as the threshold. The time unit is days, so t ranges from 4 to 8. The derivative d_IL6(t) should be less than zero when it starts decreasing after day 8."",
""input_statement"": ""{example input: From 4 to 8 days after infection, IL-6 levels were significantly elevated until day 9, at which point they steadily decreased."", 
""output_STL"": ""G[4,8] (IL6(t) > c(high)) ^ G[8,T] (d_IL6(t) < 0)"", 
""explanation"": ""The input describes an increase in IL-6 levels over a period and then a decrease. Using G for increases and F for decreases, we capture this behavior between specific times. The derivatives are checked to ensure the correct trend.""
}",,,,,,
1,2,"In the mild and moderate groups, IL-6 concentrations were at their highest level in the first week after the symptom onset and then exhibited a decreasing trend.","G[6,7] ( l(t) > l(T) ) ^ G[7,T] ( I(t) < c(high) )","From day 6 to 7, the concentration of IL-6 was always greater than its final level, and from day 7 onwards, the concentration of IL-6 was always less than its low levels.","{
""thinking"": ""I need to translate the given natural language statement into an STL statement. The input statement describes IL-6 concentrations in mild and moderate groups after symptom onset. It starts high, then decreases. I'll identify the key components: time periods, levels, trends, and specific signals like IL-6 and its levels.""

,

""input_statement"": ""In the mild and moderate groups, IL-6 concentrations were at their highest level in the first week after the symptom onset and then exhibited a decreasing trend. It is extremely important to follow these rules: The time unit is days. You must accept feedback on your previous responses and amend them if asked to. Format your response in JSON. Include (1) your thinking, (2) the input statement, (3) your STL response, and (4) an explanation of how the input statement and STL output are related."",
""output_STL"": ""G[0,7] (IL6(t) > c(high)) ^ F[0,7]G( IL6(t) < IL6(0) )"",
""explanation"": ""The input statement mentions IL-6 concentration reaching a peak in the first week and then decreasing. The STL uses G for increasing and F for decreasing trends, ensuring the correct order and direction of change.""
}","{
""thinking"": ""I need to translate the given natural language statement into a signal temporal logic (STL) statement. The input is about IL-6 concentrations in mild and moderate groups after symptom onset, showing high levels at first week and then decreasing. I'll start by identifying key components: time units, species names, and their levels. IL-6 is a key player here, so I'll focus on its levels over specific time periods. The statement mentions a decrease, which suggests using a temporal operator for change. I'll use G to denote that IL-6(t) is greater than a certain value and d_s to show it's decreasing. Also, I need to format the response in JSON with four parts as per the rules. I should map each component correctly, ensuring the syntax is correct. I'll structure the JSON with the thinking part, input statement, STL response, and explanation.""

,""input_statement"": ""In the mild and moderate groups, IL-6 concentrations were at their highest level in the first week after the symptom onset and then exhibited a decreasing trend."",
""output_STL"": ""G[0,7] (IL6(t) > c(high)) ^ F[0,7]G( IL6(t) < IL6(0) )"",
""explanation"": ""The input statement describes IL-6 concentrations increasing to a peak in the first week and then decreasing. In STL, G indicates that the condition holds from the current point until the end of the interval, while F signifies that the condition ends before the interval ends. Here, IL6(t) > c(high) is true from t=0 to t=7, and IL6(t) < IL6(0) ensures it decreases back down within the same period.""
}","{""thinking"": ""I need to translate the given natural language statement into a signal temporal logic (STL) statement. The input statement is about IL-6 concentrations in mild and moderate groups after symptom onset. The key points are that IL-6 was at its highest level in the first week and then decreased over time. I also need to consider the rules provided, which include time units as days, accepting feedback, and formatting the response in JSON with specific fields: thinking, input statement, STL response, and an explanation of how they relate.""

,""input_statement"": ""In the mild and moderate groups, IL-6 concentrations were at their highest level in the first week after the symptom onset and then exhibited a decreasing trend."",
""output_STL"": ""G[0,7] (IL6(t) > c(high)) ^ F[0,7]G( IL6(t) < IL6(0) )"",
""explanation"": ""The input statement describes IL-6 levels increasing from day 0 to day 7 and then decreasing within the same period. The output uses G for increases and F for decreases, capturing this behavior accurately while adhering to the specified rules.""
}","{""thinking"": ""The user provided a natural language statement about IL-6 concentrations in mild and moderate groups. The statement mentions that IL-6 was at its highest level in the first week after symptom onset and then decreased. They also provided some rules for translating this into an STL statement, including time units, response formatting, and specific translation guidelines for species names. Additionally, there are two reference examples given to ensure correctness. The user wants me to translate their input statement into an appropriate STL format.""

,""input_statement"": ""In the mild and moderate groups, IL-6 concentrations were at their highest level in the first week after the symptom onset and then exhibited a decreasing trend. It is extremely important to follow these rules:\nRule: The time unit is days.\nRule: You must accept feedback on your previous responses and amend them if asked to.\nRule: Format your response in JSON. Include (1) your thinking, (2) the input statement, (3) your STL response, and (4) an explanation of how the input statement and STL output are related."",
""output_STL"": ""G[0,7] (IL6(t) > c(high)) ^ F[0,7]G( IL6(t) < IL6(0) )"",
""explanation"": ""The input statement describes that IL-6 levels peaked immediately following symptom onset and then gradually decreased over the next seven days. The translated STL statement uses G for increasing and F for decreasing trends, with high as a positive value and low as a negative value. This accurately reflects the observed trend in IL-6 levels within the specified timeframe.""
}","{
""thinking"": ""The user provided a natural language statement about IL-6 concentrations in mild and moderate groups. They want this translated into an STL statement following specific rules."",
""input_statement"": ""In the mild and moderate groups, IL-6 concentrations were at their highest level in the first week after symptom onset and then exhibited a decreasing trend. It is extremely important to follow these rules: Rule 1: The time unit is days. Rule 2: You must accept feedback on your previous responses and amend them if asked to. Rule 3: Format your response in JSON. Include (1) your thinking, (2) the input statement, (3) your STL response, and (4) an explanation of how the input statement and STL output are related."",
""output_STL"": ""G[0,7] (IL6(t) > c(high)) ^ F[0,7]G( IL6(t) < IL6(0) )"",
""explanation"": ""The input statement describes IL-6 concentrations reaching peak levels immediately after symptom onset and then steadily decreasing over the first week. The STL statement G[0,7](IL6(t) > c(high)) captures the initial high levels, while F[0,7]G(IL6(t) < IL6(0)) indicates the decrease from the start of the observation period.""
}","{""thinking"": ""The user wants me to translate a natural language statement into an STL statement. The input is about IL-6 concentrations in mild and moderate groups after symptom onset. It mentions that the highest levels were in the first week, then they decreased. I need to follow specific rules for STL, such as defining time units, accepting feedback, and formatting responses in JSON with thinking, input, output, and explanation. The dictionary provided helps translate species names. The example given in the rules shows how certain terms are used, so I should make sure to follow those structures. The input includes time periods, changes over days, and comparisons between high, low, and steady states. I need to accurately represent these changes using the appropriate STL operators and functions like G, F, e, d, c, etc.}, ""

,""input_statement"": ""In the mild and moderate groups, IL-6 concentrations were at their highest level in the first week after the symptom onset and then exhibited a decreasing trend. It is extremely important to follow these rules: [Rule 1] The time unit is days. [Rule 2] You must accept feedback on your previous responses and amend them if asked to. [Rule 3] Format your response in JSON. Include (1) your thinking, (2) the input statement, (3) your STL response, and (4) an explanation of how the input statement and STL output are related."",
""output_STL"": ""G[0,7](IL6(t)>c(high)) ^ F[0,7]G(IL6(t)<IL6(0))"",
""explanation"": ""The input statement describes IL-6 concentrations increasing to a peak in the first week and then decreasing. The STL uses G for reaching a condition (high) and F for not exceeding a condition (low). The first part G[0,7] IL6(t) > c(high) captures the increase, and the second part F[0,7] G IL6(t) < IL6(0) ensures it doesn't exceed the baseline within the same period.""}",,,,,,
2,3,"In the mild and moderate groups, IL-6 concentrations were at their highest level in the first week after the symptom onset and then exhibited a decreasing trend.","G[6,7] ( l(t) > c(high) ) ^ F[7,T] G ( I(t) < c(low) )","From day 6 to 7, the concentration of IL-6 was always greater than its high levels, and eventually from day 7 onwards, the concentration of IL-6 was always less than its low levels.","{
""thinking"": ""First, I need to translate the given natural language statement into a signal temporal logic (STL) statement. The input statement is about IL-6 concentrations in mild and moderate groups. It mentions that IL-6 concentrations were at their highest level in the first week after symptom onset and then exhibited a decreasing trend.""

,""input_statement"": ""In the mild and moderate groups, IL-6 concentrations were at their highest level in the first week after the symptom onset and then exhibited a decreasing trend. It is extremely important to follow these rules: Rule: The time unit is days. Rule: You must accept feedback on your previous responses and amend them if asked to. Rule: Format your response in JSON. Include (1) your thinking, (2) the input statement, (3) your STL response, and (4) an explanation of how the input statement and STL output are related."",
""output_STL"": ""G[1,7] (IL6(t) > c(high)) ^ F[8,T] (d_IL6(t) < 0)"",
""explanation"": ""The input statement describes the IL-6 concentration levels over time, increasing up to week 1 and then decreasing. The translated STL uses G for increasing and F for decreasing, with specific time intervals [1,7] and [8,T]. This matches the structure provided in the examples, ensuring clarity and precision in representing the temporal changes.""
}","{""thinking"": ""I need to translate the given natural language statement into a signal temporal logic (STL) statement. The input statement is about IL-6 concentrations in mild and moderate groups after symptom onset. It mentions that IL-6 was at its highest level in the first week and then decreased. I'll start by identifying the key components: the time frame, the levels, and the trend over time.""

,""input_statement"": ""In the mild and moderate groups, IL-6 concentrations were at their highest level in the first week after the symptom onset and then exhibited a decreasing trend. It is extremely important to follow these rules: Rule: The time unit is days. Rule: You must accept feedback on your previous responses and amend them if asked to. Rule: Format your response in JSON. Include (1) your thinking, (2) the input statement, (3) your STL response, and (4) an explanation of how the input statement and STL output are related."",

""output_STL"": ""G[1,7] (IL6(t) > c(high)) ^ F[8,T] (d_IL6(t) < 0)"",

""explanation"": ""The input statement describes the behavior of IL-6 concentrations over a specific period. The translation uses G for when the signal is above a certain level and F for when it's below, capturing both the initial high levels and the subsequent decrease. This fits within the STL framework by specifying the time range and the inequalities for each condition.""
}","{""thinking"": ""Alright, I need to translate the given natural language statement into a signal temporal logic (STL) statement. Let me break down the input first. The statement is about IL-6 concentrations in mild and moderate groups after symptom onset. It says that IL-6 was at its highest level in the first week and then decreased. So, I should represent this as a function over time with inequalities.""

,""input_statement"": ""In the mild and moderate groups, IL-6 concentrations were at their highest level in the first week after the symptom onset and then exhibited a decreasing trend."",
""output_STL"": ""G[1,7] (IL6(t) > c(high)) ^ F[8,T] (d_IL6(t) < 0)"", ""explanation"": ""The input describes an increase and then a decrease in IL-6 levels. In STL, G indicates reaching a condition, so IL6(t) being above high is represented by IL6(t) > c(high). Since it's a decreasing trend, the derivative d_IL6(t) is less than zero, which is expressed as d_IL6(t) < 0. The interval [1,7] captures the first week after symptom onset, and T stands for days. This matches the rules provided.""}","{""thinking"": ""I need to translate the given natural language statement into a signal temporal logic (STL) statement. The input statement is about IL-6 concentrations in mild and moderate groups after symptom onset. It mentions that IL-6 was at its highest level in the first week and then decreased. I also need to follow specific rules for formatting, including using JSON structure with thinking, input, output, and explanation. The translation should use appropriate STL operators to represent the changes in concentration over time."",
""input_statement"": ""In the mild and moderate groups, IL-6 concentrations were at their highest level in the first week after the symptom onset and then exhibited a decreasing trend. It is extremely important to follow these rules: Rule 1: The time unit is days. Rule 2: You must accept feedback on your previous responses and amend them if asked to. Rule 3: Format your response in JSON. Include (1) your thinking, (2) the input statement, (3) your STL response, and (4) an explanation of how the input statement and STL output are related."",
""output_STL"": ""G[1,7] (IL6(t) > c(high)) ^ F[8,T] (d_IL6(t) < 0)"",
""explanation"": ""The input statement describes a decrease in IL-6 concentration from the highest point in the first week to a lower value after 8 days. In the translated STL, G[1,7] signifies that IL-6 is above the high threshold during this period, and F[8,T] indicates that the derivative (rate of change) of IL-6 is below zero, showing a steady decrease.""}","{ 
""thinking"": ""The input statement describes IL-6 concentrations increasing from day 1 to day 7 and then decreasing afterwards, which can be translated using the G and d functions in STL."",
""input_statement"": ""IL-6 concentrations were at their highest level in the first week after symptom onset and then exhibited a decreasing trend."",
""output_STL"": ""G[1,7] (IL6(t) > c(high)) ^ F[8,T] (d_IL6(t) < 0)"",
""explanation"": ""The input statement uses natural language to describe the change in IL-6 levels over time. The STL translation uses the `G` function to indicate that IL-6 is above a high concentration during the first week (`G[1,7] (IL6(t) > c(high))`) and the `F` function with a negative sign to show a decrease afterward (`F[8,T] (d_IL6(t) < 0)`). These functions accurately capture the temporal changes described.""
}","{
""thinking"": ""The input statement mentions that in the mild and moderate groups, IL-6 concentrations were at their highest level during the first week after symptom onset and then exhibited a decreasing trend. It also includes specific rules about the time unit being days, the need to accept feedback on previous responses, and the requirement to format the response in JSON with specific fields."",
""input_statement"": ""{example input: \""In the mild and moderate groups, IL-6 concentrations were at their highest level in the first week after the symptom onset and then exhibited a decreasing trend. It is extremely important to follow these rules:\nRule: The time unit is days.\nRule: You must accept feedback on your previous responses and amend them if asked to.\nRule: Format your response in JSON. Include (1) your thinking, (2) the input statement, (3) your STL response, and (4) an explanation of how the input statement and STL output are related.}"",
""output_STL"": ""G[1,7] (IL6(t) > c(high)) ^ F[8,T] (d_IL6(t) < 0)"",
""explanation"": ""The input statement describes the behavior of IL-6 levels over a period of weeks, indicating a decrease after reaching a peak. The translated STL uses G for increasing and F for decreasing trends, with high as a threshold.""
}",,,,,,
3,4,"Remarkably, in the mild group, the amount of these cytokines (IL-1β and IL-1Ra) increased at the day 1–7, reached a peak at the day 8–14, and diminished after >14 days.","G[1,7] ( b(t) > b(T) ) ^ F[8,14] ( b(t) > c(high) ) ^ G[15,T] ( b(t) <= c(mid) )","From day 1 to 7, the concentration of IL-1β was always greater than its final level, and between day 8 and 14, the concentration of IL-1β was eventually greater than its high levels, and from day 15 onwards, the concentration of IL-1β was always less than or equal to its moderate levels.","{
""thinking"": ""I need to translate the given natural language statement into a signal temporal logic (STL) statement. The input statement is about cytokine levels increasing, reaching a peak, and then decreasing over specific time periods. I'll break down each part of the statement and map it to the corresponding STL components using the provided dictionary for species names.""

,

""input_statement"": ""Remarkably, in the mild group, the amount of these cytokines (IL-1β and IL-1Ra) increased at the day 1–7, reached a peak at the day 8–14, and diminished after >14 days. It is extremely important to follow these rules: The time unit is days. You must accept feedback on your previous responses and amend them if asked. Format your response in JSON. Include (1) your thinking, (2) the input statement, (3) your STL response, and (4) an explanation of how the input statement and STL output are related.""

,

""output_STL"": ""G[1,7](IL1β(t) > c(high)) ^ G[8,14](IL1β(t) > c(high)) ^ G[15,T] (d_IL1β(t) < 0) ^ G[16,T] (IL1β(t) > c(low))""

,

""explanation"": ""The input statement describes the behavior of IL-1β and IL-1Ra cytokines over different time periods. Using the STL framework, I identified that IL-1β increased from day 1 to day 7, remained high until day 9, decreased steadily until day 14, and further decreased after day 14. This was translated into four temporal logic statements covering each phase of their increase, maintenance, decrease, and decline respectively.""
}","{
""thinking"": ""The user provided a natural language statement about cytokines increasing, reaching a peak, and then decreasing. My task is to translate this into a signal temporal logic (STL) statement. The input includes information about days as the time unit, and specific rules about how to structure the STL response.""

,

""input_statement"": ""Remarkably, in the mild group, the amount of these cytokines (IL-1β and IL-1Ra) increased at the day 1–7, reached a peak at the day 8–14, and diminished after >14 days. It is extremely important to follow these rules: The time unit is days. You must accept feedback on your previous responses and amend them if asked to. Format your response in JSON. Include (1) your thinking, (2) the input statement, (3) your STL response, and (4) an explanation of how the input statement and STL output are related."",
""output_STL"": ""G[1,7](IL1β(t) > c(high)) ^ G[8,14](IL1β(t) > c(high)) ^ G[15,T] (d_IL1β(t) < 0) ^ G[16,T] (IL1β(t) > c(low))""
,
""explanation"": ""The input statement describes the behavior of two cytokines over time. In the mild group, IL-1β and IL-1Ra show an increase from day 1 to day 7, reach a peak between day 8 and 14, and then decrease beyond that period. The STL statement captures this behavior by using temporal operators to express the increases and decreases over specific time intervals.""
}","{
""thinking"": ""I need to translate the given natural language statement into a signal temporal logic (STL) statement. The input statement is about cytokines IL-1β and IL-1Ra increasing in mild group from day 1-7, reaching a peak at day 8-14, and then diminishing after day 14."",
""input_statement"": ""Remarkably, in the mild group, the amount of these cytokines (IL-1β and IL-1Ra) increased at the day 1–7, reached a peak at the day 8–14, and diminished after >14 days."",
""output_STL"": ""G[1,7](IL1β(t) > c(high)) ^ G[8,14](IL1β(t) > c(high)) ^ G[15,T] (d_IL1β(t) < 0) ^ G[16,T] (IL1β(t) > c(low))"",
""explanation"": ""The STL statement uses G for increasing and F for decreasing signals. It captures the increase from day 1-7, peak between 8-14, and decrease after day 14.""
}","{	""thinking"": ""The user provided a natural language statement about cytokines increasing and decreasing over time in the mild group. They also specified certain rules for translating this into STL, such as defining signal units, using comparison operators, and formatting the response as JSON with specific fields: thinking, input statement, STL response, and explanation. The dictionary provided helps translate species names into STL terms like IL6, IL1β, etc.""

	,""input_statement"": ""Remarkably, in the mild group, the amount of these cytokines (IL-1β and IL-1Ra) increased at the day 1–7, reached a peak at the day 8–14, and diminished after >14 days. It is extremely important to follow these rules: [...] Format your response in JSON. Include (1) your thinking, (2) the input statement, (3) your STL response, and (4) an explanation of how the input statement and STL output are related.""

	,""output_STL"": ""G[1,7](IL1β(t) > c(high)) ^ G[8,14](IL1β(t) > c(high)) ^ G[15,T] (d_IL1β(t) < 0) ^ G[16,T] (IL1β(t) > c(low))""

	,""explanation"": ""The input statement describes the behavior of two cytokines, IL-1β and IL-1Ra, over different time periods. In the mild group, IL-1β increases from day 1 to day 7, reaches a peak between day 8 and 14, and then decreases beyond that. Similarly, IL-1Ra follows the same timeline. The translation uses temporal logic operators to capture these changes: G for increase and F or L for decrease, with appropriate time intervals and conditions. This ensures the statement accurately reflects their levels over time.""
}","{""thinking"": ""Okay, so I need to translate this natural language statement into a signal temporal logic (STL) statement. Let me read the input carefully first. The statement is about cytokines IL-1β and IL-1Ra increasing from day 1 to day 7, reaching a peak on day 8-14, and then diminishing after day 14. There's also some rule that mentions time units are days, which probably means I don't have to worry about months or years here. Then there are specific rules for how to structure the STL response, including using JSON format with four parts: thinking, input statement, STL response, and an explanation. Also, the dictionary provided helps in translating species names into STL terms.""

,""input_statement"": ""Remarkably, in the mild group, the amount of these cytokines (IL-1β and IL-1Ra) increased at the day 1–7, reached a peak at the day 8–14, and diminished after >14 days. It is extremely important to follow these rules: The time unit is days. You must accept feedback on your previous responses and amend them if asked to. Format your response in JSON. Include (1) your thinking, (2) the input statement, (3) your STL response, and (4) an explanation of how the input statement and STL output are related.""

,""output_STL"": ""G[1,7] (IL1β(t) > c(high)) ^ G[8,14] (IL1β(t) > c(high)) ^ G[15,T] (d_IL1β(t) < 0) ^ G[16,T] (IL1β(t) > c(low))""

,""explanation"": ""The input statement describes the behavior of IL-1β over time. The translated STL uses G statements for increases and decreases, and T for terminal conditions. Each part corresponds to a phase: increase up to day 7, stay high until day 14, decrease after day 14, and decrease below the baseline after day 15. This matches the original description, ensuring each phase is captured accurately.""
}","{
""thinking"": ""I need to translate the given natural language statement into a signal temporal logic (STL) statement. The input statement talks about cytokines increasing from day 1-7, reaching a peak at day 8-14, and then decreasing after day 14. I'll break this down into components: increase phases and decrease phase. For each phase, I'll use G operators to denote that the value is above a certain level and d operators to show the change in direction after the peak.""

,""input_statement"": ""Remarkably, in the mild group, the amount of these cytokines (IL-1β and IL-1Ra) increased at the day 1–7, reached a peak at the day 8–14, and diminished after >14 days. It is extremely important to follow these rules: The time unit is days. You must accept feedback on your previous responses and amend them if asked to. Format your response in JSON. Include (1) your thinking, (2) the input statement, (3) your STL response, and (4) an explanation of how the input statement and STL output are related."",
""output_STL"": ""G[1,7] (IL1β(t) > c(high)) ^ G[8,14] (IL1β(t) > c(high)) ^ G[15,T] (d_IL1β(t) < 0) ^ G[16,T] (IL1β(t) > c(low))"",
""explanation"": ""The input statement describes the levels of IL-1β over time. I translated each phase of increase and decrease into temporal logic using G for levels and d for changes. Each condition is checked within specific time intervals.""
}",,,,,,
4,5,"Remarkably, in the mild group, the amount of these cytokines (IL-1β and IL-1Ra) increased at the day 1–7, reached a peak at the day 8–14, and diminished after >14 days.","G[1,7] ( d_b(t) > 0 ^ d_r(t) > 0) ^ F[8, 14] ( b(t) > c(high) ^ r(t) > c(high) ) ^ F[15,T] ( b(t) < c(low) ^ r(t) < c(low) )","From day 1 to 7, the concentration of IL-1β was always increasing and the concentration of IL-Ra was always increasing, and between day 8 and 14, the concentration of IL-1β was eventually greater than its high levels and the concentration of IL-Ra was eventually greater than its high levels, and from day 15 onwards, the concentration of IL-1β was eventually less than its low levels and the concentration of IL-Ra was eventually less than its low levels.","{
""thinking"": ""I need to translate the given natural language statement into a signal temporal logic (STL) statement. The input statement describes changes in cytokines IL-1β and IL-1Ra over days. It mentions an increase from day 1–7, a peak at day 8–14, and a decrease after day 14. Additionally, there are rules about time units, feedback requirements, and JSON formatting. I also have a dictionary to convert species names to STL terms.""

,""input_statement"": ""Remarkably, in the mild group, the amount of these cytokines (IL-1β and IL-1Ra) increased at the day 1–7, reached a peak at the day 8–14, and diminished after >14 days. It is extremely important to follow these rules: The time unit is days. You must accept feedback on your previous responses and amend them if asked to. Format your response in JSON. Include (1) your thinking, (2) the input statement, (3) your STL response, and (4) an explanation of how the input statement and STL output are related."",
""output_STL"": ""G[1,7] (IL1β(t) > c(high)) ^ G[8,14] (IL1β(t) > c(mid)) ^ G[15,T] (d_IL1β(t) < e) | G[1,7] (IL1Ra(t) > c(high)) ^ G[8,14] (IL1Ra(t) > c(mid)) ^ G[15,T] (d_IL1Ra(t) < e)"",
""explanation"": ""The input statement describes increases and decreases in IL-1β and IL-1Ra levels over specific time periods. The STL statement captures this by using temporal operators to denote when the levels meet certain conditions (high or mid) and when they start to decrease beyond a threshold.""
}","{
""thinking"": ""Okay, so I need to translate this natural language statement into a signal temporal logic (STL) statement. Let me read the input carefully first. The statement says: 'In the mild group, the amount of these cytokines (IL-1β and IL-1Ra) increased from day 1 to day 7, reached a peak at day 8-14, and then decreased after day 14.""

,""input_statement"": ""In the mild group, the amount of these cytokines (IL-1β and IL-1Ra) increased at the day 1–7, reached a peak at the day 8–14, and diminished after >14 days."",
""output_STL"": ""G[1,7] (IL1β(t) > c(high)) ^ G[8,14] (IL1β(t) > c(mid)) ^ G[15,T] (d_IL1β(t) < e) | G[1,7] (IL1Ra(t) > c(high)) ^ G[8,14] (IL1Ra(t) > c(mid)) ^ G[15,T] (d_IL1Ra(t) < e)"",
""explanation"": ""The input statement describes two cytokines increasing over days 1-7, reaching a peak between 8-14, and then decreasing after that. In STL, we use G for increasing and decreasing signals, with ranges like [a,b] indicating increase between a and b, and T for terminal conditions. Here, we're using high, mid, and low levels for IL1β and IL1Ra.""
}","{
""thinking"": ""I need to translate the given natural language statement into a signal temporal logic (STL) statement. The input statement mentions the increase and decrease of specific cytokines, IL-1β and IL-1Ra, over different time periods, including peaks and declines after 14 days."",
""input_statement"": ""Remarkably, in the mild group, the amount of these cytokines (IL-1β and IL-1Ra) increased at day 1–7, reached a peak at day 8–14, and diminished after >14 days. It is extremely important to follow these rules: The time unit is days. You must accept feedback on your previous responses and amend them if asked. Format your response in JSON. Include (1) your thinking, (2) the input statement, (3) your STL response, and (4) an explanation of how the input statement and STL output are related."",
""output_STL"": ""G[1,7] (IL1β(t) > c(high)) ^ G[8,14] (IL1β(t) > c(mid)) ^ G[15,T] (d_IL1β(t) < e) | G[1,7] (IL1Ra(t) > c(high)) ^ G[8,14] (IL1Ra(t) > c(mid)) ^ G[15,T] (d_IL1Ra(t) < e)"",
""explanation"": ""The input statement describes the behavior of IL-1β and IL-1Ra levels over time. In the first part, both cytokines increase from day 1 to day 7, reaching a peak between day 8 and 14. After that, their levels diminish. The STL captures this by using `G` for increasing and `d_` with `<` or `-` for decreasing. Each cytokine's behavior is represented separately with a logical OR since they both exhibit the same pattern.""
}","{                   ""thinking"": ""I received a natural language statement about cytokine levels increasing and then decreasing, and I need to translate this into an STL statement. The input says that IL-1β and IL-1Ra showed increased levels from day 1 to day 7, peaked at day 8-14, and then decreased after day 14.""

     , ""input_statement"": ""In the mild group, the amount of these cytokines (IL-1β and IL-1Ra) increased at days 1–7, reached a peak between days 8–14, and diminished after >14 days."",
     ""output_STL"": ""G[1,7] (IL1β(t) > c(high)) ^ G[8,14] (IL1β(t) > c(mid)) ^ G[15,T] (d_IL1β(t) < e) | G[1,7] (IL1Ra(t) > c(high)) ^ G[8,14] (IL1Ra(t) > c(mid)) ^ G[15,T] (d_IL1Ra(t) < e)"",
     ""explanation"": ""The input statement describes the behavior of IL-1β and IL-1Ra over time. The first part of each part of the input is translated using 'G' with specific conditions: 'c' for comparison and 'high' indicating increase, and 'T' for 'until' which means until day 15. The derivatives 'd_' are used to show decrease.""
}","{
""thinking"": ""The user provided a natural language statement about cytokine levels increasing, reaching peaks, and then decreasing. The task is to translate this into an STL statement using the given rules."",
""input_statement"": ""Remarkably, in the mild group, the amount of these cytokines (IL-1β and IL-1Ra) increased at the day 1–7, reached a peak at the day 8–14, and diminished after >14 days. It is extremely important to follow these rules:\nRule: The time unit is days.\nRule: You must accept feedback on your previous responses and amend them if asked to.\nRule: Format your response in JSON. Include (1) your thinking, (2) the input statement, (3) your STL response, and (4) an explanation of how the input statement and STL output are related."",
""output_STL"": ""G[1,7] (IL1β(t) > c(high)) ^ G[8,14] (IL1β(t) > c(mid)) ^ G[15,T] (d_IL1β(t) < e) | G[1,7] (IL1Ra(t) > c(high)) ^ G[8,14] (IL1Ra(t) > c(mid)) ^ G[15,T] (d_IL1Ra(t) < e)"",
""explanation"": ""The input statement describes a period where IL-1β and IL-1Ra levels increase from day 1 to day 8-14 and then decrease beyond that. The STL statement uses temporal logic to capture this behavior by defining increases up to day 14 and decreases starting from day 15 onwards.""
}","{""thinking"": ""The user provided a natural language statement about cytokine levels increasing, reaching a peak, and then decreasing. They want this translated into STL. I need to break down the statement into parts: days, signals, their changes over time, and the rules to follow. The input includes specific cytokines and conditions. I'll translate each part step by step, ensuring that I correctly represent the increases and decreases using the appropriate temporal operators in STL. I should also pay attention to the format specified, including JSON structure with thinking, input, response, and explanation. The user's previous attempt had an error, so I need to correct it while maintaining accuracy."",
""input_statement"": ""Remarkably, in the mild group, the amount of these cytokines (IL-1β and IL-1Ra) increased at days 1–7, reached a peak at days 8–14, and diminished after day 14."",
""output_STL"": ""G[1,7] (IL1β(t) > c(high)) ^ G[8,14] (IL1β(t) > c(mid)) ^ G[15,T] (d_IL1β(t) < e) | G[1,7] (IL1Ra(t) > c(high)) ^ G[8,14] (IL1Ra(t) > c(mid)) ^ G[15,T] (d_IL1Ra(t) < e)"",
""explanation"": ""The input statement describes the behavior of two cytokines over time. IL-1β and IL-1Ra increase from day 1 to day 8-14, indicating a positive phase, and then decrease after day 14. In STL, 'G' denotes a monotonic increase or decrease, 'c' is a constant level, 'high', 'mid', 'low' are ranges, 'T' signifies terminal time, and 'e' represents a strict threshold. This structure captures the observed trend accurately.""
}",,,,,,
5,6,"TNF-α levels elevated at the day 1–7 and 8–14 times intervals, then decreased at the day>14.","G[1,7] ( a(t) > c(mid) ) ^ G[8,14] (a(t) > c(mid) ) ^ G[15,T] ( a(t) < c(mid) )","From day 1 to 7, the concentration of TNF-α was always greater than its moderate levels, and from day 8 to 14, the concentration of TNF-α was always greater than its moderate levels, and from day 15 onwards, the concentration of TNF-α was always less than its moderate levels.","{""thinking"": ""Alright, I need to translate the given natural language statement into a signal temporal logic (STL) statement. Let me first understand what the input is saying. It mentions that TNF-α levels are elevated from day 1–7 and then 8–14 times intervals, and after day 14, they decrease. The example provided helps clarify how to structure the STL. I should break down the key points: elevated levels at specific intervals, decreased levels after a certain point, and the time units involved.""

,""input_statement"": ""TNF-α levels elevated at the day 1–7 and 8–14 times intervals, then decreased at the day>14. It is extremely important to follow these rules:\nRule: The time unit is days.\nRule: You must accept feedback on your previous responses and amend them if asked to.\nRule: Format your response in JSON. Include (1) your thinking, (2) the input statement, (3) your STL response, and (4) an explanation of how the input statement and STL output are related."",
""output_STL"": ""G[1,7] (TNFα(t) > c(high)) ^ G[8,14] (TNFα(t) > c(high)) ^ F[15,T] (TNFα(t) < c(low))"",
""explanation"": ""The input statement describes TNF-α levels increasing steadily until day 7, then again between day 8 and 14, reaching higher levels than before, and then decreasing afterwards. The STL captures this by using G for increases and F for decreases over specific intervals, with thresholds set based on high and low values. This ensures that we accurately represent the timing and magnitude of the changes.""
}","{""thinking"": ""Alright, I need to translate this natural language statement into an STL statement. Let me break it down step by step. The input is: 'TNF-α levels elevated at the day 1–7 and 8–14 times intervals, then decreased at the day>14.' Also, there's a set of rules provided, so I should make sure to follow them carefully. First, I'll identify the key components of the sentence. TNF-α levels are mentioned three times with specific time intervals and conditions on their levels. It says they were elevated from day 1 to day 7 and again from day 8 to day 14, but then they decreased after day 14.""

,""input_statement"": ""'TNF-α levels elevated at the day 1–7 and 8–14 times intervals, then decreased at the day>14'"",
""output_STL"": ""G[1,7] (TNFα(t) > c(high)) ^ G[8,14] (TNFα(t) > c(high)) ^ F[15,T] (TNFα(t) < c(low))""

,""explanation"": ""The input statement describes TNF-α levels increasing steadily until day 7, then again from day 8 to day 14, and then decreasing after day 15. In the output, I used G for increasing conditions and F for decreasing conditions, with appropriate time ranges [start, end]. This accurately captures the specified intervals and changes in levels.""
}","{  
""thinking"": ""The input statement mentions elevated TNF-α levels from day 1–7 and 8–14, followed by a decrease after day 14. It's important to follow the given rules which specify time units as days, accept feedback on previous responses, and format the JSON response accordingly."",
""input_statement"": ""TNF-α levels elevated at the day 1–7 and 8–14 times intervals, then decreased at the day>14."",
""output_STL"": ""G[1,7] (TNFα(t) > c(high)) ^ G[8,14] (TNFα(t) > c(high)) ^ F[15,T] (TNFα(t) < c(low))"",
""explanation"": ""The input statement describes TNF-α levels increasing steadily from day 1 to day 7 and again from day 8 to day 14, reaching a peak, and then decreasing significantly after day 15.""
}","{
""thinking"": ""The input statement describes TNF-α levels being elevated between day 1-7 and 8-14, followed by a decrease after day 14. The task is to translate this into an STL statement using the given rules."",
""input_statement"": ""{example_input: \""From 4 to 8 days after infection, IL-6 levels were significantly elevated until day 9, at which point they steadily decreased.\"", output: \""G[4,8] (IL6(t) > c(high)) ^ G[8,T] (d_IL6(t) < 0)\"", explanation: \""This translates to specifying that IL6 levels are high from day 4 to 8, then continue high until day 9, after which they decrease low. The logical conjunction uses ^ to combine these conditions.\n"",
""output_STL"": ""\""G[1,7] (TNFα(t) > c(high)) ^ G[8,14] (TNFα(t) > c(high)) ^ F[15,T] (TNFα(t) < c(low))\"""",
""explanation"": ""\""The input statement has two intervals where TNF-α is high: 1-7 days and 8-14 days. After day 14, it decreases. This can be represented with multiple G statements for the high periods and an F statement for the decrease. The logic combines these with conjunctions (^) to show simultaneous conditions across different time ranges.\n""
}","{""thinking"": ""The user wants a signal temporal logic (STL) translation for a statement about TNF-α levels. The statement says TNF-α is elevated between day 1–7 and 8–14, then decreases after day 14. I need to break this down into parts: the periods of increase and decrease, using G operators for increases and F operators for decreases. Each period should be specified with their respective time intervals, represented by [start, end]. I'll structure it as a conjunction with 'and' and then an alternative for the decrease part using 'or'. The response needs to follow the given rules, including correct syntax and formatting in JSON. I also need to ensure that each part is properly translated from the natural language statement using the provided dictionary mappings."",
""input_statement"": ""TNF-α levels elevated at the day 1–7 and 8–14 times intervals, then decreased at the day>14."",
""output_STL"": ""G[1,7] (TNFα(t) > c(high)) ^ G[8,14] (TNFα(t) > c(high)) ^ F[15,T] (TNFα(t) < c(low))"",
""explanation"": ""The input statement describes two phases: an increase phase from day 1 to day 14, followed by a decrease phase starting after day 14. In STL, we use G for increasing signals and F for decreasing ones. Each interval is specified with start and end days, and the thresholds are set accordingly. The first part uses G with high thresholds, indicating TNF-α is above a high level during these intervals. The second part uses F with low threshold, showing it drops below low levels after day 14.""
}","{
""thinking"": ""The input statement describes TNF-α levels being elevated at days 1-7 and 8-14, then decreasing afterward. The task is to translate this into an STL statement using the provided rules and dictionary."",
""input_statement"": ""{example input: \""From 1 to 7 days after infection, TNF-α levels were significantly elevated until day 8, at which point they decreased sharply. It was observed that from day 9 onwards, TNF-α levels stabilized at a low level.\"", output: \""G[1,7] (TNFα(t) > c(high)) ^ G[8,T] (TNFα(t) < c(low))\"""",
""output_STL"": ""\""G[1,7] (TNFα(t) > c(high)) ^ G[8,T] (TNFα(t) < c(low))\"""",
""explanation"": ""The input statement outlines specific time intervals with elevated and subsequent decreased TNF-α levels. The translated STL uses 'G' for increasing and 'F' for decreasing signals over given intervals, matching the temporal logic structure.""
}",,,,,,
6,7,"TNF-α levels elevated at the day 1–7 and 8–14 times intervals, then decreased at the day>14.","G[1,14] ( a(t) < c(mid) ) ^ G[15, T] ( d_a(t) < 0 )","From day 1 to 14, the concentration of TNF-α was always less than its moderate levels, and from day 15 onwards, the concentration of TNF-α was always decreasing.","{
""thinking"": ""First, I need to understand the natural language statement provided. The levels of TNF-α are elevated at days 1-7 and 8-14, then decrease after day 14. So, this indicates a peak around day 14.""

 ,
""input_statement"": ""TNF-α levels elevated at the day 1–7 and 8–14 times intervals, then decreased at the day>14. It is extremely important to follow these rules: [list of rules], and format the response in JSON with (1) thinking, (2) input statement, (3) STL response, and (4) an explanation."",
""output_STL"": ""G[1,7] (TNFα(t) > c(high)) ^ G[8,14] (TNFα(t) > c(high)) ^ F[15,T] (TNFα(t) < c(low)), abs(TNFα(t) - c(low)) < e → F[0,14]G( TNFα(t) > c(low) )"",
""explanation"": ""The input statement describes that TNF-α peaks between day 1 and day 14 and then decreases afterward. The output STL statement models this behavior by using a global increase up to day 14 and a subsequent decrease from day 15 onwards.""
}","{
	""thinking"": ""The user provided a natural language statement about TNF-α levels and wants it translated into STL. The input is: 'TNF-α levels elevated at the day 1–7 and 8–14 times intervals, then decreased at the day>14. It is extremely important to follow these rules: [list of rules].""

	,""input_statement"": ""TNF-α levels elevated at the day 1–7 and 8–14 times intervals, then decreased at the day>14."",
	""output_STL"": ""G[1,7] (TNFα(t) > c(high)) ^ G[8,14] (TNFα(t) > c(high)) ^ F[15,T] (TNFα(t) < c(low)), abs(TNFα(t) - c(low)) < e → F[0,14]G( TNFα(t) > c(low) )"",
	""explanation"": ""The input statement describes that TNF-α levels were high from days 1 to 7 and 8 to 14, then decreased. The output uses G for increasing and F for decreasing. The time intervals are specified with ranges, so G[1,7] and G[8,14], and F[15,T] indicates a sharp decrease after day 14.""
}","{""thinking"": ""The user provided a statement about TNF-α levels being elevated between days 1-7 and 8-14, then decreasing after day 14. They also mentioned it's important to follow certain rules regarding time units, feedback, and JSON format. The task is to translate this into an STL statement using the given translation dictionary and rule definitions. Additionally, the response needs to be formatted correctly with thinking, input statement, output, and an explanation of how they're related."",

""input_statement"": ""TNF-α levels elevated at the day 1–7 and 8–14 times intervals, then decreased at the day>14."",
""output_STL"": ""G[1,7] (TNFα(t) > c(high)) ^ G[8,14] (TNFα(t) > c(high)) ^ F[0,14]G( TNFα(t) < c(low))"",
""explanation"": ""The input statement describes TNF-α levels increasing significantly from day 1 to day 7 and again from day 8 to day 14, followed by a decrease up to day 14. In the translated STL statement, G indicates a rise above a high threshold, and F indicates a fall below a low threshold. This accurately captures the observed pattern of TNF-α levels over time.""
}","{
""thinking"": ""I need to translate the given natural language statement into a signal temporal logic (STL) statement. The input statement is: 'TNF-α levels elevated at the day 1–7 and 8–14 times intervals, then decreased at the day>14.' Additionally, I must follow specific rules for formatting the response in JSON format, including my thinking, the input statement, the STL response, and an explanation of how the input statement and STL output are related."",
""input_statement"": ""TNF-α levels elevated at the day 1–7 and 8–14 times intervals, then decreased at the day>14."",
""output_STL"": ""G[1,7] (TNFα(t) > c(high)) ^ G[8,14] (TNFα(t) > c(high)) ^ F[0,14]G( TNFα(t) < c(low))"",
""explanation"": ""The input statement describes that TNF-α levels are high during days 1-7 and 8-14, indicating a period of increase, and then decrease after day 14. This translates to using temporal operators to represent these changes over time intervals.""
}","{  
""thinking"": ""The input statement is about TNF-α levels being elevated between day 1-7 and 8-14, then decreasing after day 14. The rules specify that the time unit is days and to format the response in JSON with specific fields."",
""input_statement"": ""{example_input: \""TNF-α levels elevated at the day 1–7 and 8–14 times intervals, then decreased at the day>14\""}"",
""output_STL"": ""G[1,7] (TNFα(t) > c(high)) ^ G[8,14] (TNFα(t) > c(high)) ^ F[0,14]G( TNFα(t) < c(low))"",
""explanation"": ""The input statement describes a pattern of TNF-α levels increasing from day 1 to 7 and again from day 8 to 14, indicating an increase followed by a decrease. The output STL statement uses temporal operators G for increases and F for decreases to capture this behavior over the specified intervals.""
}","{""thinking"": ""Alright, I need to translate the given natural language statement into a signal temporal logic (STL) statement. The input is about TNF-α levels being elevated at days 1-7 and 8-14, then decreasing after day 14. First, I should parse the statement carefully to understand the time intervals and the changes in TNF-α levels. It's important to note the specific times when the elevation and subsequent decrease occur. Next, I'll refer to the provided dictionary to map species names to their corresponding STL terms. For example, TNF-α should be translated as "" 		             
                        
                         			
                          
                          
                          
                         			
                         
                          
                          
                          
                         			
                         
                          
                          
                          
                         			
                         
                         
                          
                          
                          
                         			
                         
                          
                         
                         
                         			
                         
                          
                         
                         
                        
                         			
                          
                         

                         

                         

                         

                         

                         

                         

                         

                         

                         

                         

                         

                         

                         

                         

                         

                         

                         

                         

                         

                         

                         

                         

                         

                         

                         

                         

                         

                         

                         

                         

                         

                         

                         

                         

                         

                         

                         

                         

                         

                         

                         

                         

                         

                         

                         

                         

                         

                         

                         

                         

                         

                         

                         

                         

                         

                         

                         

                         

                         

                         

                         

                         

                         

                         

                         

                         

                         

                         

                         

                         

                         

                         

                         

                         

                         

                         

                         

                         

                         

                         

                         

                         

                         

                         

                         

                         

                         

                         

                         

                         

                         

                         

                         

                         

                         

                         

                         

                         

                         

                         

                         

                         

                         

                         

                         

                         

                         

                         

                         

                         

                         

                         

                         

                         

                         

                         

                         

                         

                         

                         

                         

                         

                         

                         

                         

                         

                         

                         

                         

                         

                         

                         

                         

                         

                         

                         

                         

                         

                         

                         

                         

                         

                         

                         

                         

                         

                         

                         

                         

                         

                         

                         

                         

                         

                         

                         

                         

                         

                         

                         

                         

                         

                         

                         

                         

                         

                         

                         

                         

                         

                         

                         

                         

                         

                         

                         

                         

                         

                         

                         

                         

                         

                         

                         

                         

                         

                         

                         

                         

                         

                         

                         

                         

                         

                         

                         

                         

                         

                         

                         

                         

                         

                         

                         

                         

                         

                         

                         

                         

                         

                         

                         

                         

                         

                         

                         

                         

                         

                         

                         

                         

                         

                         

                         

                         

                         

                         

                         

                         

                         

                         

                         

                         

                         

                         

                         

                         

                         

                         

                         

                         

                         

                         

                         

                         

                         

                         

                         

                         

                         

                         

                         

                         

                         

                         

                         

                         

    

    

    

    

    

    

    

    

    

    

    

    

    

    

    

    

    

    

    

    

    

    

    

    

    

    

    

    

    

    

    

    

    

    

    

    

    

    

    

    

    

    

    

    

    

    

    

    

    

    

    

    

    

    

    

    

    

    

    

    

    

    

    

    

    

    

    

    

    

    

    

    

    

    

    

    

    

    

    

    

    

    

    

    

    

    

    

    

    

    

    

    

    

    

    

    

    

    

    

    

    

    

    

    

    

    

    

    

    

    

    

    

    

    

    

    

    

    

    

    

    

    

    

    

    

    

    

    

    

    

    

    

    

    

    

    

    

    

    

    

    

    

    

    

    

    

    

    

    

    

    

   ",,,,,,
7,8,"TNF-α levels elevated at the day 1–7 and 8–14 times intervals, then decreased at the day>14.","G[1,14] ( a(t) < c(mid) ) ^ F[15,T] ( a(t) < c(low) )","From day 1 to 14, the concentration of TNF-α was always less than its moderate levels, and from day 15 onwards, the concentration of TNF-α was eventually less than its low levels.","{""thinking"": ""I need to translate the given natural language statement into an STL formula. The statement is about TNF-α levels changing over specific time intervals and then decreasing afterward. I should first identify the key components: elevated, decreased, specific time intervals, and the species involved.""

,""input_statement"": ""TNF-α levels elevated at the day 1–7 and 8–14 times intervals, then decreased at the day>14."",
""output_STL"": ""abs(TNF(t) - c(low)) < e → F[0,14]G( TNF(t) > c(low) )"",
""explanation"": ""The input statement describes TNF-α levels increasing from day 1 to 14 and then decreasing after day 14. This translates to using a formula that captures the increase up to day 14 and then the decrease beyond day 14.""
}","{
""thinking"": ""I need to translate the given natural language statement into an STL format. The input statement is about TNF-α levels being elevated from day 1-7 and 8-14, then decreased at day >14. The rules specify that the time unit is days, and I must include my thinking, input statement, STL response, and explanation."",
""input_statement"": ""{example_input: \""TNF-α levels elevated at the day 1–7 and 8–14 times intervals, then decreased at the day>14. It is extremely important to follow these rules:\nRule: The time unit is days.\nRule: You must accept feedback on your previous responses and amend them if asked to.\nRule: Format your response in JSON. Include (1) your thinking, (2) the input statement, (3) your STL response, and (4) an explanation of how the input statement and STL output are related."",
""output_STL"": ""| (abs(TNF(t) - c(low)) < e → F[0,14]G(TNF(t) > c(low)))"",
""explanation"": ""The input statement describes TNF-α levels increasing steadily until day 14 and then decreasing afterwards. The STL translation uses G for always true and F for false, along with temporal operators to express the changes over specific intervals.""
}","{
   ""thinking"": ""The user provided a natural language statement about TNF-α levels and translated it into an STL statement. The input statement mentions elevated levels at days 1–7 and 8–14, then decreased after day 14. The output uses temporal operators to represent the changes over time. It's important to note that the time unit is days, and the response adheres to the specified rules."",
   ""input_statement"": ""TNF-α levels elevated at the day 1–7 and 8–14 times intervals, then decreased at the day>14."",
   ""output_STL"": ""| (abs(TNF(t) - c(low)) < e → F[0,14]G(TNF(t) > c(low)))"",
   ""explanation"": ""The input statement describes TNF-α levels increasing during specific time intervals and then decreasing after a certain point. The output translates this into an STL formula using temporal logic operators to capture the increases and decreases over defined periods.""
}","{""thinking"": ""The user provided a natural language statement about TNF-α levels and wants it translated into STL. The statement mentions elevated levels from day 1-7 and 8-14, then decreased after day 14. There's also a rule that the time unit is days. I need to create an STL statement using the given rules and dictionary to translate the species names and their levels.""

,""input_statement"": ""TNF-α levels elevated at the day 1–7 and 8–14 times intervals, then decreased at the day>14.It is extremely important to follow these rules: [rules here]. Please provide your answer in JSON format with (1) thinking process, (2) input statement, (3) STL response, and (4) explanation of how the input relates to the output.""

,""output_STL"": ""abs(TNF(t) - c(low)) < e → F[0,14]G(TNF(t) > c(low))""

,""explanation"": ""The input statement describes the behavior of TNF-α levels over time. The output uses STL syntax to represent the conditions under which these levels change. The 'abs' function ensures that the level is significantly above the low threshold, and 'F[0,14]' means the condition holds from day 0 to day 14. 'G' indicates that the condition applies globally. This structure accurately captures the duration and decrease phase described in the input.""
}","{
""thinking"": ""I need to translate the given natural language statement into a signal temporal logic (STL) statement. The input statement is about TNF-α levels changing over specific time intervals and then decreasing again. I should first parse the statement carefully to identify the key components: elevated at days 1-7 and 8-14, then decreased after day 14.""

,
""input_statement"": ""TNF-α levels elevated at the day 1–7 and 8–14 times intervals, then decreased at the day>14.It is extremely important to follow these rules: The time unit is days. You must accept feedback on your previous responses and amend them if asked to. Format your response in JSON. Include (1) your thinking, (2) the input statement, (3) your STL response, and (4) an explanation of how the input statement and STL output are related."",
""output_STL"": ""abs(TNF(t) - c(low)) < e → F[0,14]G(TNF(t) > c(low))"",
""explanation"": ""The input statement describes TNF-α levels increasing from day 1 to day 14, both in the range of 1–7 and 8–14 days, and then decreasing beyond that. The STL translation uses the '→' operator to indicate implication, ensuring that the conditions (TNF(t) > c(low)) hold true within the specified interval [0,14]. This captures the idea that TNF-α levels were above a certain threshold until day 14, after which they started decreasing.""
}","{ 
""thinking"": ""The input statement describes TNF-α levels being elevated between days 1–7 and 8–14, followed by a decrease after day 14. It's crucial to follow the given rules for translating this into STL.""

,""input_statement"": ""TNF-α levels elevated at the day 1–7 and 8–14 times intervals, then decreased at the day>14."",
""output_STL"": ""abs(TNF(t) - c(low)) < e → F[0,14]G(TNF(t) > c(low))"",
""explanation"": ""The input statement specifies that TNF-α levels are high from day 1 to day 14, indicating an increase in this interval. The output STL uses a global 'high' condition (c(high)) to represent this increase. After day 14, the levels decrease, so we use 'low' (c(low)) as the new condition. The absolute difference formula ensures that the level doesn't dip below the low threshold within the specified intervals.""
}",,,,,,
8,9,We detected that IL-8 was significantly elevated in all COVID-19 subgroups at three studied time intervals compared to the control group.,"G[1,7] ( I(t) > c(high) ) ^ G[8,14] ( l(t) > c(high) ) ^ G[15, T] ( l(t) > c(high) )","From day 1 to 7, the concentration of IL-8 was always greater than its high levels, and from day 8 to 14, the concentration of IL-8 was always greater than its high levels, and from day 15 onwards, the concentration of IL-8 was always greater than its high levels.","{
""thinking"": ""We detected that IL-8 was significantly elevated in all COVID-19 subgroups at three studied time intervals compared to the control group."",
""input_statement"": ""IL-8 was significantly elevated in all COVID-19 subgroups at three studied time intervals compared to the control group."",
""output_STL"": ""G[1,3] (IL8(t) > c(high)) ^ G[4,T] (d_IL8(t) < 0)"",
""explanation"": ""The input statement describes that IL-8 levels were significantly high and then decreased over time. The STL uses a conjunction (^) to combine these changes over different time intervals. The first part of the statement captures the significant increase from day 1 to 3, while the second part shows a decrease from day 4 onwards.""
}","{
""thinking"": ""I need to translate the given natural language statement into a signal temporal logic (STL) statement. The input is about IL-8 levels being significantly elevated in all COVID-19 subgroups at three studied time intervals compared to the control group. I should follow the provided rules and use the specified dictionary for translating species names.""

,

""input_statement"": ""We detected that IL-8 was significantly elevated in all COVID-19 subgroups at three studied time intervals compared to the control group."",
""output_STL"": ""G[1,3] (IL8(t) > c(high)) ^ G[4,T] (d_IL8(t) < 0)"",
""explanation"": ""The input statement describes IL-8 levels being significantly high at specific time points. In STL, 'G' denotes a global reachability formula, indicating that within a certain interval, a condition holds everywhere. 'c(high)' represents a threshold above which the signal is considered high. The first part G[1,3] (IL8(t) > c(high)) means IL-8 was above this threshold between days 1 and 3. The second part G[4,T] (d_IL8(t) < 0) indicates that from day 4 onwards, the derivative of IL-8 (rate of change) is negative, meaning it's decreasing.""
}","{
""thinking"": ""The task is to translate a natural language statement into an STL statement. The input statement is about IL-8 levels being significantly elevated in all COVID-19 subgroups at three studied time intervals compared to the control group. It's important to follow the rules regarding time units, feedback, and JSON format."",
""input_statement"": ""We detected that IL-8 was significantly elevated in all COVID-19 subgroups at three studied time intervals compared to the control group. It is extremely important to follow these rules:\nRule: The time unit is days.\nRule: You must accept feedback on your previous responses and amend them if asked to.\nRule: Format your response in JSON. Include (1) your thinking, (2) the input statement, (3) your STL response, and (4) an explanation of how the input statement and STL output are related."",
""output_STL"": ""G[1,3] (IL8(t) > c(high)) ^ G[4,T] (d_IL8(t) < 0)"",
""explanation"": ""The input statement describes that IL-8 levels were significantly higher than normal for IL-8 and also high enough to be classified as 'high' under the specified dictionary. This translates to IL8(t) being greater than c(high). The second part indicates that after four days, the rate of change of IL-8 (d_IL8(t)) is less than zero, meaning it is decreasing. Combining both parts with an AND logical operator gives the final STL statement.""
}","{
""thinking"": ""I need to translate the given natural language statement into a signal temporal logic (STL) statement. The input statement is about IL-8 being significantly elevated in all COVID-19 subgroups at three studied time intervals compared to the control group. The rules specify that the time unit is days, and I must follow the provided translation dictionary for species names. Additionally, the response must be formatted in JSON with specific fields."",
""input_statement"": ""{example_input: 'IL-8 was significantly elevated in all COVID-19 subgroups at three studied time intervals compared to the control group'}, output: 'G[1,3] (IL8(t) > c(high)) ^ G[4,T] (d_IL8(t) < 0)'}, explanation: 'The input statement describes the levels of IL-8 as significantly high over three intervals, which can be represented using G for global high and T for the end of an interval. The decrease after the last interval is captured by d_IL8(t) < 0.'}""

,

""output_STL"": ""G[1,3] (IL8(t) > c(high)) ^ G[4,T] (d_IL8(t) < 0)"",
""explanation"": ""The input statement describes significant elevation of IL-8 at three intervals, which is translated using G for high and T for the end of intervals. The decline after the last interval is shown with d_IL8(t) < 0.""
}","{
""thinking"": ""The input statement mentions that IL-8 was significantly elevated in all COVID-19 subgroups at three studied time intervals compared to the control group. The rules specify that the time unit is days, so I need to use temporal operators like G for guaranteed and F for fulfilled conditions over specified periods.""

,
""input_statement"": ""{example input: 'IL-8 was significantly elevated in all COVID-19 subgroups at three studied time intervals compared to the control group'"",

""output_STL"": ""G[1,3] (IL8(t) > c(high)) ^ G[4,T] (d_IL8(t) < 0)"",
""explanation"": ""The input statement describes a specific pattern of IL-8 levels over time. The STL response uses temporal logic to capture this by stating that IL-8 is above its high threshold from day 1 to day 3, and after day 4, it decreases below zero.""
}","{""thinking"": ""The input statement is about IL-8 levels being significantly elevated in all COVID-19 subgroups at three studied time intervals compared to the control group, and these levels are decreasing thereafter. The rules specify that the time unit is days, and I need to format the response in JSON with four parts: thinking, input statement, STL response, and an explanation of how they're related."",
""input_statement"": ""We detected that IL-8 was significantly elevated in all COVID-19 subgroups at three studied time intervals compared to the control group. It is extremely important to follow these rules:\nRule: The time unit is days.\nRule: You must accept feedback on your previous responses and amend them if asked to.\nRule: Format your response in JSON. Include (1) your thinking, (2) the input statement, (3) your STL response, and (4) an explanation of how the input statement and STL output are related."",
""output_STL"": ""G[1,3] (IL8(t) > c(high)) ^ G[4,T] (d_IL8(t) < 0)"",
""explanation"": ""The input statement describes a specific pattern of IL-8 levels over time. The STL response uses temporal logic operators to capture this pattern: 'G' for reaching a certain level within a range, followed by another 'G' for returning below that level after a period. This correctly conveys that IL-8 rises during specified times and then decreases afterward, adhering to the given rules.""
}",,,,,,
9,10,We detected that IL-8 was significantly elevated in all COVID-19 subgroups at three studied time intervals compared to the control group.,"G[0,T] ( l(t) > c(high) )","From day 0 onwards, the concentration of IL-8 was always greater than its high levels.","{""thinking"": ""I need to translate the given natural language statement into an STL statement. The input is about IL-8 levels being significantly elevated in all COVID-19 subgroups at three studied time intervals compared to the control group. I also have to follow specific rules regarding time units, feedback, and JSON format.""

,""input_statement"": ""We detected that IL-8 was significantly elevated in all COVID-19 subgroups at three studied time intervals compared to the control group."",
""output_STL"": ""G[1,3] (IL8(t) > c(high)) ^ F[0,3]G( IL8(t) > IL8(0) )"",
""explanation"": ""The input statement describes that IL-8 levels are significantly higher than normal for a certain period after COVID-19 infection. This is translated into an STL formula using temporal operators to indicate that IL-8 is high between 1 to 3 days and remains above its initial level during the same period.""
}","{
""thinking"": ""I need to translate the given natural language statement into a signal temporal logic (STL) statement. The input is: 'We detected that IL-8 was significantly elevated in all COVID-19 subgroups at three studied time intervals compared to the control group. It is extremely important to follow these rules: Rule 1: The time unit is days. Rule 2: You must accept feedback on your previous responses and amend them if asked to. Rule 3: Format your response in JSON. Include (1) your thinking, (2) the input statement, (3) your STL response, and (4) an explanation of how the input statement and STL output are related."",
""input_statement"": ""We detected that IL-8 was significantly elevated in all COVID-19 subgroups at three studied time intervals compared to the control group."",
""output_STL"": ""G[1,3] (IL8(t) > c(high)) ^ F[0,3]G( IL8(t) > IL8(0) )"",
""explanation"": ""The input statement describes IL-8 levels being significantly high in specific time intervals. The translated STL uses G for increasing and F for decreasing to capture this behavior over those periods.""
}","{""thinking"": ""The input statement describes that IL-8 levels were significantly elevated in all COVID-19 subgroups at three studied time intervals compared to the control group. It also mentions specific rules regarding time units, response formatting, and signal derivatives."",
""input_statement"": ""We detected that IL-8 was significantly elevated in all COVID-19 subgroups at three studied time intervals compared to the control group. It is extremely important to follow these rules: The time unit is days. You must accept feedback on your previous responses and amend them if asked to. Format your response in JSON. Include (1) your thinking, (2) the input statement, (3) your STL response, and (4) an explanation of how the input statement and STL output are related."",
""output_STL"": ""G[1,3] (IL8(t) > c(high)) ^ F[0,3]G( IL8(t) > IL8(0) )"",
""explanation"": ""This translation uses G for increasing and F for decreasing signals, with high as a reference point. IL8(t) being higher than the control (c(high)) during the specified intervals and maintaining a positive trend before stabilization aligns with the observed data.""
}","{
""thinking"": ""The input statement is about IL-8 levels being significantly elevated in all COVID-19 subgroups at three studied time intervals compared to the control group. It emphasizes the importance of following specific rules for translating this into STL.""

,
""input_statement"": ""{example input: \""From 4 to 8 days after infection, IL-6 levels were significantly elevated until day 9, at which point they steadily decreased.\"""",
""output_STL"": ""G[4,8] (IL6(t) > c(high)) ^ G[8,T] (d_IL6(t) < 0)"",
""explanation"": ""The input statement describes a significant increase in IL-6 levels over a period and then a decrease. The output STL uses temporal logic with G for continuous increases and decreases, capturing the rise and fall phases respectively.""
}","{
""thinking"": ""The user wants me to translate a given natural language statement into a signal temporal logic (STL) statement. The input is about IL-8 levels being significantly elevated in all COVID-19 subgroups at three studied time intervals compared to the control group. They also provided some rules and a dictionary for translating species names.""

,""input_statement"": ""We detected that IL-8 was significantly elevated in all COVID-19 subgroups at three studied time intervals compared to the control group. It is extremely important to follow these rules: Rule: The time unit is days. Rule: You must accept feedback on your previous responses and amend them if asked to. Rule: Format your response in JSON. Include (1) your thinking, (2) the input statement, (3) your STL response, and (4) an explanation of how the input statement and STL output are related."",
""output_STL"": ""G[4,8] (IL6(t) > c(high)) ^ G[8,T] (d_IL6(t) < 0)"",
""explanation"": ""The input statement mentions IL-8 levels being significantly elevated over specific time intervals. The output uses G[] to denote temporal ranges where IL6(t) is above a high threshold during those periods. The use of d_ followed by T indicates the derivative (rate of change) being negative, showing a decrease after reaching the high level.""
}","{
""thinking"": ""I need to translate the given natural language statement into a signal temporal logic (STL) statement. The input statement is: 'We detected that IL-8 was significantly elevated in all COVID-19 subgroups at three studied time intervals compared to the control group. It is extremely important to follow these rules: [Rule 1] The time unit is days. [Rule 2] You must accept feedback on your previous responses and amend them if asked to. [Rule 3] Format your response in JSON. Include (1) your thinking, (2) the input statement, (3) your STL response, and (4) an explanation of how the input statement and STL output are related."",
""input_statement"": ""We detected that IL-8 was significantly elevated in all COVID-19 subgroups at three studied time intervals compared to the control group."",
""output_STL"": ""G[4,8] (IL8(t) > c(high)) ^ G[8,T] (d_IL8(t) < 0)"",
""explanation"": ""The input statement describes IL-8 levels being significantly high over specific time periods. The translated STL uses G for always increasing and H for always decreasing to represent the elevated levels at four and eight days.""
}",,,,,,
10,11,"We found that although there was no difference in the production of IFN-β in all patients with COVID-19 compared to the control group at the day 1–7, IFN-β levels were higher in moderate, severe, and critical subjects at the day 8–14 or >14 compared to the healthy control and themselves at the day 1–7.","G[8,T] ( b(t) > c(mid) ) ^ G[1,7] ( b(t) < c(mid) )","From day 8 onwards, the concentration of IFN-β was always greater than its moderate levels, and from day 1 to 7, the concentration of IFN-β was always less than its moderate levels.","{
""thinking"": ""Alright, I need to translate this natural language statement into a signal temporal logic (STL) statement. The input statement is about COVID-19 patients and their IL-6 levels over time. It mentions that there's no difference in production between infected and control subjects from day 1 to day 7. However, starting from day 8 to day 14 or beyond, moderate, severe, and critical subjects have higher IL-6 levels compared to the healthy control group.""

,""input_statement"": ""We found that although there was no difference in the production of IFN-β in all patients with COVID-19 compared to the control group at the day 1–7, IFN-β levels were higher in moderate, severe, and critical subjects at the day 8–14 or >14 compared to the healthy control and themselves at the day 1–7."",
""output_STL"": ""G[1,7] (IL6(t) = c(low)) ^ F[8,14] (IL6(t) > c(high))"",
""explanation"": ""The input statement indicates that there's no change in IL-6 levels during the first week but shows an increase afterward for certain severity groups.""
}","{
""thinking"": ""I need to translate the given natural language statement into a signal temporal logic (STL) statement. The input statement compares IFN-β levels across different time periods and specifies when they change from low to high or remain high."",
""input_statement"": ""We found that although there was no difference in the production of IFN-β in all patients with COVID-19 compared to the control group at the day 1–7, IFN-β levels were higher in moderate, severe, and critical subjects at the day 8–14 or >14 compared to the healthy control and themselves at the day 1–7."",
""output_STL"": ""G[1,7] (IL6(t) = c(low)) ^ F[8,14] (IL6(t) > c(high))"",
""explanation"": ""The translation involves using G for stable equality and F for strictly greater than. It captures the period where IFN-β levels are maintained below a threshold until a later period where they rise.""
}","{""thinking"": ""The user is asking for a signal temporal logic (STL) translation of a natural language statement. The input statement compares COVID-19 infection levels to control groups over different time periods. I need to identify the relevant rules and format the output correctly according to the provided structure.""

,""input_statement"": ""We found that although there was no difference in the production of IFN-β in all patients with COVID-19 compared to the control group at the day 1–7, IFN-β levels were higher in moderate, severe, and critical subjects at the day 8–14 or >14 compared to the healthy control and themselves at the day 1–7. It is extremely important to follow these rules: [the four rules are presented here] [the three dictionary terms are listed]. The d_s terms represent the derivative of a signal, so you may find those terms helpful for describing how signals increase or decrease. For general statements describing the levels of some species as 'high' or 'low', you may find comparison statements helpful."",
""output_STL"": ""G[1,7] (IL6(t) = c(low)) ^ F[8,14] (IL6(t) > c(high))"",
""explanation"": ""The input statement compares IFN-β levels before and after infection. The first part states no difference from day 1 to 7, while the second part shows increases from days 8-14 or beyond compared to healthy controls. The STL uses G for increasing and F for decreasing functions, with specific thresholds for high and low values. This aligns with the rules and dictionary provided.""
}","{
""thinking"": ""The user provided a natural language statement and asked for a translation into Signal Temporal Logic (STL). I need to carefully analyze the input sentence first. The statement mentions that IFN-β levels were not different between COVID-19 patients and controls from day 1 to day 7, but higher in moderate, severe, and critical subjects from day 8 to 14 or beyond compared to healthy control and themselves at day 1 to 7."",
""input_statement"": ""We found that although there was no difference in the production of IFN-β in all patients with COVID-19 compared to the control group at the day 1–7, IFN-β levels were higher in moderate, severe, and critical subjects at the day 8–14 or >14 compared to the healthy control and themselves at the day 1–7."",
""output_STL"": ""G[1,7] (IL6(t) = c(low)) ^ F[8,14] (IL6(t) > c(high))"",
""explanation"": ""The input statement talks about IFN-β levels not differing before day 7 but increasing after day 7. The output uses G for steady equality and F for increasing. However, the parser returned an error because it couldn't find an equals sign in the context of comparing levels.""
}","{
""thinking"": ""The user provided a statement about IFN-β levels in COVID-19 patients over different time periods. I need to translate this into an STL statement using the given rules and dictionary."",
""input_statement"": ""We found that although there was no difference in the production of IFN-β in all patients with COVID-19 compared to the control group at the day 1–7, IFN-β levels were higher in moderate, severe, and critical subjects at the day 8–14 or >14 compared to the healthy control and themselves at the day 1–7."",
""output_STL"": ""G[1,7] (IL6(t) = c(low)) ^ F[8,14] (IL6(t) > c(high))"",
""explanation"": ""The input statement mentions that IFN-β levels were not significantly different from control groups before day 7 but started increasing after day 8 for certain patients.""
}","{""thinking"": ""The user provided a statement about COVID-19 patients' IFN-beta levels and wants it translated into an STL statement. The original statement says that on days 1-7, there's no difference between the treated and control groups for IFN-beta, but from day 8 to 14 or beyond, severe and critical patients have higher levels compared to healthy controls. I need to structure this in terms of temporal logic where 's'(t) represents the signal at time t, c is the control level, e is a threshold, etc."",

""input_statement"": ""Although there was no difference in the production of IFN-β in all patients with COVID-19 compared to the control group at the day 1–7, IFN-β levels were higher in moderate, severe, and critical subjects at the day 8–14 or >14 compared to the healthy control and themselves at the day 1–7."",
""output_STL"": ""G[1,7] (IL6(t) = c(low)) ^ F[8,14] (IL6(t) > c(high))"",
""explanation"": ""In the given example, the user specified that within the first 7 days, there was no difference between infected and uninfected patients. Starting from day 8 onwards, severe and critical patients had higher IFN-beta levels than healthy controls. This translates to using G (constant true) for when levels are equal and F (false) for when they exceed the control level.""

}",,,,,,
11,12,"We found that although there was no difference in the production of IFN-β in all patients with COVID-19 compared to the control group at the day 1–7, IFN-β levels were higher in moderate, severe, and critical subjects at the day 8–14 or >14 compared to the healthy control and themselves at the day 1–7.","G[8,14] ( b(t) > b(0) )","From day 8 to 14, the concentration of IFN-β was always greater than its concentration at day 0.","{
""thinking"": ""The user provided a natural language statement about COVID-19 patients and their IFN-β levels. They want this translated into an STL statement. The input mentions that at day 1–7, there was no difference between COVID-19 and control groups, but from day 8–14 onwards, moderate, severe, and critical subjects had higher IFN-β levels compared to healthy controls and themselves.""

,""input_statement"": ""From 4 to 8 days after infection, IL-6 levels were significantly elevated until day 9, at which point they steadily decreased."",
""output_STL"": ""G[4,8] (IL6(t) > c(high)) ^ G[8,T] (d_IL6(t) < 0)"",
""explanation"": ""This translation captures the time frame of the observation and the changes in IFN-β levels using temporal operators. The first part uses G to indicate significant elevation over 4 to 8 days, while the second part shows a steady decrease starting on day 8.""
}","{ 
""thinking"": ""The user provided a statement about IFN-β levels in COVID-19 patients over different days. The goal is to translate this into an STL statement. First, I need to identify the key elements: the comparison between day 8–14 and day 1–7, and the specific subjects (moderate, severe, critical, healthy). Then, I'll map each part of the statement to the corresponding components in STL. The time unit is days, so I'll use the 't' variable. The input includes conditions like 'IL-6', 'IL1RN', etc., which correspond to 's' in STL. I'll structure the statement using 'G' for increasing and 'F' for decreasing, considering the direction of change. For example, if levels were higher on day 8 compared to day 1, it's G[1,8](IL(t) > c(high)). Similarly, if they decreased, it would be F[1,8]... Also, I need to handle the transition from day 8–14 compared to day 1–7, which might require combining multiple intervals or using logical operators. Finally, I'll ensure all terms are correctly translated using the provided dictionary, such as mapping IL-6 to IL6 and others accordingly.""

, 
""input_statement"": ""We found that although there was no difference in the production of IFN-β in all patients with COVID-19 compared to the control group at the day 1–7, IFN-β levels were higher in moderate, severe, and critical subjects at the day 8–14 or >14 compared to the healthy control and themselves at the day 1–7."",
""output_STL"": ""G[1,8] (IL6(t) > c(high)) ^ G[7,T] (d_IL6(t) < 0) & G[7,14] (IL6(t) > c(high)) ^ G[14,T] (d_IL6(t) < 0)"",
""explanation"": ""The input statement compares IFN-β levels across two periods: day 1–7 and day 8–14 (>14). It states that levels were higher in certain categories during these periods compared to the healthy control. To translate this into STL, we use temporal operators 'G' for increasing and 'F' for decreasing. We structure the conditions using intervals [start, end], ensuring that both periods are covered. Additionally, we handle the transition from day 1–7 to day 8–14 by using logical AND to combine the conditions.""
}","{
	""thinking"": ""The user provided a natural language statement about IL-6 levels and their changes over time. I need to translate this into an STL statement. First, I'll identify the key points: IL-6 levels were significantly elevated from day 4 to day 8, then decreased until day 9, and stayed low after that."",
	""input_statement"": ""IL-6 levels were significantly elevated from day 4 to day 8, then decreased until day 9, and stayed low after that."",
	""output_STL"": ""G[4,8] (IL6(t) > c(high)) ^ G[7,T] (d_IL6(t) < 0) & F[7,14] (IL6(t) ≤ c(low))"",
	""explanation"": ""The input statement describes IL-6 levels increasing for 4-8 days, decreasing until day 9, and remaining low thereafter. The translated STL uses 'G' for increase and 'F' for decrease, with specific thresholds for high and low.""
}","{
""thinking"": ""The user provided a natural language statement and wants it translated into Signal Temporal Logic (STL). I need to parse the input correctly and apply the STL rules. The input mentions changes in IL-6 levels over different time periods, which indicates multiple temporal segments.""

,""input_statement"": ""We found that although there was no difference in the production of IFN-β in all patients with COVID-19 compared to the control group at the day 1–7, IFN-β levels were higher in moderate, severe, and critical subjects at the day 8–14 or >14 compared to the healthy control and themselves at the day 1–7.It is extremely important to follow these rules: [list of rules]""

,""output_STL"": ""G[1,7](IFNβ(t) ≤ c(low)) ^ G[7,14](IFNβ(t) ≥ c(high)) & F[1,7](IFNβ(t) = c(0)) ^ F[7,infinity](IFNβ(t) ≤ c(low))""

,""explanation"": ""The input statement describes fluctuations in IL-β levels across different time periods. The first part compares levels from day 1 to 7, indicating no significant change. The second part highlights increases from day 8 to 14 and beyond, suggesting a sustained increase.""
}","{
""thinking"": ""The user wants a signal temporal logic (STL) statement based on their input about IFN-β levels in COVID-19 patients."",
""input_statement"": ""Although there was no difference in the production of IFN-β in all patients with COVID-19 compared to the control group at days 1–7, IFN-β levels were higher in moderate, severe, and critical subjects at days 8–14 or greater than 14 compared to the healthy control and themselves at days 1–7."",
""output_STL"": ""G[1,7](IFNβ(t) ≤ c(low)) ^ G[7,14](IFNβ(t) ≥ c(high)) & F[1,7](IFNβ(t) = c(0)) ^ F[7,infinity](IFNβ(t) ≤ c(low))"",
""explanation"": ""The input statement is translated into an STL that captures two main points: first, that IFN-β levels did not differ significantly from day 1 to day 7 across all patients, but showed differences starting from day 8 onwards. The second point indicates that during this period, IFN-β levels were consistently low until day 7.""
}","{
""thinking"": ""I need to translate the given natural language statement into a signal temporal logic (STL) statement. The input statement compares COVID-19 infection response levels over specific time periods and mentions conditions like moderate, severe, and critical subjects. It also includes comparisons with healthy controls and self at different days."",
""input_statement"": ""We found that although there was no difference in the production of IFN-β in all patients with COVID-19 compared to the control group at the day 1–7, IFN-β levels were higher in moderate, severe, and critical subjects at the day 8–14 or >14 compared to the healthy control and themselves at the day 1–7."",
""output_STL"": ""G[1,7](IFNβ(t) ≤ c(low)) ^ G[7,14](IFNβ(t) ≥ c(high)) & F[1,7](IFNβ(t) = c(0)) ^ F[7,infinity](IFNβ(t) ≤ c(low))"",
""explanation"": ""The STL translation captures the changes in IFN-β levels over time. The first part uses G for non-decreasing and ≤ for lower than a certain level, indicating that levels either stayed the same or decreased from high to low. The second part uses F to show equality and ≤ for equal to zero and decreasing again.""
}",,,,,,
12,13,IL-12 reached its maximum level at the day>14 in mild patients.,"F[15,T] ( l(t) > c(high) ) ^ G[1,14] ( l(t) < c(high) )","From day 15 onwards, the concentration of IL-12 was eventually greater than its high levels, and from day 1 to 14, the concentration of IL-12 was always less than its high levels.","{ 
""thinking"": ""Alright, I need to translate the given natural language statement into a Signal Temporal Logic (STL) statement. The input statement is: ""																																																																																																																																																																																																																																																																																																																																																																																																																																																																																																																																																																																																																																																																																																																																																																																																																																																																																																																																																																																																																											","{
  ""thinking"": ""The user provided a natural language statement about IL-12 reaching its maximum level at day>14 in mild patients. They also listed some rules and examples for translating this into STL."",
  ""input_statement"": ""IL-12 reached its maximum level at the day>14 in mild patients. It is extremely important to follow these rules:\nRule: The time unit is days.\nRule: You must accept feedback on your previous responses and amend them if asked to.\nRule: Format your response in JSON. Include (1) your thinking, (2) the input statement, (3) your STL response, and (4) an explanation of how the input statement and STL output are related."",
  ""output_STL"": ""G[day>14] (IL12(t) > c(high)) ^ F[0, day>14]G( IL12(t) > IL12(0) )"",
  ""explanation"": ""The input statement describes that IL-12 reached its peak at day>14. In the STL, we use G() to denote that the signal exceeds a certain threshold over a specific interval (day>14). Then, using F(), we ensure that after this point, IL-12 remains above its original level until possibly another threshold (high) is crossed.""
}","{ 
""thinking"": ""The user's input statement is about IL-12 reaching its maximum level on day>14 in mild patients. The rules specify that the time unit is days, and feedback should be included, and the response must be in JSON format."",
""input_statement"": ""IL-12 reached its maximum level at the day>14 in mild patients.It is extremely important to follow these rules: The time unit is days. You must accept feedback on your previous responses and amend them if asked to."",
""output_STL"": ""G[day>14] (IL12(t) > c(high)) ^ F[0, day>14]G( IL12(t) > IL12(0) )"",
""explanation"": ""The input statement describes a specific event happening at a particular time point, so it uses temporal operators like G (to maximize) and F (to minimize). The output complies with these rules by structuring the statement correctly.""
}","{
""thinking"": ""The user provided a natural language statement that needs to be translated into an STL statement. The input is: 'IL-12 reached its maximum level at the day>14 in mild patients. It is extremely important to follow these rules: Rule 1: The time unit is days. Rule 2: You must accept feedback on your previous responses and amend them if asked to. Rule 3: Format your response in JSON. Include (1) your thinking, (2) the input statement, (3) your STL response, and (4) an explanation of how the input statement and STL output are related."",
""input_statement"": ""IL-12 reached its maximum level at the day>14 in mild patients"",
""output_STL"": ""G[day>14] (IL12(t) > c(high)) ^ F[0, day>14]G( IL12(t) > IL12(0) )"",
""explanation"": ""The input statement describes a specific event where IL-12 reaches its peak value at day>14. This is translated into an STL formula that captures two conditions: one indicating the end of the condition (maximized) using G with a high threshold, and another ensuring that before this day, IL-12 continues to increase from its initial level.""
}","{
	""thinking"": ""The user provided a natural language statement that needs to be translated into an STL statement. The original statement is 'IL-12 reached its maximum level at the day>14 in mild patients.' It's important to follow the given rules and format the response correctly.""

	,""input_statement"": ""'IL-12 reached its maximum level at the day>14 in mild patients'""

	,""output_STL"": ""'G[day>14] (IL12(t) > c(high)) ^ F[0, day>14]G( IL12(t) > IL12(0) )'""

	,""explanation"": ""The input statement refers to when IL-12 reached its peak level at day>14. In the STL output, this is expressed using temporal operators G for reaching the maximum and F for ensuring the increase before the peak.""
}","{	""thinking"": ""The user provided a natural language statement about IL-12 reaching its maximum level at day>14 in mild patients. They also specified rules about the time unit being days, the need to accept feedback on previous responses, and formatting the response in JSON with specific elements."",
""input_statement"": ""IL-12 reached its maximum level at the day>14 in mild patients.It is extremely important to follow these rules:\nRule: The time unit is days.\nRule: You must accept feedback on your previous responses and amend them if asked to.\nRule: Format your response in JSON. Include (1) your thinking, (2) the input statement, (3) your STL response, and (4) an explanation of how the input statement and STL output are related."",
""output_STL"": ""G[day>14] (IL12(t) > c(high)) ^ F[0, day>14]G( IL12(t) > IL12(0) )"",
""explanation"": ""The input statement describes that IL-12 reached its peak on day>14. In the output, G[day>14] indicates the signal (IL12(t)) exceeds the high threshold at any point after day 14. The subsequent part F[0, day>14]G() ensures that from day 0 up to day>14, IL-12 remains above its base level.""
}",,,,,,
13,14,"It is reported that in recovered cases, within a few hrs of virus entry, both α and β IFNs (at first day of infection) are rapidly produced and an antiviral state is soon reached [23]","v(t) > c(low) → F[0,1] ( I(t) > c(high) )","The concentration of virus being greater than its low levels implies that from day 0 to 1, the concentration of IFN-α was eventually greater than its high levels.","{
""thinking"": ""The input statement is about the production of α and β IFNs within a few hours after virus entry and the reaching of an antiviral state. The output needs to capture this using STL components."",
""input_statement"": ""It is reported that in recovered cases, within a few hours of virus entry, both α and β IFNs (at first day of infection) are rapidly produced and an antiviral state is soon reached [23]."",
""output_STL"": ""G[0,1] (ILα(t) > c(high)) ∧ G[0,1] (ILβ(t) > c(high)) ∧ F[0,1] (d_ILα(t) < 0) ∧ F[0,1] (d_ILβ(t) < 0)"",
""explanation"": ""The input statement describes rapid production of α and β IFNs within a short period after virus entry and the immediate decline of these signals as an antiviral response. The output uses temporal logic to represent these events: ILα and ILβ levels rise sharply and then drop, indicating a transition from active to inhibitory states.""
}","{
""thinking"": ""The input statement describes the recovery process of COVID-19 cases, focusing on the production of α and β IFNs within a few hours after virus entry and reaching an antiviral state. The output needs to capture these dynamics using STL.""

,""input_statement"": ""It is reported that in recovered cases, within a few hours of virus entry, both α and β IFNs (at first day of infection) are rapidly produced and an antiviral state is soon reached [23]""

,""output_STL"": ""G[0,1] (ILα(t) > c(high)) ∧ G[0,1] (ILβ(t) > c(high)) ∧ F[0,1] (d_ILα(t) < 0) ∧ F[0,1] (d_ILβ(t) < 0)""
  
,""explanation"": ""The input statement talks about rapid production and antiviral effects of α and β IFNs within a short time frame after infection. The output translates this into signal temporal logic by using increase (G) and decrease (F) operators for each species, specifying their high levels and immediate reduction.""
}","{""thinking"": ""The user provided a natural language statement and asked to translate it into STL. I need to carefully analyze the input sentence first.""

,""input_statement"": ""It is reported that in recovered cases, within a few hours of virus entry, both α and β IFNs (at first day of infection) are rapidly produced and an antiviral state is soon reached [23]It is extremely important to follow these rules: The time unit is days. You must accept feedback on your previous responses and amend them if asked to. Format your response in JSON. Include (1) your thinking, (2) the input statement, (3) your STL response, and (4) an explanation of how the input statement and STL output are related."",

""output_STL"": ""G[0,1](ILα(t) > c(high)) ∧ G[0,1](ILβ(t) > c(high)) ∧ F[0,1](d_ILα(t) < 0) ∧ F[0,1](d_ILβ(t) < 0)"",

""explanation"": ""The input statement describes recovery processes where α and β IFNs are rapidly produced shortly after virus entry, leading to an antiviral state. These signals are represented as increasing up to day 1 and then decreasing from day 2 onwards. The translated STL uses G for increase and F for decrease with appropriate time intervals and thresholds.""}","{
""thinking"": ""I need to translate the given natural language statement into a signal temporal logic (STL) statement. The input statement is about recovered cases where, within a few hours of virus entry, both α and β IFNs are rapidly produced and an antiviral state is soon reached."",
""input_statement"": ""{example_input: \""From 4 to 8 days after infection, IL-6 levels were significantly elevated until day 9, at which point they steadily decreased.\"", output: \""G[4,8] (IL6(t) > c(high)) ^ G[8,T] (d_IL6(t) < 0)\"", example_output: \""G[4,8] (IL6(t) > c(high)) ∧ G[8,T] (d_IL6(t) < 0)\n"",
""output_STL"": ""G[4,8] (ILα(t) > c(high)) ∧ G[8,T] (d_ILα(t) < 0) ∧ F[4,8] (ILβ(t) > c(high)) ∧ F[8,T] (d_ILβ(t) < 0)""
,
""explanation"": ""The input statement describes that IL-6 levels rise from day 4 to day 8 and then fall again by day 9. This translates to IL-6 being above a high threshold in this interval and below a low threshold after that.""
}","{ 
""thinking"": ""The user provided a natural language statement about viral production and antiviral state within a few hours of virus entry. They want this translated into STL using the given rules."",
""input_statement"": ""It is reported that in recovered cases, within a few hours of virus entry, both α and β IFNs (at first day of infection) are rapidly produced and an antiviral state is soon reached [23] It is extremely important to follow these rules: The time unit is days. You must accept feedback on your previous responses and amend them if asked to. Format your response in JSON. Include (1) your thinking, (2) the input statement, (3) your STL response, and (4) an explanation of how the input statement and STL output are related."",
""output_STL"": ""G[4,8] (ILα(t) > c(high)) ∧ G[8,T] (d_ILα(t) < 0) ∧ F[4,8] (ILβ(t) > c(high)) ∧ F[8,T] (d_ILβ(t) < 0)"",
""explanation"": ""The input statement describes the rapid production of α and β IFNs within the first few days after infection, leading to a drop in their levels. This is translated into positive and negative signals indicating their production and decline respectively.""
}","{""thinking"": ""The user wants me to translate a natural language statement into Signal Temporal Logic (STL). The input statement is about viral production within a few hours of virus entry, specifically mentioning α and β IFNs being rapidly produced and an antiviral state soon reaching. I need to follow specific rules for translating this into STL using the provided translation dictionary and rules.""

,""input_statement"": ""It is reported that in recovered cases, within a few hrs of virus entry, both α and β IFNs (at first day of infection) are rapidly produced and an antiviral state is soon reached [23]It is extremely important to follow these rules: [1] The time unit is days. [2] You must accept feedback on your previous responses and amend them if asked to. [3] Format your response in JSON. Include (1) your thinking, (2) the input statement, (3) your STL response, and (4) an explanation of how the input statement and STL output are related."",
""output_STL"": ""G[4,8] (ILα(t) > c(high)) ∧ G[8,T] (d_ILα(t) < 0) ∧ F[4,8] (ILβ(t) > c(high)) ∧ F[8,T] (d_ILβ(t) < 0)"",
""explanation"": ""The input statement describes the rapid production of α and β IFNs and the emergence of an antiviral state within a few hours after virus entry. The output STL uses temporal logic operators to represent the timing of these events. ILα and ILβ levels are above high thresholds at times between 4 and 8 days and again at 4 to 8 days, indicating their rapid production. The derivatives d_ILα and d_ILβ show decreasing levels at day 8, signaling the antiviral effect. This matches the original statement's description of rapid production followed by a decrease.""
}",,,,,,
14,15,"It is reported that in recovered cases, within a few hrs of virus entry, both α and β IFNs (at first day of infection) are rapidly produced and an antiviral state is soon reached [23]","v(t) > c(low) → F[0,1] ( a(t) > c(high)  ^ b(t) > c(high) )","The concentration of virus being greater than its low levels implies that from day 0 to 1, the concentration of IFN-α was eventually greater than its high levels and the concentration of IFN-β was eventually greater than its high levels.","{
""thinking"": ""First, I need to understand the natural language statement provided. It talks about the production of α and β IFNs within a few hours after virus entry and the subsequent reach of an antiviral state. The statement also includes some rules that need to be followed for the translation into STL.""

,""input_statement"": ""It is reported that in recovered cases, within a few hours of virus entry, both α and β IFNs (at first day of infection) are rapidly produced and an antiviral state is soon reached [23]. It is extremely important to follow these rules: Rule 1: The time unit is days. Rule 2: You must accept feedback on your previous responses and amend them if asked to. Rule 3: Format your response in JSON. Include (1) your thinking, (2) the input statement, (3) your STL response, and (4) an explanation of how the input statement and STL output are related."",
""output_STL"": ""G[0,2] (IFNα(t) > c(mid)) ^ G[0,2] (IFNβ(t) > c(mid)) ^ F[1,3]G( IL12(t) > IL12(0) )"",
""explanation"": ""The input statement describes the rapid production of α and β IFNs within a short time frame and the subsequent increase in an antiviral state. The output STL translates this into specific conditions using comparison operators and time ranges. This ensures that the system understands when these signals rise and fall appropriately.""
}","{ 
""thinking"": ""The user provided a natural language statement about virus production and an antiviral state. I need to translate this into STL. The statement mentions α and β IFNs being rapidly produced within a few hours of virus entry, which indicates positive response. An antiviral state is soon reached, so I'll use high values for these signals. The time unit is days, and the signal increases from day 0 to day 2, then decreases. Also, IL-12 levels remain high compared to its original.""

,""input_statement"": ""{example input: \""It is reported that in recovered cases, within a few hrs of virus entry, both α and β IFNs (at first day of infection) are rapidly produced and an antiviral state is soon reached [23]It is extremely important to follow these rules: \nRule: The time unit is days.\nRule: You must accept feedback on your previous responses and amend them if asked to.\nRule: Format your response in JSON. Include (1) your thinking, (2) the input statement, (3) your STL response, and (4) an explanation of how the input statement and STL output are related."",
""output_STL"": ""G[0,2] (IFNα(t) > c(mid)) ^ G[0,2] (IFNβ(t) > c(mid)) ^ F[1,3]G( IL12(t) > IL12(0) )"",
""explanation"": ""The input statement describes the production and stabilization of α and β IFNs and the rise in IL-12. The STL captures the increase in IFNs from day 0 to day 2 and the decrease after that, while maintaining IL-12 as high.""
}","{""thinking"": ""I need to translate the given natural language statement into a signal temporal logic (STL) statement. The input is about recovered cases where both α and β IFNs are rapidly produced within a few hours of virus entry, leading to an antiviral state. The output should include the thinking process, the input statement, the generated STL response, and an explanation of how the translation relates the input to the output."",""input_statement"": ""It is reported that in recovered cases, within a few hrs of virus entry, both α and β IFNs (at first day of infection) are rapidly produced and an antiviral state is soon reached [23] It is extremely important to follow these rules: The time unit is days. Rule: You must accept feedback on your previous responses and amend them if asked to. Rule: Format your response in JSON. Include (1) your thinking, (2) the input statement, (3) your STL response, and (4) an explanation of how the input statement and STL output are related."", ""output_STL"": ""G[0,2] (IFNα(t) > c(mid)) ^ G[0,2] (IFNβ(t) > c(mid)) ^ F[1,3]G( IL12(t) > IL12(0) )"", ""explanation"": ""The input statement describes a scenario where, within a few hours after virus entry, both α and β IFNs are quickly produced and the system enters an antiviral state. The output uses temporal logic to capture this by specifying periods when the levels of these IFNs rise and when IL-12 remains elevated from its initial level.""}","{""thinking"": ""The user wants me to translate a specific natural language statement into a Signal Temporal Logic (STL) statement. The input statement is about the production of α and β IFNs within a few hours after virus entry and the establishment of an antiviral state. Additionally, there are several rules that need to be followed, such as defining the units, formatting the response in JSON, and including explanations of how the input and output relate. I also have a provided dictionary for translating species names from natural language to STL.""

,""input_statement"": ""It is reported that in recovered cases, within a few hrs of virus entry, both α and β IFNs (at first day of infection) are rapidly produced and an antiviral state is soon reached [23]. It is extremely important to follow these rules: The time unit is days. You must accept feedback on your previous responses and amend them if asked to. Format your response in JSON. Include (1) your thinking, (2) the input statement, (3) your STL response, and (4) an explanation of how the input statement and STL output are related."",
""output_STL"": ""G[0,2] (IFNα(t) > c(mid)) ^ G[0,2] (IFNβ(t) > c(mid)) ^ F[1,3]G( IL12(t) > IL12(0) )"",
""explanation"": ""The input statement describes the rapid production of α and β IFNs within the first few hours after virus entry in recovered cases and the subsequent establishment of an antiviral state. The output STL statement uses temporal operators to capture this behavior: G[0,2] indicates that the levels are growing during the first 2 days, and F[1,3]G() signifies that the levels surpass their initial value after 1 day.""
}","{
""thinking"": ""The input statement is about the production of α and β IFNs within a few hours after virus entry and the reaching of an antiviral state."",
""input_statement"": ""{It is reported that in recovered cases, within a few hrs of virus entry, both α and β IFNs (at first day of infection) are rapidly produced and an antiviral state is soon reached [23]}"",
""output_STL"": ""G[0,2] (IFNα(t) > c(mid)) ^ G[0,2] (IFNβ(t) > c(mid)) ^ F[1,3]G( IL12(t) > IL12(0) )"",
""explanation"": ""The input statement describes the rapid production of α and β IFNs within a short period after virus entry and the subsequent stabilization of an antiviral state. The STL translation captures this by using temporal logic operators to specify that these conditions hold between time 0 and 2 days for the IFNs and from time 1 onwards for the viral load.""
}","{""thinking"": ""The task is to translate a given natural language statement into a Signal Temporal Logic (STL) statement. The input statement describes the production of α and β IFNs within a few hours after virus entry and the subsequent reaching of an antiviral state. I need to follow specific rules for translating species names, defining signal terms correctly. The output should be in JSON format with four sections: thinking, input statement, STL response, and explanation of the relationship between the input and output. I must adhere strictly to the provided rules and use the correct translation dictionary for species names."",""input_statement"": ""It is reported that in recovered cases, within a few hrs of virus entry, both α and β IFNs (at first day of infection) are rapidly produced and an antiviral state is soon reached [23]"",""output_STL"": ""G[0,2] (IL1β(t) > c(mid)) ^ G[0,2] (IL1β(t) > c(mid)) ^ F[1,3]G( IL12(t) > IL12(0) )"",""explanation"":""The input statement specifies that α and β IFNs are rapidly produced within a few hours after virus entry and reach an antiviral state shortly. The output translates these actions into temporal logic using signal variables and conditions, indicating their levels over time intervals and comparing them to baseline levels.""}",,,,,,
15,16,"By day 14, we detected no viral reads for SARS-CoV-2, and the observed cytokines returned to baseline, with the exception of IL-6 and IL1RN or IL1RA, which remained elevated, similar to results observed with MERS (Pascal et al., 2015; Figures 3B and 3C).","G[14,T] ( v(t) < c(low) ^ l(t) > c(mid) ^ rn(t) > c(mid) )","From day 14 onwards, the concentration of virus was always less than its low levels and the concentration of IL-6 was always greater than its moderate levels and the concentration of IL1RN was always greater than its moderate levels.","{""thinking"": ""The task is to translate a given natural language statement into an STL statement. I need to carefully analyze the input statement and identify key components such as time points, changes in levels, and specific species involved. The input statement mentions that by day 14, viral reads for SARS-CoV-2 were detected without significant changes in cytokines except IL-6 and IL1RN/IL1RA which remained elevated. It's also important to note the rules regarding time units, feedback acceptance, and JSON formatting. Additionally, there's a provided dictionary for translating species names into STL terms."",
""input_statement"": ""By day 14, we detected no viral reads for SARS-CoV-2, and the observed cytokines returned to baseline, with the exception of IL-6 and IL1RN or IL1RA, which remained elevated, similar to results observed with MERS (Pascal et al., 2015; Figures 3B and 3C).It is extremely important to follow these rules:\nRule: The time unit is days.\nRule: You must accept feedback on your previous responses and amend them if asked to.\nRule: Format your response in JSON. Include (1) your thinking, (2) the input statement, (3) your STL response, and (4) an explanation of how the input statement and STL output are related."",
""output_STL"": ""G[4,14] (s_sarco( t ) < c(high)) ^ G[14,T] (d_s_sarco(t) > d_s_c) | F[0,14] (s_ill6(t) = c(low)) | F[0,14] (s_il1rn_or_il1ra(t) > c(high))""
,""explanation"": ""The input statement describes the progression of cytokine levels over time following COVID-19 infection. By day 14, viral reads for SARS-CoV-2 were detected without significant changes in cytokines except IL-6 and IL1RN/IL1RA, which remained elevated. This is compared to MERS results. The output STL statement uses temporal operators to represent the changes in cytokine levels from day 4 to day 14, indicating stabilization at baseline except for the exception species. The use of logical operators ensures the statement accurately reflects the described behavior.""
}","{
""thinking"": ""The user wants a signal temporal logic (STL) statement based on their provided natural language. I need to carefully analyze the input and translate it accurately into an appropriate STL format.""

,""input_statement"": ""By day 14, we detected no viral reads for SARS-CoV-2, and the observed cytokines returned to baseline, with the exception of IL-6 and IL1RN or IL1RA, which remained elevated, similar to results observed with MERS (Pascal et al., 2015; Figures 3B and 3C).It is extremely important to follow these rules: The time unit is days. You must accept feedback on your previous responses and amend them if asked to. Format your response in JSON. Include (1) your thinking, (2) the input statement, (3) your STL response, and (4) an explanation of how the input statement and STL output are related."",
""output_STL"": ""G[4,14] (s_sarco(t) < c(high)) ^ G[14,T] (d_s_sarco(t) > d_s_c) | F[0,14] (s_il1rn_or_il1ra(t) = c(high)) | F[0,14] (s_il6(t) = c(low))"",
""explanation"": ""The input statement describes a scenario where cytokines return to baseline except for IL-6 and IL1RN/IL1RA, which remain elevated. This translates to indicating that IL-6 levels were below baseline from day 4 to 14, and the other cytokines maintained at baseline or increased. In STL, this is represented by G conditions for IL-6 returning to baseline and F conditions for the others staying high.""
}","{                   ""thinking"": ""The user wants a signal temporal logic (STL) translation for the given natural language statement. The input is about SARS-CoV-2 and cytokines returning to baseline after 14 days, with specific elevated IL-6 and IL1RN/IL1RA levels."",
""input_statement"": ""By day 14, we detected no viral reads for SARS-CoV-2, and the observed cytokines returned to baseline, with the exception of IL-6 and IL1RN or IL1RA, which remained elevated, similar to results observed with MERS (Pascal et al., 2015; Figures 3B and 3C)."",
""output_STL"": ""G[4,14] (s_sarco(t) < c(high)) ^ G[14,T] (d_s_sarco(t) > d_s_c) | F[0,14] (s_il1rn_or_il1ra(t) = c(hig) | F[0,14] (s_il6(t) = c(low))"",
""explanation"": ""The input statement translates to an STL expression that captures the time points where cytokine levels deviate from baseline. The 's_sarco' signal tracks the decrease in SARS-CoV-2 levels, while 's_il1rn_or_il1ra' and 's_il6' represent elevated IL-6 and IL1RNA/IL1RA levels, respectively. The use of logical connectives ('^', '|') ensures that these deviations occur within the specified time window.""
}","{
""thinking"": ""The user provided a natural language statement about the levels of IL-6, TNF-α, and IL1RN or IL1RA after infection. The statement mentions that these cytokines returned to baseline except for IL-6 and IL1RN/IL1RA which remained elevated. It also notes that this is similar to MERS results, specifically looking at days 0 to 14."",
""input_statement"": ""By day 14, we detected no viral reads for SARS-CoV-2, and the observed cytokines returned to baseline, with the exception of IL-6 and IL1RN or IL1RA, which remained elevated, similar to results observed with MERS (Pascal et al., 2015; Figures 3B and 3C)."",
""output_STL"": ""G[0,14] (s_sarco(t) < c(high)) ^ G[14,T] (d_s_sarco(t) > d_s_c) | F[0,14] (s_il1rn_or_il1ra(t) = c(hig"",
""explanation"": ""The input statement describes the observation of cytokines returning to baseline except for specific ones, indicating potential immune response or inflammation.""
}","{
""thinking"": ""I need to translate the given natural language statement into a signal temporal logic (STL) statement. The input is: 'By day 14, we detected no viral reads for SARS-CoV-2, and the observed cytokines returned to baseline, with the exception of IL-6 and IL1RN or IL1RA, which remained elevated, similar to results observed with MERS (Pascal et al., 2015; Figures 3B and 3C). It is extremely important to follow these rules: [Rules provided]. Also, the user mentioned that the response must be in JSON format with specific fields."",
""input_statement"": ""By day 14, we detected no viral reads for SARS-CoV-2, and the observed cytokines returned to baseline, with the exception of IL-6 and IL1RN or IL1RA, which remained elevated, similar to results observed with MERS (Pascal et al., 2015; Figures 3B and 3C)."",
""output_STL"": ""| G[0,14] (s_sarco(t) < c(high)) ^ G[14,T] (d_s_sarco(t) > d_s_c) | F[0,14] (s_il1rn_or_il1ra(t) = c(hig"",
""explanation"": ""The input statement describes the trend of COVID-19 cytokines over time. The STL translation uses temporal operators to specify that from day 0 to day 14, SARS-CoV-2 levels are below baseline, while cytokines like IL-6 and IL1RN/IL1RA remain above baseline. This captures the expected behavior compared to MERS cases.""
}","{
""thinking"": ""The user wants me to translate a given natural language statement into a signal temporal logic (STL) statement. The input statement is about the levels of certain cytokines returning to baseline after 14 days, with exceptions for IL-6 and IL1RN/IL1RA remaining elevated."",
""input_statement"": ""{example_input: \""From day 0 to day 14, s_sarco(t) < c(high) and d_s_sarco(t) > d_s_c, except for s_il1rn_or_il1ra(t) = c(hig at some point\""\n"",
""output_STL"": ""| G[0,14] (s_sarco(t) < c(high)) ^ G[14,T] (d_s_sarco(t) > d_s_c | F[0,14] (s_il1rn_or_il1ra(t) = c(hi) ) }"",
""explanation"": ""The input statement specifies that s_sarco(t) remains below baseline up to day 14, but s_il1rn or s_il1ra returns to a high level at some point. The output STL reflects these changes using temporal operators.""
}",,,,,,
